GPA,study_hours_per_day,class_attendance_percent,sleep_hours,screen_time_hours,social_media_hours,gaming_hours,exercise_hours_per_week,exam_preparation_days,extracurricular_hours_per_week,final_exam_score,assignment_score
3.81,4.2,96,6.2,3.9,3.3,0,2.1,15,7.6,100,100
3.46,3.3,94,6.6,4.9,3.2,2.7,5,11,5.2,100,83
4,4.5,100,6.3,3.7,1.4,0,2.6,12,4.6,100,100
3.77,5.8,97,7.1,6.9,3.7,2.1,3.2,11,4,100,98
4,3.1,96,8.4,4.8,0.6,0,4.4,15,1.4,100,94
4,3.1,96,6.1,5.6,1.8,3.9,2.9,13,1.7,96,94
4,5.9,100,8.2,1.6,0,0.5,0,22,3.8,100,97
3.5,4.7,89,6.1,7.7,5.1,1.7,5.1,10,0,100,93
3.72,2.8,90,6,5.6,2.5,2.7,5.5,21,4.7,100,100
3.47,4.3,100,8,8.8,6.1,0.1,0,3,4.1,92,99
3.24,2.8,80,8.1,6.7,4,1.6,0.9,14,4.2,100,81
3.57,2.8,73,8,4.4,3.5,1.1,7,4,5.3,92,88
3.51,3.9,100,5.4,3.5,1.9,2.8,3.5,7,1.2,100,94
2.71,0.6,77,6.4,3.7,1.2,2.8,3,7,5.6,74,87
2.93,0.9,71,8,2.9,3.6,2,2.1,7,6.1,92,85
3.45,2.7,84,7,6.5,2.7,0,0.9,9,2,100,99
3.3,2,85,5.7,2.2,0.8,0.8,2.6,23,1.5,96,98
4,4,100,7.5,4.3,0.5,1.4,4.9,8,5,100,100
2.97,2.1,72,6.1,5.1,1.4,3.1,3,4,0.3,87,67
2.6,1.4,74,9.2,7.8,5.5,0,4.2,14,4.2,87,75
3.98,5.7,100,8.9,10.3,6.1,1.2,6.5,13,3,100,93
4,3.2,98,7.7,7,3.1,3.2,1.8,23,7.4,96,100
4,3.6,100,8.6,5.6,3,1.2,3.6,12,0,98,100
3.36,1.4,83,7.1,4.8,2.3,1.5,5,1,6.6,72,99
3.99,2.7,94,7.9,5.7,1.4,0,1.1,10,3.8,100,100
3.77,3.7,90,8.8,8.2,4.9,0.9,3.4,10,6,98,97
3.24,1.8,72,7.3,9.9,5.6,2.2,6.7,6,2.8,97,84
4,4.1,100,6.7,1.6,1.5,0.5,2.3,9,3.4,100,100
3.01,2.6,78,5,5.8,2.7,0,5.1,11,2.5,100,77
3.96,3.1,94,6.9,3.2,2.1,0.3,2.7,12,1.9,100,92
3.83,2.6,91,8,5.2,2.2,3.1,6.6,5,1.5,100,84
4,6.3,100,8.1,8.5,4.6,2,0,15,4.6,100,100
4,3.5,97,7.6,5.9,0.8,2.7,3.1,20,7.8,100,88
3.41,1.9,88,6.4,5.4,3.5,2.3,0,13,3.8,85,84
3.45,4.7,100,4.6,6.3,3.9,4.7,1.6,18,3.8,100,96
3.1,1.7,79,6.4,5.5,2.6,2.8,1.6,13,4.6,93,86
3.48,3.8,82,6.6,5.9,4.1,1.5,2.5,7,6,100,87
3.13,0.6,71,6.6,7.2,3,1.2,0.6,13,2.9,83,67
2.9,1.5,84,7.7,7.5,4.6,2.1,2.9,9,2.3,92,95
4,3.8,95,9.4,3.6,0.5,3.1,3.9,6,3,100,100
3.67,4.6,100,7.1,6,2.3,0.4,0,12,5.8,100,97
4,3.8,100,6.7,5.6,2.7,2.1,1.7,16,4.1,100,100
4,3.3,97,6.7,2,0,1.7,8.1,10,1.1,100,100
3.94,3,100,7.1,4.1,1.2,1.9,3.7,22,5.2,92,97
3.16,1.3,79,6,3.6,1.6,1.1,0,17,1.5,86,75
3.37,2.4,87,7.1,7.3,4.2,2.2,0.2,9,5.6,100,97
3.27,2.8,100,7.5,5.9,1.7,3.2,3.5,9,6.1,92,82
4,5.1,95,7.3,3.2,1.6,2,3.2,23,3.4,100,100
3.68,4,89,7.5,5.2,4,0,1.8,10,7.3,99,94
3,0.9,91,7.5,3.5,0.4,0.3,7.4,14,7.4,84,100
4,4,100,4.9,2.1,0,3.7,8.2,14,3.4,100,100
3.35,2.9,80,7.8,5.3,2.3,0,2.5,3,5.6,76,99
4,2.5,100,6.2,4,0.6,0,4.7,3,8.4,100,100
3.89,4.4,80,5.7,1.1,0.7,0.7,4.8,16,3.5,100,95
3.96,5,100,5.7,7.5,3.7,0.5,5.1,7,1.8,100,95
4,4.9,100,7.5,5.7,4.1,1.5,1.7,12,1.6,100,100
3.07,2.2,75,6.7,7,4,2.1,6.9,4,6.2,95,96
3.14,3,77,5,6.7,4.5,2,2.9,10,1.5,100,90
3.65,4,89,7.6,7,4.7,0.9,3.8,13,3.6,94,94
3.95,5,100,5.3,5,0,0.8,3,2,3.1,100,100
3.4,2.8,100,7.2,6.9,3.5,1.1,2.7,12,4.7,100,90
3.87,3.2,100,7.3,6.1,2,3.1,3.6,13,3.4,100,100
3.54,1.8,97,8.1,4.9,1.7,0.9,0.6,10,4.8,82,93
3.42,1.7,80,9.1,7.3,3.6,2,0,6,3.8,88,93
3.76,4.7,100,5.4,3.7,0.2,1.3,2.6,10,3.1,100,100
4,5.5,100,6.9,3.5,0.2,0.8,1.2,10,3.2,100,81
3.54,3.4,87,6.7,8.1,3.8,2.6,4.1,22,2.6,96,100
4,5,99,7.5,6.7,3.5,0.7,3.9,11,4.8,100,93
3.92,4,100,7.3,8.7,3,1.8,3,10,6.1,100,100
3.42,2.5,82,6.6,5.7,1.5,2.3,6,11,4.6,99,94
3.6,4,87,6.5,5.5,3.9,2.1,3,14,1.1,89,93
4,5.8,100,5.7,6.6,3.8,1.9,0.1,14,5.3,100,100
4,3.4,94,8.2,6.4,2.9,1.6,2.6,14,3.5,100,97
4,5.8,100,7.6,4.1,1,1.7,5.3,15,2.5,100,100
2.88,0.5,69,8.1,6,2.2,1.5,0,5,2.6,80,79
3.94,4.7,92,6.6,8.1,4.1,0.8,2.8,15,1.7,100,93
3.55,3.6,95,6.2,6.2,4.8,0.7,4.2,13,7.6,100,100
3.19,3.1,92,5.7,6.8,2.3,1.5,8.3,9,4.1,95,75
3.23,3.6,89,7.4,4.8,2.4,1.7,5.4,13,1.5,96,90
2.9,0.5,64,5.8,4.9,2.6,1.8,3.3,11,6.3,76,83
3.41,3.2,85,9.2,5.5,3.2,2.3,4,12,9.3,96,87
4,4,92,5.4,5.9,1.9,0,0,13,5,100,89
4,5.7,100,7.3,2.7,0,2,0.9,4,3.7,100,94
3.48,2.7,80,8.9,6.8,4.6,1.9,4.3,13,2,80,95
3.35,2.3,98,7.7,8,5.5,1.9,3.3,15,6.6,95,83
3.5,2.7,94,7.2,2.7,1.9,2.1,3.6,13,5.7,100,84
3.7,4.9,100,5.8,3.2,1.2,0.5,3.1,8,2.6,100,90
3.58,4,94,5.3,4.1,2.6,1.8,3,8,6.2,100,97
3.12,2.7,79,7.9,5.2,2.5,1.8,3.2,13,3.6,90,79
4,4.3,90,8.8,8.1,4.3,0,0.9,16,6.8,100,100
3.88,3.6,100,6.5,6.6,2.9,3.3,2.5,19,5.2,100,100
4,5,100,5.6,6.1,1.6,0.3,0.5,16,4.8,100,100
3.2,2.4,66,4.1,5,0.8,1.8,1.8,15,1.4,100,80
3.67,3,88,5.8,6.5,4.1,0,5.4,1,5,99,100
3.06,2.9,98,6.9,6.7,3.7,2.9,2.6,9,3,82,100
2.98,1.3,75,8.9,7.4,4.4,0.7,4.2,14,6.7,75,81
4,3.9,100,7.8,1.7,1.3,1,3.2,9,1.6,100,85
3.68,3.9,97,7.4,7.1,5.6,0.2,2.2,7,6.5,100,99
3.81,3.5,100,6.5,3,0.2,0.9,1,7,3.1,100,100
3.54,3.1,85,6.3,6.7,3.9,1.7,2.2,21,2,100,75
3.81,1.4,88,8.7,3.6,0,3.5,3.4,6,5,100,99
3.66,2.9,88,7.2,5.2,1.6,2.6,4.2,11,0.7,100,86
3.26,3,82,4.5,6,5.1,2.6,3.2,8,2.6,100,96
3.27,2.3,83,6.2,7.6,4,0,4.3,8,3.1,100,79
3.43,3.3,88,6,5.2,2,1.8,0,14,3.4,95,95
3.72,4.1,82,6.3,5.7,2,0.9,4.7,16,3.7,100,96
4,6.3,100,7.7,7.3,3,0.1,0.7,6,3.6,100,99
3.72,3.8,85,6.9,6.4,3.6,0.7,5,12,2.9,100,72
3.86,3.9,83,6.9,9.2,4.7,1.5,4,11,4.3,100,91
4,3.4,91,8.6,4,2.1,1,0,10,5.3,91,92
3.16,0.6,82,6.2,2.3,0.4,1.9,4.5,7,1.7,84,77
4,3.5,88,9.2,6.5,3,0,5,18,6.8,100,94
3.61,3.6,86,6.2,4.7,2.1,4.6,5.5,7,1.1,100,94
4,7.2,100,7.1,4.1,0.8,1.8,1.5,5,6.7,100,100
3.36,3.2,83,6.7,8.6,3.2,0.9,3.4,17,2.9,100,100
3.99,4,88,7.1,6,2.5,1.1,4.4,13,5.7,100,100
3.95,3.4,99,7.5,6.6,3.3,0,4.5,6,3.1,100,100
3.32,1.7,83,7.5,3.5,1.5,0,3.8,12,6.9,75,91
4,5.2,100,6.1,4.5,3.5,1.3,2.1,9,0.5,100,100
4,4.6,100,5.7,3.7,0.8,1.8,5,19,3.1,100,84
4,4.7,100,10,5.9,1.6,0,5,11,2,100,100
3.4,2.1,88,6.4,5,2.4,0.3,2.7,15,1.2,89,100
3.4,5.6,100,7.8,8.9,5.4,1.7,1.4,12,6.3,100,96
2.33,1.4,60,5.1,8.7,4,0.1,1.5,19,2.7,74,71
3.84,4.4,98,6.7,9.1,4.4,2.7,5.7,13,3.3,97,100
3.93,6.8,100,6.8,8.4,4.9,1.9,4.9,18,0.9,100,100
2.82,2,80,7.6,11.2,8,0.9,3,15,4.7,83,100
3.24,2.7,73,3.7,4.1,2.9,1.7,2.6,9,2.9,84,88
3.73,3.6,87,7.2,7.1,4.9,0.4,0,12,3.5,91,94
3.19,2.7,70,5.6,7,4.3,0.4,2.8,11,1.6,99,79
2.52,1.2,81,7.4,6.3,4.3,3.4,0.6,9,6.6,68,86
3.61,3.6,96,5.8,8.8,5.5,3.7,3.3,7,6.9,100,95
3.35,1.9,77,6,7.5,2.2,0.9,5.4,19,4.9,100,94
4,4.2,97,6.7,6.9,2.1,1.5,1,2,4.4,100,96
2.94,2.1,73,5.7,6.6,3.3,0.9,3.5,19,5.4,92,87
4,5.8,100,6.4,6.4,2.5,3,5,5,6.8,100,100
3.02,2.3,86,5.6,5.4,3.3,4,3.4,15,1.1,97,88
2.82,3,76,4.8,9.9,5.1,0.7,2,9,0,95,84
4,4.7,100,8.2,3.2,2.1,0,3,4,10,100,100
2.77,1.7,78,5.4,6.4,2.3,2.7,4.9,18,0,89,82
3.5,3.8,100,6.8,6.7,3.1,2.4,3.5,1,2.9,100,100
4,5.5,100,7.9,4.6,2.5,3.2,3,16,4.5,100,100
3.12,1.1,89,6.3,2.7,0,1.8,5.3,13,4.4,92,100
3.9,3.8,100,6,3.5,1.9,0,4,17,3.6,100,100
3.7,3.9,81,7.3,5.5,3.8,0,0.6,15,5.5,100,100
3.97,4.7,99,8.3,6.1,5,3.9,4.3,15,3.9,100,100
2.74,1.6,79,5.6,5,1.1,1.4,4.9,16,2.6,83,76
3.31,1.5,76,6.8,5.5,1.1,0.4,0.5,16,4.7,96,94
3.92,4.3,98,4.9,3.2,2.8,0,0,14,1.2,84,100
4,3.9,100,6.5,5.2,0,2.1,0.9,10,6.8,100,91
3.25,3.9,81,7,5.1,2.1,1.6,2.8,11,4.2,94,92
3.76,4,83,6,3.5,0.2,0,5,13,2.3,100,100
3.51,2.5,94,6.5,6.1,4.9,0.3,1.2,11,3.6,91,88
4,3.8,92,5.3,6.2,1.6,0.5,4.1,23,4.1,100,100
3.61,3.9,92,7.1,8.5,5.3,2.1,0,12,3.4,100,96
2.82,2.4,76,8.3,8.9,4.5,3.7,3.4,6,8,89,79
4,6.3,100,5.7,6.3,1.8,1,2.2,11,3.5,100,100
3.87,4.2,100,6.3,5.8,1.2,3.6,7.2,8,0.4,100,100
3.44,1.7,86,7.6,4.7,2.5,1.5,0,22,2.4,93,99
4,4.5,100,8.5,5.4,2.6,0.4,3,12,4.7,100,99
2.82,2,64,5.2,5.6,3.3,3.3,0,15,7,91,79
3.55,4.7,100,6.8,5.7,1.6,2.1,1.9,15,5.3,100,76
3.74,5.2,100,7.3,7.3,3.9,3.2,0,17,1.7,100,99
3.4,2.3,79,6.9,7.5,3.2,2,7.6,13,1.4,90,97
3.78,4.9,100,4,6.6,2.3,4.7,2.3,10,2.4,100,91
4,4.1,94,7.6,2.6,1.7,1.9,2.6,12,0,100,93
4,4.7,100,8.8,7.1,2.5,2.2,2.9,6,7.6,100,100
4,6.3,100,7.1,5.7,1.6,0.6,0.7,11,4,100,100
2.88,3.1,89,5.8,5.5,2.9,2.7,5.1,21,4.6,83,93
3.58,2.4,80,6.4,6.3,2.9,1.3,4.3,16,5.6,100,92
3.61,2.2,83,9.1,6.1,3.2,2.4,4.8,11,2.6,100,89
3.07,2.3,85,8.1,9.1,5.4,3.4,0.6,22,3.5,88,82
3.73,3.4,91,7.8,5.2,2.6,1.6,5.3,9,2.4,97,90
3.84,4,100,7.4,7.9,4.3,2.4,5,14,3.2,100,92
3.62,3.9,82,6.2,6.2,3.1,3.3,2.5,10,4.6,98,86
4,4.7,100,6.8,4.9,2.4,0.2,4.8,11,2.9,100,100
4,3.5,95,6.9,5.8,2.6,1.7,3.5,14,4.8,100,94
3.98,5.7,100,7.7,8.9,2.7,0,0,15,4.6,100,100
3.89,3.1,88,8.8,5.4,3.2,1.3,2.6,11,5.8,100,88
4,7.6,100,8.3,4.1,1.4,2.7,2,8,8.2,100,100
3.75,4.4,100,5.3,2.8,0.6,0,3.2,21,6.1,100,95
3.43,2.2,88,7.3,6.1,3.8,0.4,5,13,3.7,100,95
3.21,1.9,76,7.9,8.1,4.1,0,0,7,2.5,93,89
3.92,4.2,94,7.7,7.8,3.9,2.6,2.1,7,4.5,100,100
3.61,3.2,93,6.2,6,3,2.1,1.4,22,2,100,91
4,4.6,95,10,8.2,4,3,1.4,24,0,100,98
3.54,4.2,98,5.5,7.9,3.9,2.7,1.4,14,6.5,100,100
3.32,3.4,86,5.7,6.8,4,0.8,3.1,9,2.3,100,88
3.34,2.2,96,7.3,2.7,1.5,1.3,4,14,5.8,99,83
3.35,1.2,82,9.5,5.2,1.2,1,3.7,10,5,92,91
3.52,2.8,100,6,5.4,2.2,3.4,3.4,15,4.5,95,93
4,4.8,100,6.7,5.8,2.8,2.2,4.2,14,5.5,100,97
3.9,3.8,100,8.3,4.8,2.4,2.8,7.8,12,2.7,88,100
3.53,1.6,80,7,3.9,0,2.5,3.3,12,2.5,100,95
3.08,3.8,91,6.6,8.8,5.4,0.9,5,11,0,90,97
3.81,4.1,95,7.7,5.1,2.4,0.3,4.9,17,5.9,100,100
3.19,2.2,71,7.3,4.6,3.1,2.1,6.6,11,7,91,91
4,3.7,91,8.2,9,4.7,3.4,4.1,22,5.5,100,96
4,3.6,100,8.5,3.7,0,1.9,1.3,23,3.4,100,93
3.18,1.8,83,7.4,5.3,2,0,3.6,10,6.5,98,84
4,4,96,7.4,2,2.2,2.2,3.5,10,6.8,100,90
4,4.3,98,7.3,5.3,2.3,0.8,4.6,12,1.3,100,99
4,5.1,100,7.6,5.2,2.5,0,1.3,9,3.3,100,88
3.95,5.1,100,7.1,7.3,5,3.6,5.5,16,0.6,100,100
2.96,1.4,63,7,7.7,3.8,0.4,3,18,1.4,89,85
3.55,2.1,79,8.4,8.1,4.2,3.2,4.7,18,6.4,99,95
3.72,4.3,99,8.8,6.4,2.9,3.3,3.6,11,5.1,99,100
3.79,4.3,93,5.2,4.9,0.7,2,3.2,11,3.5,100,94
4,4.3,100,7,1.8,0,0.4,3.5,2,2.8,100,91
4,9.3,100,6.2,3,0.5,3,4.3,9,1.8,100,100
4,4.4,93,6.6,6.4,3.3,0.5,6.9,7,5.1,100,97
4,5.2,100,7.5,5.1,2.8,1.4,0,6,4.6,99,91
3.81,4.9,93,7.8,6.4,2.5,1.2,4.1,10,6.2,100,100
4,4.5,84,6.9,4.6,2.2,1,3.1,10,5,100,100
3.27,3,89,4.7,10.4,5.8,1.8,2.6,12,5.2,89,100
3.8,4.6,100,5.8,3.5,1.6,0,0,19,3.3,100,95
3.28,2.3,87,8.1,9.8,4.2,0.6,4.2,18,3,87,87
3.22,3.1,86,3.7,8.2,2.8,0.3,2.8,6,3.8,100,97
3.33,2.8,89,8.4,5.6,2.7,2.2,1.3,14,1.7,100,87
4,3.6,100,7.6,9,4.6,2.4,3.1,8,3.1,97,98
4,7,100,8.6,7.5,5,1.2,2.4,13,4.4,100,100
3.28,0.7,95,6.8,6.6,2.4,2.3,0,19,4.2,80,100
3.76,4.5,100,4.5,6.8,4,1.4,3.2,10,5.5,100,81
2.96,1.1,80,7.5,4.8,3.3,1.1,4.2,7,4.6,96,83
3.73,2.8,89,8.5,1.6,2.8,1.9,1.9,12,4.7,99,88
4,5.1,100,8.1,5.8,3.1,1.8,3.5,19,2.1,100,100
3.65,3.6,91,6.2,5.1,1.8,0.1,3.2,22,10.6,100,86
3.39,1.9,87,7.1,6.9,2.3,2.7,5.1,9,3.4,85,95
3.73,2.4,91,6.4,4.9,1.9,0,2.8,13,7.8,82,81
3.45,4.5,85,6,8.4,4.2,0,4.6,13,0.8,100,97
4,2.4,100,8.1,5.2,2.7,0.2,2.4,5,5.2,100,100
3.83,3.8,90,5.6,3.5,0.9,1.5,6.9,5,3.9,98,97
3.43,3.6,72,5.9,6,1.7,3.5,2.1,14,2.9,100,77
3.62,2.5,88,5.7,1,0,3.2,1.6,10,4.7,99,95
4,6.7,100,5.2,5.1,2.1,0.3,2.8,5,2.5,100,100
3.93,4.5,100,7.2,5.4,2.9,1.4,1.5,15,7.8,100,100
3.32,0.5,76,8.4,7.2,2.6,0,0.5,12,6.5,85,93
3.56,3.8,92,6.8,8.2,5.8,0.6,4.5,12,4.2,89,83
3.34,2.5,89,5.2,7.3,3.7,4,0,7,2.5,100,98
3.98,4.8,94,8,7.7,3.6,1.2,1.6,3,5.6,100,100
3.69,2.3,91,9,1.5,0.3,3,0.3,9,0.6,100,80
3.56,3.3,96,6.2,5.1,2.3,2.6,3.3,12,0.9,100,83
3.99,4.3,93,6.4,4.6,2.1,0.6,0,8,2.1,100,98
4,4.8,91,7.6,5.7,1.6,0.4,4.1,7,0,100,89
3.98,1.7,91,8.9,5.4,1.6,1.4,4.3,10,0,91,100
3.45,3,89,6.4,2.8,0.1,1.3,0,12,6,91,96
3.37,2.8,84,5.4,2.6,0.9,2.7,3.4,19,2.8,100,95
3.8,2.5,86,7.8,8.3,4.1,1.1,4,13,4.3,92,82
4,6.1,100,8,5.5,2.6,2.6,4.9,5,3.2,100,96
4,4.1,100,7,3.1,2,0.6,0.1,2,3.5,100,100
3.25,1.6,68,6.3,4,2.8,1.5,0,1,1.6,80,77
3.55,4.9,100,8.2,8.1,4.6,0.2,6,14,3.6,100,90
4,6.7,100,7.6,4.3,2.8,0,1.4,7,2.5,100,100
4,5,97,6.1,8.8,3.6,0.3,1.9,14,3.5,100,98
2.94,1.2,73,7.1,3.4,1.5,2.2,4.3,18,1.1,86,88
3.48,2.8,87,5.4,4.9,1.9,3.3,0.7,15,4.1,100,79
4,5.4,100,7.8,6.5,3.3,1.3,2.5,11,3.6,100,100
3.49,2.4,80,6.7,7.7,5.6,2.1,4.8,21,2.6,96,89
3.6,4.2,95,6.5,5.2,4.9,1.1,0.2,10,6.7,100,94
4,4.7,100,7,6.9,3.7,0.9,2,7,1.8,100,98
3.53,2.1,84,7,5.1,3,2.9,0.7,14,3.3,100,87
3.45,3.4,100,8.1,8,4.9,3.2,1.5,16,3.7,94,92
2.89,0.5,57,7.7,6.9,4,3.3,5.4,1,5.5,91,78
3.64,2,70,6.8,3.3,0,2.6,5.8,18,5.9,100,84
4,3.1,96,7.9,6.1,1.2,1.1,3.5,4,0,100,100
3.49,1.6,82,7.5,5.6,3.3,0.7,4.1,2,7.3,100,94
4,5.9,100,6.5,2.5,0.1,0,4,10,6.4,100,88
3.06,1.4,81,6.9,2.5,1.5,4,1.7,7,2.1,90,88
4,2.8,98,6.8,4.6,1.8,0,3.5,14,7.3,96,94
4,3.7,100,7.6,5.9,2.4,1.5,0.4,14,5.2,98,95
4,5.7,100,6.6,4.8,2.4,0,1.1,14,5.1,100,100
3.05,1.3,79,6.5,5.9,2.4,2.9,2.8,18,2.9,97,70
4,5.2,100,9.4,6.8,4,2,0.9,10,4.5,100,98
3.78,3.5,86,8.1,3.8,2.4,3.2,0.5,14,4.5,99,100
2.91,2,75,6.1,5.6,2.2,1.8,1.6,4,1.2,98,79
4,4.2,100,7.7,3.6,0.8,2.4,5.3,17,1.8,100,100
3.72,3.8,78,7.1,7.4,4.3,2,6.1,9,2.5,100,94
3.48,2.6,81,7.5,4.1,1.8,3.2,2.9,11,2.2,89,78
3.62,3.6,87,7.2,3.4,1.2,2,4.2,10,5.3,100,97
3.84,2.9,98,8.4,6.3,3.1,2.8,1.9,12,3.2,99,95
4,3.7,89,7.4,4.3,1.6,4.1,0,10,9.5,97,97
3.94,4.5,100,6.9,7.1,2,0.5,1.2,1,6.4,99,98
4,5.9,100,8.3,7.2,3.2,0.5,2.4,18,1.5,100,100
3.37,1.6,95,7.3,6,2.3,3.1,3.3,9,3.5,100,100
4,6.7,100,7.1,9.1,6.3,1.8,2.8,10,3.8,100,100
3.11,0.6,82,7.4,3.3,2.7,1.9,2.4,11,1.9,93,84
3.74,3.3,93,6.9,5.7,3.7,2.4,1.9,15,2,94,94
4,4.4,100,7,2.2,0,1.8,3.7,10,2.4,100,92
4,3.9,97,6.3,4.2,1.5,0,0.3,17,4.1,100,91
3.99,2.6,88,6.1,4.2,1.2,1.8,4.6,21,7.1,95,100
3.49,3.2,88,5.8,5.2,1.4,0.1,1.8,20,3.9,98,83
3.2,2.8,91,5.3,6.7,3.4,2.2,7.1,13,4.6,97,87
2.88,2.6,100,5.9,8.8,4.4,2.1,2.4,9,4.7,77,82
3.91,4.8,100,6.8,5.9,3.3,1.9,2,9,5.5,100,97
3.81,4,100,7.1,5.8,2.5,1.3,1.9,10,3.5,100,88
3.61,2.5,91,6.7,5.3,1.9,4.2,2.1,8,6,100,96
3.42,4.8,72,4.2,7.8,4.5,4.4,4.2,14,4,100,92
3.32,4,98,8.9,10.4,5.9,0,2.9,11,4.3,100,99
3.8,4.7,100,8.3,7,3,0.9,5,12,0.3,100,98
3.65,4.4,87,7.5,5.6,4.2,3.7,3.9,10,4.7,100,95
3.47,2.3,74,9.3,6.2,3.3,2.8,3.1,14,2.9,98,86
3.85,2.7,86,5.8,6.9,3.9,1.2,3.7,13,4.7,100,95
4,4.6,100,9.3,6.7,1.1,3.1,5.4,10,1.7,100,100
3.89,4.4,95,5.8,4.7,2.1,0.5,4.3,11,4.6,100,100
3.44,3.5,90,7.3,5.2,3.4,0.6,3.6,11,0.2,100,93
3.4,3.7,100,5.5,8.1,4.6,1.5,3.8,15,5.9,100,76
4,5.4,100,7,5.2,1.6,2.1,0.7,8,1.6,100,98
4,2.6,83,7.5,2.9,0,2.1,8.1,10,5.7,100,100
4,4.3,94,6.8,4.8,2.1,1.9,4.1,3,2,100,91
3.81,3.2,100,7.9,8.4,4.3,1.7,4.3,7,4.8,100,94
3.75,3.2,90,7.1,2.4,0.4,1.3,2.9,11,2.8,100,89
4,5.1,100,6.4,3.6,1,1,0,10,2.5,100,97
4,4.7,100,6.3,5.4,3,1.5,2.5,2,5.2,100,100
4,4.7,100,8,6.9,2.6,1.9,3.2,15,2.8,100,100
4,5.5,100,6.2,7,3.7,0.5,1.4,8,5.4,100,100
4,3.5,100,8.1,2.7,1,0,1.3,4,3,100,100
4,4.5,100,8.5,4.1,2.3,1.6,2.3,14,5,100,100
3.06,3,91,5,9.8,4.6,1.7,4.5,16,5.2,100,94
3.71,4,93,8.4,5.3,1,1,5.5,1,2.7,100,100
3.71,3.3,93,9.5,9,5,0.8,3.3,15,4.2,92,88
4,3.6,93,7.3,4.2,1.2,1.7,1.9,11,3.7,100,96
3.56,4.4,100,7.7,8.9,4.1,1.4,2.3,11,3.9,100,95
3.44,2.3,87,8.2,3.9,2.2,1.4,3.2,6,5.3,88,94
4,6.6,100,6.7,5,1.1,4.1,3.4,11,1.2,100,100
3.18,2,81,7.2,4.6,2.1,0,3.9,12,6.3,80,93
2.61,1.7,76,5.4,6.3,3.6,0,2.1,23,0.5,85,77
3.57,5.2,100,7.2,6.7,2.8,1.3,4.1,15,2.9,100,100
3.63,4.7,91,7.6,7.3,4.5,2.4,3.9,12,4,100,99
3.76,4.4,100,7.6,7.5,5,0.6,2.2,18,3.2,100,100
4,4.4,100,8.3,3.4,1,0,0,16,6.7,100,95
3.71,3.5,98,6.1,1.5,0.9,1.3,1.2,5,4.9,100,89
3.49,2.2,91,6.4,4.7,0.8,1.3,6.1,15,3,92,93
4,3.6,100,9.3,3.3,1.5,0,0,12,4.2,100,100
3.07,2.5,76,6.8,9.7,4.5,2,5.6,8,6.3,87,87
4,5,100,7.2,6.3,3.6,1.3,0,7,6.3,100,100
4,3.3,77,6.9,6.6,2,2.2,1.5,11,6.5,100,92
3.1,2.3,72,6,3.6,2.8,2.1,2.3,12,4.5,87,93
3.26,3,88,8.9,8.8,4.9,0,6.6,18,4.8,99,92
3.79,4.1,100,6.4,9.9,5.7,1.5,3.1,1,3.7,100,92
3.78,2.7,96,5.6,7.8,3.2,1.4,2.6,6,5.2,100,90
3.03,2.3,97,6.5,1.2,0,0.9,1.1,13,5.6,95,80
3.41,3.9,78,4.6,5.4,3.2,1.9,4,11,6,99,87
3.59,3.9,94,6.2,7.9,4.2,1.1,2,13,6.1,85,86
3.71,2.7,77,5.8,6.3,3.1,0.6,2.5,10,4.4,100,97
3.08,2.8,87,7.7,7.3,3.9,1.2,2.3,13,4.1,87,83
3.91,3.8,100,6.2,5.9,3.3,0.4,4.4,4,3.2,100,96
3.7,1.3,89,8.1,5.8,0.9,1.6,4.5,22,2,87,93
3.26,1.4,94,8.7,7.6,1.5,0.8,1.2,14,4.3,86,95
3.58,2.4,77,7.9,5.4,2.3,1.1,1.7,14,3.9,87,90
3.4,3.2,79,6.7,7.9,4.4,0,1.5,7,3.8,91,80
4,4,100,7.2,4.8,1.7,0,3.4,9,6.2,100,98
4,5.7,100,5.2,8,3.5,2,4.8,15,4.7,100,98
4,4.8,100,6.8,7.3,3.3,3.1,3.4,10,4.3,100,88
3.28,3.3,85,6,6.9,5.2,1.5,0,13,4.4,99,93
3.5,3.5,100,7.8,5,2.7,3.7,4.5,8,5,100,93
4,2,98,10,2,0.2,2.2,0.3,5,3.2,93,100
3.68,3.5,97,7.6,10,3.8,1.2,1.6,18,4.7,100,91
2.75,3.1,72,4.6,9.8,6,3.5,3.4,8,5.6,72,64
3.96,4,100,6.6,6.2,3.9,0.5,2.8,17,2.7,100,100
3.72,2.3,86,7.1,3.8,1.6,2,4.7,8,0,86,88
4,4.3,91,7.1,5.2,1.2,1.8,1.8,11,0.4,100,94
4,5.8,100,6.1,5.5,1.4,0,1.1,10,1.2,100,100
3.18,3.3,81,7.3,9.8,5.8,1.1,2.4,11,1.9,95,73
3.46,4.1,100,5.5,4.8,2.3,3.8,5,16,1.6,99,100
4,4.5,94,5.9,5.2,1.8,0.9,4.3,20,0,100,91
3.4,2.9,94,7.8,5.7,2.6,0.8,3.2,11,6.6,92,93
4,3.8,77,5.8,4.2,2.3,2.2,5.7,13,0.8,100,92
3.64,3.5,97,7.6,7.1,5.2,0,5.3,11,6.8,90,100
3.58,3.6,87,5.4,4.8,1.3,2.5,4.6,12,6.3,100,95
3.63,2.3,88,9.1,7.8,4.6,1,0.6,8,4.4,86,82
3.84,3.5,94,6.1,6.7,3,0.1,4.6,7,4.5,85,91
4,4.2,99,6.7,8.5,4.6,2.7,2.6,14,3.7,100,100
4,5.7,100,7.4,10,5.2,2.1,2.2,13,4.8,100,100
4,4.9,100,6.3,5,2.9,3.4,1.6,18,6.1,100,100
4,6.7,100,7.2,6.1,2.3,2,2.7,12,5.3,100,100
3.96,2.3,100,7.7,6.8,2.9,1.7,1.7,12,4.6,100,95
4,4.8,100,8.2,5.3,2.7,1.8,3.3,15,3.6,100,100
4,3.8,100,7.9,3.4,0.3,1.3,2.7,17,0.1,100,100
4,6.8,100,6.8,7.8,5.1,0.3,3.4,11,4,100,97
3.24,2.3,85,6.8,8.7,3.2,2.4,4.1,1,2,100,91
4,2.2,96,9.8,4.2,1.1,1.3,2.4,7,3.6,82,98
4,2.6,97,8.1,3.5,0,2.6,1.5,17,2.9,97,87
3.08,0.5,77,5.9,2.7,0,0.6,0,21,6.5,83,98
4,2.7,100,7.1,6.4,4,0.4,4.5,19,7.1,100,97
3.91,2.4,100,6.6,3.3,1.9,1.6,3.2,10,5.3,100,100
3.91,3.7,98,6.8,6.4,2.1,1.6,2.6,10,4.3,100,87
3.62,4,100,5.5,7.4,3.5,1.8,5.3,16,1.1,100,94
4,6.3,100,6.5,4.6,2,1.3,0.4,15,3.8,100,99
4,4.9,100,9.2,5.5,3.6,3,3.1,1,5,100,100
3.56,2.6,92,7.7,6.1,2.9,0,1.1,12,6.3,100,98
2.77,2.2,83,4,5.1,2.7,0.8,4.3,12,6.6,93,80
3.91,4.2,100,8.5,3.1,0.4,1.6,0,6,5.1,100,100
3.71,1.5,78,8.3,3.1,1.6,1.6,4.6,9,4.9,82,98
3.92,6.2,100,6.6,7,3.7,1.2,4.5,13,4.2,100,100
4,5.3,100,7.9,5.1,1.8,0.2,1.2,11,2.4,100,100
3.58,2.8,87,6,8.9,4.6,0,3.1,17,1.5,100,95
2.57,0.9,70,6.4,9.1,6.3,2.5,1.2,21,4.5,92,81
4,5.5,100,8.8,6.4,3.8,1.7,3.9,17,4.2,100,100
3.58,3.3,80,6.7,6.1,5,2.7,4.6,14,5.9,100,77
3.5,5.4,100,4.8,8.2,3.9,0,1,11,4.4,100,100
3.4,1.1,81,6.9,6.1,2,0.2,0.4,16,8.2,77,84
3.49,2.6,100,6.9,6.1,3.1,1.2,5.2,9,3.1,94,100
3.83,3.5,96,8.4,7.2,5.8,0,6.9,9,8.3,97,96
3.89,3.6,90,7,3.5,2,1,4,6,4,100,100
3.84,2.8,79,6.5,3.5,1.2,2.6,4.1,4,7.1,98,100
4,4.4,100,8.3,5.3,1.1,0.4,2.3,18,1.4,100,94
3.37,1.9,74,7.1,5.8,2.5,3.1,3.4,13,3.2,89,87
3.47,3.3,87,6.1,2.5,1.3,0.5,3.7,15,5.1,100,92
3.29,3.7,84,8.4,8.8,5.3,2.5,2.6,11,5.2,92,84
3.98,4.3,94,7.2,5.1,3.1,0.4,5.7,21,5.4,100,98
4,4.6,100,7,6.7,4.3,3.3,3.4,21,4.4,100,99
3.43,1.8,74,7.2,6.6,2.4,1.9,3.6,12,2.1,85,90
3.16,1.2,74,5.7,5,1.1,2.1,2.7,12,2.1,85,94
4,5.4,98,6.4,5.1,0.8,0.2,2.9,11,4.2,100,100
4,4,86,7,4.4,1.4,0.6,5.4,6,2.9,96,100
3.13,2.4,82,6.8,7.4,3.3,2,3.3,10,4.8,97,79
4,5.8,100,8.5,5.9,3.6,2.3,3.3,10,1.3,100,92
3.74,3.7,84,7.3,6.4,3.7,0.2,3.4,1,2.7,100,89
4,5.3,100,8,3.2,0.6,3.2,2.3,1,8.1,100,100
3.4,3.6,79,7,5.8,2.8,1.7,0.2,12,5.8,100,86
4,6.6,100,8.3,2.8,1.3,2.2,6.1,16,4.7,100,99
4,6.1,100,7.5,6.1,3.4,1.9,5.1,8,6.4,100,100
3.43,3.1,77,7,8.2,3.5,0,5.5,21,5.9,95,76
3.7,5,100,7,2.7,1,3.5,0.9,11,8.4,100,95
4,4.5,100,5.9,5.7,4.3,3.4,5.9,8,4.6,100,98
4,5.6,100,7.6,7.8,6.3,1.1,6.9,5,1,100,99
2.69,2.1,80,7,10.3,4.1,4.1,5.1,12,4.8,96,90
3.63,4.5,100,6.4,6.2,2.6,1.7,6.3,2,4.6,100,83
4,5.1,100,8.3,5,2.3,1.8,4.6,8,4.6,100,93
2.88,0.9,66,5.5,5.6,2.5,1.2,1.3,12,4,72,83
3.12,1.7,84,6.5,5,1.7,1.3,4,5,5.5,74,92
2.87,0.5,62,8.2,5.4,3.2,4,1,9,7.1,74,90
3.89,3.1,81,7.4,3.5,1.1,2.6,1.8,12,4.7,100,100
4,4.6,100,6.9,2.8,0,1.7,3.6,6,6.6,100,97
4,5.8,100,7.3,5.2,3.1,0.9,3.4,15,6.4,100,90
4,3.6,100,7.2,5.3,2.8,0.9,3.9,17,2.7,94,100
4,5.9,100,5.2,5.3,1.9,1.2,0,7,2.2,100,100
3.49,1.4,88,6.6,2.7,0.9,0.2,2.7,11,3.6,81,98
3.04,0.9,89,8.9,9.3,3.2,1.8,4.1,11,3.5,80,95
4,3.4,94,6.2,5.2,1.3,3.4,4.5,14,5.3,90,96
3.62,4.1,100,6.6,4.1,2.6,3.1,4.6,11,4.8,100,90
3.74,3.5,100,6.4,5.4,5.4,0,3.5,8,0.6,100,100
2.84,0.5,64,6.9,6,3.8,1.6,2.2,7,3.4,82,76
4,3.4,93,6.3,4.5,0.7,0,4,16,0,100,92
3.46,1.5,97,7.6,4.5,0.9,2.6,2.4,9,0.3,87,86
4,4.5,92,7.2,5.9,3,1.4,4.8,8,0,100,90
4,4,100,7.9,3,0.7,4.2,3.9,17,3.7,100,100
3.17,2.1,81,5.7,1.9,0,2.1,2.9,13,2.6,95,88
3.56,2.7,96,6.6,6.1,3.6,0.3,1.5,7,2.7,100,92
3.2,1.9,71,6.7,5.1,3.3,0,5.2,11,5.9,86,75
3.9,3.4,91,7.5,6,3.5,1.6,4.1,7,3.3,100,94
3.82,4.9,92,6,7.8,3.2,1.9,7.2,6,0,100,100
3.24,2,73,8.1,4.8,2.7,0.9,4.1,9,2.8,87,82
4,4.3,88,8.4,5.5,1.8,1.2,4.2,11,7.6,100,98
3.03,2.7,82,5.8,7.5,3.6,0.5,0.1,9,2.6,91,84
2.95,2.3,83,6.4,6.8,5.1,1.8,3.6,15,5.6,84,95
3.35,3.3,92,6.4,4,2,0.9,2.4,15,3.8,74,90
3.81,1.9,93,10,5.6,1.3,0.8,4.7,8,3.4,100,100
3.41,2.7,86,6.5,3,1.1,0,3.7,11,8.2,100,84
3.48,1.7,95,9,4.4,1.5,3.7,5,10,4.3,100,95
4,6.4,100,5.5,8.5,3.1,0.4,7.3,7,2.8,100,86
3.48,3.6,98,5.8,4.2,0,2.4,1.4,13,1.8,85,95
3.13,2.5,85,6.2,6.6,3.5,1.2,4.9,3,1.2,97,91
3.52,3.8,87,6,7.8,3.8,1.9,4.4,7,5.9,89,91
3.8,3.3,100,6.7,3,0.1,1.4,7,6,5.4,100,100
3.41,3.2,98,6.1,5.5,1.3,0.8,4.4,7,4.7,100,91
4,4.4,96,6,3.4,2.9,1.2,4.2,7,3.6,97,100
4,4.6,100,8.4,5.4,2.6,0.2,4.7,4,3,100,100
3.6,2.7,86,8.5,4.1,3.6,3.7,4.8,11,3.8,98,86
3.36,2.6,87,8.1,5.8,2.6,1.1,5.9,10,3.2,86,100
3.22,3.1,89,7.6,7.4,4.7,2.3,1.4,12,5.6,99,93
2.74,0.5,59,7.1,6.9,2.3,2.4,2.2,13,3.6,72,79
2.59,1.2,77,6.4,5.2,1.3,2.2,6.5,14,5.3,61,86
3.82,5.6,100,5.9,3.6,1.2,2.2,0,8,2.5,100,90
4,6,100,7.4,6.4,3.9,0,2.8,12,6.4,100,95
3.58,3.1,89,5.6,6.3,2.8,0,3.3,11,6.4,100,97
3.57,4.4,95,5.8,6.1,3.8,0,2.6,11,3.9,100,87
3.99,4,100,8.4,6.7,3.7,0.2,6.2,10,5.4,100,100
4,8.1,100,9.3,4.6,0,2.1,4,8,4.7,100,100
4,5.2,100,7.5,3.1,1.1,4.9,2.2,11,4.6,100,100
3.84,3.3,100,8.3,3.8,1.3,3.9,1.7,10,4,100,98
3.51,2.1,100,6.7,4.2,1.6,3.3,3.6,13,3.2,96,86
3.24,1.1,80,5.4,9,2.2,0.1,5.3,17,6.3,89,93
3.34,3.8,87,7.7,8,4.3,2.9,3.3,7,3.4,100,92
4,2.4,82,7.7,9,4.6,1.7,2.7,9,1.8,100,100
2.73,1.4,75,7.1,6.3,2.4,0,1.6,24,3.5,73,83
3.7,2.5,86,6.7,6.4,2.4,3.7,3.7,3,5,100,97
3.57,1.9,95,8.2,5.3,1.7,0.8,3.6,4,2.3,100,94
4,6,100,5.8,6.3,2.9,3.8,1.6,17,1.2,100,100
4,4.8,95,6.1,4.4,3.1,2.3,5.1,22,5.4,100,100
3.68,3.5,92,5.8,7.4,4,0.8,6.4,19,3.8,100,97
4,5.7,100,7.1,6.9,4,0,3.1,14,3.1,100,98
3.75,3.6,90,5.7,3.7,0,1.9,3.6,10,5.3,100,86
3.11,2.2,86,6.2,5.5,2.6,3.1,0.8,11,4.2,96,99
4,5.8,89,6.2,8.8,4.9,1.6,4.5,14,2.9,100,95
3.83,4.3,95,6.7,6.2,2.1,2.8,3.9,17,3.1,92,100
2.82,1.9,82,5.2,4,4.5,1.5,2.3,15,3.6,93,93
3.72,3.2,77,7.1,4.8,2.3,0.9,1.5,2,3.5,100,92
3.11,2.2,72,8.5,3.9,3.1,1.1,6.7,6,0.7,100,96
3.29,1.4,71,7.2,4.4,1.1,2.1,3.8,13,3.2,89,83
4,4.9,88,8.8,3.8,1.2,0.9,1.2,5,3.7,100,84
4,6.4,100,8.6,8.5,3.9,0.8,4.7,2,4.8,100,95
3.2,1.4,78,7.9,7.3,4.1,0,3.5,16,4.3,100,90
3.57,4.3,93,7.1,5.2,2.8,1.7,3.1,13,0,100,95
3.36,2.5,79,7,5.1,1,0.9,5,20,5.2,93,93
3.6,2.8,100,7.9,5.5,2.9,0,0,17,10.2,98,93
2.97,2.6,87,6.5,7.1,4.7,0.9,0,9,0.7,92,70
3.17,2.2,73,4.7,8.9,5.4,1.6,5.8,13,5.1,97,88
3.83,3.6,100,7.6,7.2,2.3,2,2.7,8,1.7,100,100
4,2.3,90,5.6,4.3,0.3,2.3,2.1,4,4.6,100,100
3.38,3.9,87,5.8,7.8,4.1,1.7,0.3,18,0.5,97,89
3.47,3.4,88,7,8.7,2.4,0.4,3.4,11,2.9,84,93
3.59,3.1,82,6.9,6.3,4.2,2,3.6,19,4.6,98,93
2.74,2.1,71,5.3,5.3,3.2,0.5,5.9,13,2.7,75,82
2.89,2.6,98,7.2,4.7,1.5,0.7,3.7,13,0.5,100,93
4,4.6,99,8.2,7.7,2.9,0.6,2.4,15,3.6,100,89
4,4.3,100,5.6,6.7,4.8,0.9,3.8,11,3.2,99,98
3.1,2,79,8.5,7.7,2.6,2.6,5.2,11,8.4,89,90
3.8,3.6,88,5.1,2.5,1.2,2.1,4.8,13,6.6,100,90
4,4.6,100,9.5,3.3,0.4,2.3,4.2,18,1.4,100,99
2.95,1,70,6.5,4.8,1.6,3,3.5,15,0,86,74
4,4.3,95,7.2,4.1,2.2,0.1,1.8,12,6.4,100,87
2.97,2.5,83,4.7,6.3,4,1.5,0.9,10,4.1,93,73
3.94,4.4,100,6.9,5.1,1.1,1.3,0.6,11,0.6,100,100
3.01,2.4,84,7.3,9.8,5.1,1.9,3.8,8,3.1,80,83
3.22,0.8,68,6.9,1.3,0.8,1.9,4,7,4.5,77,87
2.61,1.1,63,6.3,9.5,6.3,0,5.2,11,4.7,79,88
3.18,3.6,82,5.9,8.3,5.4,3.1,4.1,12,1.2,96,86
4,3.9,100,8.4,6.1,3,0.8,5.1,16,1.9,92,100
3.98,2.1,96,7,2.9,0.3,1.7,2.7,6,3,91,90
4,4.5,100,8.8,4.2,2.7,2,4.5,12,4.9,100,92
2.7,1,70,6.4,7.1,2.2,1.5,1,14,0.8,76,64
4,3.4,85,6.5,5.3,0.9,0,2.9,7,5.5,100,87
3.77,1.7,86,8,6.1,3.2,1.7,0,10,2.3,97,89
2.89,2.5,81,5.1,4,1.6,1.5,3.1,16,3.6,79,82
3.62,3.6,95,5.5,4,1.7,1.4,5.4,12,2.3,99,91
4,2.2,90,8.3,2.4,2.5,1.2,3.1,2,4.1,100,96
3.4,2.9,85,5.6,5.3,1.9,2.4,4.4,16,3,100,93
4,5,100,4.8,9.8,5.9,3.6,3.5,12,3.9,100,94
3.61,2.6,81,9.2,5.2,2,3.8,1.9,4,2.9,100,91
4,4.8,98,5.3,6.4,3.5,2.5,2.6,8,2.6,100,100
2.95,1.8,86,7.2,6.2,3,2.4,5.4,11,5.3,89,82
3.43,4.3,100,7.1,5.3,3.3,0,4.4,14,4.5,98,91
3.98,5.7,100,3.6,5.8,3.4,1.7,1.8,17,3.7,100,100
2.83,0.5,79,6.7,6.9,4.1,2.1,0.2,7,3.5,75,96
3.57,2.3,94,7.5,7,3.2,0,3.4,10,6.4,92,99
4,4.4,100,7.4,7.8,3.1,4,1.8,16,0.2,100,91
3.67,3.2,95,8.1,5.6,2.9,1.4,2.6,17,5.9,100,90
4,4.1,100,6.5,4.3,2.6,0.4,0.1,10,3.9,100,92
3.85,2.6,98,7.9,4.4,1.4,0.2,5.1,9,5.2,100,100
3.38,3.6,80,6.2,8.1,2.7,1.8,2.8,14,6.4,100,95
3.48,3.3,88,5.3,5.1,3.2,2,3.1,2,2.9,86,80
4,5.3,94,5.4,7.5,3.4,3.2,1.3,12,0.9,100,98
3.84,3.9,100,5.2,7.7,3.1,0.4,2.4,12,1.3,100,94
4,4,100,8.2,5.1,2.5,1.4,3.2,10,3.5,100,96
3.08,2.9,75,5.2,4.9,2.7,1.3,1.8,14,2.1,100,84
3.47,2.8,97,7.3,5.7,2,0.9,2.6,17,4.2,89,92
3.71,2.9,98,6.7,6.7,3.3,0.5,5.8,7,8.6,97,91
3.97,4.1,94,6.9,6.3,2.5,4,0,8,5.7,100,100
3.61,2.9,88,8.6,8.6,3.1,2.6,3.4,15,3.3,95,88
3.59,3.9,93,6.5,7.5,4.3,1.6,1.4,5,4.7,95,92
4,6.6,100,7.7,3.3,1.7,2,5.7,9,3.4,100,97
3.92,4.8,100,7,6.8,3.7,2.8,2.6,23,0.2,100,100
3.73,3,100,6.8,6.1,2.8,0.6,0.9,13,0.8,100,95
4,5.3,100,9.8,10.3,5.8,0.3,2.6,11,2.7,100,100
3.89,2.9,100,5.3,5.3,2.5,1.1,3.7,3,5.2,97,100
2.84,0.5,81,8.5,6.3,3.8,2.7,8.6,1,6.7,78,74
3.25,2,83,7.8,4.2,2.8,4.4,0,17,4.6,89,82
3.6,0.7,81,6.4,4.4,0.7,1.2,0.6,6,7.4,100,87
3.66,3,100,9,9,2,0.1,5.6,12,3.9,96,100
3.26,3.5,87,4.8,6.8,4.1,1.9,0,18,1,89,98
4,6,100,6.4,5.7,2.2,1.3,3,10,6.8,100,100
4,4,95,5.5,2.3,0,3.1,2,10,2.2,100,99
3.7,3.2,91,7.5,4.3,2.8,1.6,1.7,15,2.9,100,93
3.78,4.7,100,5.7,4.7,1.2,2.2,2.7,19,2.7,100,91
2.73,0.5,71,7.5,6,3,1,2.3,16,0,82,88
3.56,3.9,87,6.8,5.2,5.1,1.8,5.1,19,4,100,85
3.96,4.7,100,6.4,8.9,4,0,5.7,1,2.9,100,100
3.33,1.3,78,7.5,8.6,5.1,1.1,3.9,14,3.2,76,86
4,5.2,100,6.7,5.1,2,0.5,2.5,18,5.5,100,100
3.94,4,100,5.7,5.1,2.6,1.8,3.5,14,1.3,100,98
4,2.9,100,10,4.7,1.2,1.2,4.6,11,4.9,100,100
4,4.4,100,6.4,5.3,1.8,0,5,6,3.3,100,100
4,6.9,100,4.3,4.9,1.4,2.1,3.7,8,8.7,100,99
3.85,3.8,100,6,5.1,0.8,2,6.1,19,5.2,100,100
3.72,3.9,93,5.5,9.4,4.8,2.7,1.8,12,4.9,100,100
3.97,2.8,83,8,5.4,0,1.2,5.3,9,3.2,100,100
3.45,2.2,90,7.4,6.9,4.9,0.8,4.4,4,3.9,100,100
3.86,4.7,100,7.5,7,4.7,0.5,1.8,14,5.2,100,89
3.74,2.2,91,6.6,6.9,3.5,2,3.5,8,0.3,92,100
3.88,3.6,94,6.7,3.2,1.1,2,3.6,12,4.4,95,100
3.64,2.8,96,6.6,2.7,0.4,0.8,2.7,21,2.9,100,97
3.82,4.2,100,6.9,5.6,2,1.3,2.7,16,1.6,100,94
3.77,4,98,8,7.8,3.7,1.9,0,19,6.9,100,100
4,5.1,100,7.4,7.3,2.8,1.5,1.6,13,3.7,100,100
2.97,2.7,91,7.6,4,1.2,1.6,2.5,16,2,96,87
3.78,3.1,78,7.6,8.1,4.5,3.3,1.9,19,2.5,100,91
3.19,2,63,8.1,8.6,5.3,0,1.3,8,3.1,95,80
3.81,2.8,84,7.3,5.5,2.5,1.1,5.1,12,4.4,100,100
3.88,4.1,100,7.4,5,3,3.5,2.8,9,6.9,100,100
4,4.6,100,8.4,2.4,0.5,1.9,7.3,9,0.7,100,93
3.52,2.1,91,6.2,6,2.2,0.4,3.4,11,2.2,98,90
4,4.8,100,6,5.6,3.6,1.9,5.1,7,4.9,100,95
4,5.5,100,5.6,4.2,3.3,1.9,2.6,10,5.7,100,97
4,4.1,98,7.2,5,2,2.8,1.7,15,4.1,100,100
4,6.3,100,4.8,7.1,2.4,2.6,3.5,12,6.8,100,100
3.81,2.3,96,7.6,1.7,2.1,0.6,5.6,8,3.1,95,97
3.11,1.6,78,6.9,5.1,2.4,1.7,2.8,16,3.1,78,78
2.95,0.8,76,8.4,7.2,3.4,2.2,3.9,7,8.5,85,73
4,5.7,100,6.2,1,0,0.5,3.5,6,7.6,100,100
4,4.5,100,6.8,5.4,2.7,1.6,2.8,18,8.2,100,100
3.94,3.4,77,8.3,4.9,3.3,0,2.9,16,1.2,89,92
3.89,3.9,99,8.7,3.7,1.9,1.7,1,10,3.5,99,93
2.83,1.8,74,6.2,4.6,2.1,1.8,3,21,4.6,88,71
4,7.2,100,7.2,3.8,2.1,0.9,4.3,9,5.1,100,100
3.8,3.7,90,7.4,3.7,2.1,2.6,3.6,15,1.3,92,97
3.69,3.7,80,7.4,5.7,2.8,2.8,3.4,4,1.2,90,82
4,4.6,94,6.7,8.7,3,0.3,4.5,7,4,100,91
4,4.2,100,8.5,3.9,0,2.9,3.4,17,2.4,100,100
3.77,3.8,97,4.7,8,3.8,1.6,3,19,4.9,100,88
3.09,2.3,79,6.5,6.4,2.4,0.5,4.5,11,4.8,100,81
3.72,4.2,86,7.5,7.9,5.7,3.2,3.3,23,7.1,100,99
4,6.3,100,7.5,4.4,1,1.6,2.5,19,3.8,100,100
4,5.5,100,8.6,5.8,1.5,0.2,3.9,9,1.1,100,100
4,5.9,100,8.4,6.5,2.5,0.6,2.9,10,1.3,100,100
3.33,2.7,88,6.7,6.6,3.4,1.6,2.4,5,1.2,91,92
3.04,2,79,8.6,3.6,0,2.1,3.3,10,7.1,89,79
3.15,3.3,78,6.1,7.6,1.6,2.9,3.3,13,3.3,93,88
3.87,3.6,87,8.1,7.7,3.7,2,0.8,12,4.5,99,98
4,5.1,100,9.2,4,1.4,0,3.7,12,2.6,100,100
3.2,1,65,8.5,7.8,4.9,0.8,6.7,17,6.3,83,82
4,5.8,100,7.1,3.8,2.1,4.4,1,13,2.2,100,100
4,3.3,93,6.6,7.3,1.5,4,2,15,2,100,100
3.31,2.9,78,5.2,8.6,3.7,1.8,8.6,14,5.3,100,87
2.97,2,82,7.4,8.3,5.2,2.5,1.4,13,5.2,100,79
2.45,1,65,5.7,9,3.4,2.1,5.6,17,2.5,69,79
3.71,4.7,87,6,8.5,4.7,3.3,2.5,16,2.9,100,95
3.48,3.6,100,5.6,7.8,5.3,2.4,3.1,6,5.1,100,91
3.1,1.6,74,6.4,5.5,1.4,1.8,2.7,21,4.7,91,82
3.14,1.6,83,7,7.7,4.2,3.2,3.9,13,4.6,81,100
3.82,3,87,7.3,4.5,0.5,2.1,0,7,2.5,100,90
4,6,95,6.3,4.8,3.4,1,3.4,12,3.7,100,99
3.86,3.1,92,8.3,4.7,2.7,2.5,2.2,13,3.9,98,100
2.62,1.2,62,6.8,9.5,4.7,2.5,0,15,4.7,65,70
3.47,3.1,82,6.1,9.6,4.6,0.9,5.2,17,7.4,96,81
3.85,3.1,83,7.3,8.4,3.7,3.2,0,16,4.9,100,92
3.15,0.5,86,9.4,8.9,3.2,2.3,7.3,21,5.4,76,81
3.44,3.4,79,7.4,7.3,3.6,1.5,4.2,13,2.8,78,90
3.73,3.2,95,6.6,6.5,2.9,2,0.3,11,2.9,100,100
3.8,4.5,99,5.2,4.6,2.7,3,5.7,5,2.7,100,86
3.83,6.3,100,6.7,7.3,5,1.7,1.5,17,1.5,100,100
4,5.2,95,7.3,5.7,5.1,1.1,1.6,15,5.9,100,97
3.22,3.1,91,6.5,5.2,2.6,0.4,0,9,3.3,97,87
2.76,1.8,78,5,3.7,3.2,0,1.3,13,6.6,76,82
4,7.4,100,6,7.2,2.9,0.7,1.5,12,5.2,100,100
4,3.6,100,8.7,3.9,0.4,0.8,4.6,13,2.8,100,98
4,3.5,88,8.7,2.9,2.3,3.9,5.3,11,5,100,100
3.81,3.5,93,5.9,8,5.2,0,0.5,13,5.4,100,92
4,3.8,99,7.8,7.1,1.7,1.2,3.5,4,6,97,100
3.01,3.3,77,5.6,8.8,6,0,0,10,5.6,97,82
2.98,2.6,78,8.7,6.4,4.6,0.9,3.5,14,5.7,89,83
3.5,2.7,94,7.3,4.3,3.4,4.9,7.3,8,0,100,100
4,3.5,100,8.1,4.5,3.6,0,0,14,4.9,100,98
3.06,2.7,91,4.9,5,1.4,1.1,1,22,8,90,86
3.71,2.4,93,7.8,4.9,2.4,0,4.5,6,4.4,100,96
3.68,3.7,99,7,7.6,5,1.9,4.7,3,6.8,100,100
3.75,3.1,91,8,4.4,1.9,2.8,1.1,18,4.7,95,100
4,5.8,100,8.1,7.2,4.4,0,5.9,22,3.1,100,100
2.84,0.5,68,7.1,2.2,0.7,2.7,1.4,14,3.2,90,89
3.94,5.1,100,6.3,4.4,1,3.3,6.3,12,4.7,100,100
3.37,5.4,96,7.9,7,5.7,2.8,3.9,9,4.6,100,89
3.18,0.5,72,6.9,4.9,2.8,1.9,5.5,15,3.9,88,92
3.72,3,100,6,6.2,2,0,3.7,12,2.2,100,100
3.3,2.9,81,5.9,8.3,4.8,3.7,4.3,16,3.4,95,91
2.89,1.4,74,5.2,8.5,4.7,1.2,4.4,3,5,80,86
3.02,2.3,57,6.4,9.8,4.2,0.8,5.3,14,2.9,69,87
4,1.8,89,8.3,4.8,1.9,2.6,2.9,8,4.2,99,100
4,6.1,100,7.2,5.4,2.4,1.2,1.2,17,5.6,100,93
4,4.9,100,6.4,6,3.3,0.5,2.8,6,5.1,100,96
4,5.4,98,8,6.3,3.8,1,1.7,15,2.7,100,99
3.99,4.6,91,6,3.8,2,1.3,1.8,9,2.9,100,100
3.82,1.8,76,7.1,6.2,3.1,3.3,6.3,10,2.8,83,94
3.53,2.7,76,6.8,6.6,3.2,1.8,4.2,16,6,100,79
3.9,4.2,100,7.9,8.2,4.7,3,4.2,8,2.9,100,99
2.89,1.7,78,5.1,7,3.9,0.9,5.1,4,4.9,85,73
3.77,4.6,100,6,4.6,0.5,0.3,4.2,12,6.5,100,94
3.14,3.1,84,5,5.5,2.5,2.8,6.7,9,7.1,100,77
3.68,2.9,85,6.7,3.9,1.4,1.2,0,5,3.9,100,94
4,4.6,96,8.5,5.6,3.7,1.3,1,14,3.3,100,100
3.79,4.2,90,6.4,5.3,4.2,2.8,1.6,13,5.3,97,90
3.15,3,84,6.4,7.8,3,0.4,0.2,13,4.5,82,84
4,5.2,100,8,4.6,2.4,2,3.2,15,6.4,100,100
3.8,1.9,91,8.3,4.8,2.9,1.3,3.3,2,4.6,100,95
3.71,4.4,100,6.9,5.6,3.1,2,7,8,8.2,100,93
3.95,4.4,90,7.8,4.5,1.8,2.4,4.8,13,2.4,100,100
3.52,3,93,5.7,6,1,4.1,2,17,2.4,100,96
4,4,100,8.7,2.6,0,0,4,13,0,100,95
3.04,1.6,92,9.6,10.9,4.7,0.8,0,18,4.2,100,93
3.87,4.9,100,7.6,6.6,3.5,1.7,3.3,9,0,100,85
3.49,3.2,86,4.5,8.8,3.3,1.3,3.2,9,6.4,96,92
2.81,2.7,65,6.3,8.8,4.7,0.8,1.2,10,6.5,77,78
4,5.1,100,7.7,4.3,0.9,0,2.6,12,2.5,98,94
3.67,2.4,84,6.5,5.1,0.2,0.7,1.6,3,5.9,88,84
3.46,1.4,83,8.5,7.7,3.4,1.9,1.1,12,5.2,83,93
2.76,1.2,68,7.7,7,3.2,2.6,4.3,12,2.9,82,90
4,4.4,100,6.2,6,0.2,1.4,5.1,9,4.5,100,97
3.02,1.6,61,7,5.7,3.3,2,4,8,3.8,100,75
4,6.1,99,5.9,4,2.2,1.5,2.1,13,1.7,100,96
2.49,0.5,67,6.8,3.8,1.6,2,1.7,15,5.4,65,87
4,6,100,6.3,7.4,2.3,0,2.2,13,3.1,100,94
4,3.8,100,8.4,4.7,0,2.2,2.6,13,8.4,100,100
4,3.4,86,9.5,4.3,1.9,0.8,1.3,12,5.2,100,87
3.67,2.7,81,5.3,1.9,1.7,0.8,5.1,12,3.7,100,90
3.49,4.1,86,4.7,6.4,3.6,1.4,2.6,15,3.6,100,95
3.44,3.4,98,6.7,4.4,2.6,1.3,4.5,20,7.2,90,92
3.39,5.2,98,5.2,6.2,3.8,0.7,0.2,19,9.2,100,100
3.84,3.7,92,7.1,1.7,0,2.9,1.6,7,1.8,93,100
4,3.7,90,7.9,2.6,1.5,1.8,4.7,1,1.8,100,100
3.72,3,87,8.8,8.9,3.6,0.8,4.7,15,4.1,100,93
3.56,3.4,80,7.2,4.5,2.3,0.9,0.6,12,3.3,100,96
4,4,100,6.8,8.8,4.1,1.5,3.6,12,4,100,100
3.45,0.9,75,4.6,2.8,0.1,1,3.7,14,2.7,87,91
3.39,1.5,69,7,5.5,3.9,0.4,1.6,11,2.6,86,85
4,4.6,94,7.1,5.4,1.8,1.6,3.7,4,4.5,99,100
4,3.8,89,7.8,4.2,1.7,1.5,0,6,4.5,100,100
3.19,3.2,89,6.1,7.1,4.3,1.3,1.1,7,6,100,81
3.94,3.5,75,6.5,7.7,4.5,3.3,4.2,15,8.1,100,85
3.79,4,88,5.2,6.4,4.4,1.5,3.1,21,3.5,100,91
2.96,2.7,80,4.3,7,5.9,0.3,3.2,10,5.1,94,90
2.65,2.3,73,5.7,7.6,4.7,2.1,2.6,25,1.1,88,67
3.84,3.8,86,5.1,5.8,1.6,0,4.1,3,3.6,100,96
3.68,2,90,7.4,4.9,3,3.2,4.2,9,5,90,91
3.85,4.1,88,6.4,5.5,2.3,1.2,4.6,13,8.4,100,85
2.2,0.9,65,6.4,10.6,5.8,0.6,3.3,1,5.9,74,73
3.73,5,99,5.8,7.4,4.5,1.1,2.2,20,2.6,100,98
3.58,4.2,87,3.5,5.6,2.5,2,1.9,9,5.8,99,89
4,3.9,87,8.8,7.2,4.1,0,0.9,12,5.7,100,100
4,5,100,5.8,3.2,1,1.3,2.2,14,5.9,100,100
4,6,100,6.5,5,3.2,2.1,1.8,4,3.3,100,100
3.63,5,97,5.3,3.2,1.4,3.2,6.2,24,7.3,100,100
3.82,0.7,84,8.2,3.7,0.3,0,0.9,13,4.4,96,89
3.15,1.6,76,7.2,7.9,4,0,5.1,10,7,95,83
2.95,2.6,77,6,8.2,4.2,1.2,2.5,6,2.6,85,84
3.06,3.5,85,6.5,6,3.5,2,2.6,13,6.9,99,83
4,4.3,100,9,6.8,2.5,0.7,3.8,4,0.7,100,90
3.96,2.4,98,6.9,4.3,0.9,1.5,0.2,13,0,100,99
3.58,3.8,99,6.8,4.2,1.1,1.8,1.4,19,2.4,100,97
3.51,2.4,78,5.9,1,1.3,2.5,0.5,18,3.5,83,89
3.2,2.6,92,4.7,4.4,2.4,2.6,2.2,9,0.6,93,98
2.83,1.4,68,6.8,5.6,4.4,0.1,1.2,11,5,85,83
3.6,2.1,95,7.4,8.2,4.4,0.6,5.6,15,5.3,100,100
3.14,1.5,85,8.3,3.4,0.3,0,1.8,18,7.3,77,90
3.19,2,72,4.3,3.5,1.8,3.2,0,20,3,89,92
4,5.1,100,5.6,5.1,1.7,0.5,2.3,20,4.3,100,100
3.54,2.1,85,6.3,1.3,0,1.1,4.6,7,5,100,94
4,7.4,100,7,5.3,3.6,0.8,6.3,16,4.8,100,100
4,4.2,99,6.8,4.5,2.4,2.8,2.5,5,6,100,100
3.7,3.8,84,6.9,6.2,2.6,0.3,2,10,5.2,100,100
2.82,2.2,80,7.5,9.5,4.8,3.5,3,6,2.6,100,89
3.92,4.6,100,5.9,5.2,2.9,0,3.8,6,5.7,100,95
4,2.6,91,8.1,6.8,2.2,0,0.7,13,4,100,99
3.68,3.7,100,7.5,6.8,3.7,0.6,2.5,9,4.5,100,94
4,7.3,100,6.6,7.7,4.4,4.2,2.9,13,7.6,100,100
3.65,3.4,93,8.9,6.1,3.2,0,3.1,6,6.6,100,100
4,5.2,100,8.9,6.6,3.8,2,2.7,14,5.4,100,99
3,2.4,84,8.1,6.1,2.6,1.4,1.1,10,4.4,80,89
3.24,3.4,88,3.5,6.6,2.7,1.5,3.7,11,2.7,83,100
4,6.2,100,8.9,4.9,3,3.8,2.9,5,3.4,100,100
3.5,2.6,81,8,4.5,1.7,0.7,2.9,17,6.6,87,88
4,6.2,100,9.4,6.9,1.9,2.1,0.8,13,0.5,100,91
4,4.6,100,8.5,8.1,4.9,1.5,4.3,15,6.6,100,100
3.23,2.7,89,8.9,9.1,5.8,0.8,1.1,6,1.4,88,92
3.44,4.4,80,8.1,9.6,5.2,0.7,6.2,15,4.5,97,99
3.84,5,100,8.6,3.2,0.8,1.9,0.6,12,6.5,100,100
4,4.4,98,9.4,3.7,0.7,1,4.5,10,4.5,100,100
3.18,1.1,78,7.3,5,1,1,0,19,1.4,93,91
3.57,2.4,86,5.1,7.5,3,0.2,0,14,7.5,98,89
3.49,3.1,89,6.6,1,0,0.7,1.9,14,5.6,97,94
4,3.4,100,7.5,4,1.9,2.1,0,2,5.2,100,100
3.5,4.4,72,7.1,6.7,4.9,0.8,4.5,17,2.7,100,97
3.34,3.8,87,5.5,7.2,4.3,2.2,3,14,2.4,87,91
2.87,1.5,80,5,3.9,2,2.5,5.8,18,5.3,87,74
3.45,4.1,87,6.1,5.9,2.1,2.3,2.7,9,1.7,100,89
3.71,4.4,91,8,6.9,3.7,3,3.5,8,1.4,100,98
3.92,4.3,100,8.9,8.3,4.2,2.8,2.5,20,4.5,99,100
4,5.1,100,8.1,6.1,2,2.7,1.3,17,5.6,100,100
3.96,4.8,100,8.3,6.2,2.4,1.2,2.2,5,3.4,100,100
3.9,4.2,96,6.9,4.6,2,0,0.6,12,1.4,100,98
3.55,3.4,100,4.9,3.9,0.8,0,3.8,17,1.7,100,93
3.08,1,74,6.5,4.9,2.5,1.3,2.4,13,4.6,81,92
4,4.1,100,6.7,3.8,2.4,2.1,2.8,9,2.7,100,100
4,3.8,96,6.4,5,0.9,2.8,8.6,9,7,100,96
3.1,3.9,85,7.1,6.7,3.8,0.6,2.2,12,7.4,88,93
3.2,1.6,92,7.5,4.7,3.5,2.4,3.6,17,1.7,94,94
3.29,1.9,97,8,7.4,3.8,1.5,2.9,7,3.2,84,94
4,5.1,100,6.7,4.3,1.6,1.7,5.3,1,6.9,100,89
3.64,3.4,100,4.7,1,0,2.3,3.5,10,2.4,100,93
3.81,4.5,96,6.4,4.9,3.5,2.7,2.5,14,4,94,94
3.87,3.5,100,7.1,4,1.8,0.6,7.6,15,2.6,100,88
4,3.5,87,8.5,4.8,1.5,1,1.3,7,4.9,91,85
4,4.9,100,6.3,4.8,0.9,3.9,2.6,13,7.4,100,97
2.88,2.7,78,7.6,6.3,2.4,0,4.8,9,4.2,91,87
3.56,3.6,77,7.3,8.9,5.2,3.3,1.4,16,5.4,100,91
3.64,2.8,89,7.1,5,2,0.8,4.5,11,4.1,92,100
3.61,2.8,90,8.1,6.3,1.2,1.9,2,16,4,86,100
3.09,3,78,6.2,7.6,3.8,2.8,5,12,3.6,98,78
3.78,3.8,100,6.3,6.4,3.1,3.9,5,15,5.2,95,100
3.69,2.8,100,7,3.7,0,1.3,2.8,10,4.7,100,95
4,5.4,100,6.2,6.3,3.8,4,1,8,2.8,100,97
3.21,2.2,64,7.6,8.9,6,0,2.2,11,2,89,90
3.94,3.2,97,6.1,1,0,0,3,15,4.2,100,100
4,2.8,95,7.3,3.4,0.9,1.6,4.8,25,5.8,100,90
4,5.7,100,6.9,5.1,0,0,3.6,18,9.1,100,100
3.77,3.8,99,7.3,5.9,2.7,0.7,4.1,20,3.6,100,100
3.56,5,95,6.4,7.4,4.3,0.7,3.7,11,3.7,100,97
3.33,1.3,70,6.6,7.2,3,2.2,4.7,9,4.3,75,87
3.37,3.9,82,7.1,8.3,4.9,1.7,2.6,1,3.7,95,93
4,4.8,100,7.2,6.1,4,1.2,3.3,9,1.7,100,94
3.73,3.6,99,7,8.4,5.4,2.4,3.1,5,5.4,100,96
4,5.1,100,9,6.1,4.5,1.2,2.1,16,5.4,100,100
3.55,2.7,94,5.8,5.4,2.2,3.8,5,11,1.6,99,98
4,5.6,100,6.9,4.9,2.9,1.6,5,5,4.2,100,100
4,6.9,100,5.1,5.6,1.5,3.4,5.4,15,4.1,100,97
3.65,3,90,7.4,4.9,2.5,1.9,1.5,14,5.2,100,96
3.37,2.8,89,5.7,4.9,2.9,2.2,3.7,6,4.6,93,100
4,5.7,100,6.7,5.6,2.7,0,5.2,20,3,100,99
4,5.9,100,6.6,8.2,4.8,0.8,6,8,5.8,100,89
3.79,2.7,90,7.3,3.9,2.3,1.8,0,15,5.7,100,93
3.58,2.9,80,6.3,3.8,1.4,0.8,3,11,1.2,97,87
3.85,3.1,81,6.3,4.6,1.5,2.1,2.6,20,1.2,100,97
3.43,1.5,72,8.7,8.4,3.8,0,6.2,17,4.4,89,82
3.92,2.1,92,7.3,1,0.7,0.7,0,7,3,100,100
3.09,2,79,6.3,6.2,2.5,0,0.9,21,6.6,98,80
2.91,2.3,80,6.7,7.3,4.8,1.5,5.9,6,4.4,81,85
4,3.4,100,9,5.6,3.2,2.5,2.1,7,7.1,100,100
4,3.9,99,6.7,4.9,2.7,3.5,0.4,20,2.8,100,100
4,5.8,100,6.2,5.3,2.7,3.3,6,12,2.6,100,94
2.86,2,76,6.2,5,1.3,2.6,0.1,14,3.9,87,80
4,5,100,6.3,3.9,1.5,1.9,5,14,6.7,100,95
3.32,3.2,82,6.3,7.5,2.5,0,0,7,5.2,100,94
3.74,3.4,98,5.5,6.9,3.2,4.1,0.1,21,6.9,100,89
3.9,4.5,96,5.7,7.4,4.2,2.4,3.4,23,2.4,100,94
2.96,1.8,80,6,5.7,2.9,1.8,1.3,3,2,81,84
3.6,4.1,87,7.7,9.2,4.8,1.7,3.5,10,3.2,97,81
3.3,3.7,93,6.5,9.8,5.2,3.2,6.6,15,5.2,100,96
3.69,4.2,100,6.8,5.6,4,0,2.7,11,6.3,94,100
3.8,3.9,94,8.5,6.8,4.6,1,6.3,9,4.4,100,97
4,7.2,100,8.6,5.1,1.3,0,3.6,15,2.6,100,91
3.22,2.5,85,6.7,5.2,1.1,0,4.9,15,1.6,78,91
3.6,2.7,84,6.2,6.2,3.6,3.9,0,20,2.1,97,100
3.3,2.6,100,6,2.9,0.8,1.7,4.3,3,5.8,81,96
3.38,2.7,87,7.8,5.5,2.4,0.4,4,7,2.2,98,81
3.33,2.5,87,6.8,8.8,4,1.5,2.3,8,2.6,96,91
3.71,5.3,97,6.5,7.9,4.9,2.8,6.8,24,2.9,91,99
4,5.6,100,6,3.9,2.4,1.7,2,20,5.2,100,100
3.39,2.6,92,6.1,4.9,1.8,2.6,0,13,1.5,95,79
3.32,2.3,77,7.4,7.2,3.3,0,4.6,12,2.8,90,92
3.47,4.2,92,5.4,4.1,1.2,3,0.2,14,1.3,96,96
3.55,2.7,95,8.2,7,2.5,3.9,3.2,18,4.3,100,100
3.79,4.4,99,6.4,6.8,2.8,0,5.7,11,2.8,99,91
3.59,3.8,100,6.8,5.7,2.8,2.4,4,13,3.3,100,94
2.6,1.2,76,5.4,6,2.9,2.7,2.5,10,3.3,90,85
4,5.8,100,7,2.3,1.5,2,2.3,5,3.2,100,91
4,6.2,100,6.6,6.2,1.7,1.7,5.5,3,3.3,100,100
4,2.6,100,6.9,4.3,1.7,0,0.6,9,5,100,96
4,2.9,100,8.8,2.9,0.4,1.1,4.6,10,1.4,100,96
4,3.9,90,7.2,5.6,3.3,1.7,7.4,14,6.1,94,84
3.67,4,100,6,7.6,4.1,4.8,4.1,13,4.2,100,93
4,4.5,100,6.1,5.6,4,0,2.5,5,5,100,100
4,6.5,100,7.7,4.2,2.4,3.1,2.7,12,2.2,100,100
4,3.2,100,8.6,4.5,1.6,2.2,2,9,2.7,100,100
3.39,2.3,80,7.3,6.1,3.9,0,1.7,11,5.1,97,97
3.47,1.4,80,7.8,7.2,3.8,2.4,3.2,12,3,94,95
3.52,2.4,83,7.7,5.4,3.1,1.1,4.4,18,1.5,96,86
3.78,3.5,100,8.7,10.3,5.4,3.1,6.2,10,8.9,100,99
4,6.2,100,4.7,6.6,2.8,1.4,0,20,0.4,100,99
3.48,2.7,79,7.8,6.2,2.4,2.8,0,5,4.2,98,77
3.37,3.8,92,8.2,4.5,2.2,0.1,6.3,8,5.2,100,87
3.85,3.5,94,5.4,6.4,0.5,1.8,3.1,12,5.5,100,100
3.53,5.3,100,5.9,6.3,3.8,1.9,3.2,6,2,100,97
4,7.3,100,6,4.7,2.6,0.6,4,5,7.4,100,100
3.37,2.7,84,6.1,7.4,3.6,1.2,2.6,12,2,94,86
3.31,2.8,77,6.4,8.8,5.6,1,7,5,2.1,86,96
4,5.1,100,7.3,4.2,2.2,2.8,4,7,2.9,100,100
3.94,4.5,100,8,5.6,0,1.2,2.1,12,6.4,100,88
4,6.3,100,8.3,7.7,3.5,1.6,2.3,21,7.6,100,100
3.3,4.4,100,6,6.1,3.1,2.9,2.7,11,3.6,100,94
3.17,3,90,6,7.6,1.7,2.2,1.4,13,5.7,96,85
3.93,4.4,99,8.6,7.4,3.4,1.7,6.4,6,3.6,100,100
4,5.2,100,7.8,7,4,0.3,3.2,7,2,100,93
4,4.7,100,7.1,7.1,1.4,1.4,0.7,1,6.8,100,100
3.98,4.3,100,7.6,6.1,2.3,2.2,3.8,7,1,100,89
4,5.1,100,7,8.7,5,3.8,5.9,16,5.1,100,92
4,5.3,100,7.6,4.2,1.7,0,5.1,9,5.4,100,97
4,5.6,100,6.6,6,2.9,1,1.5,13,4.5,100,100
3.92,4.5,100,7.3,2.5,0,0.8,0.8,13,4.4,100,91
4,3.2,95,5.2,5.3,0.6,0.5,5.9,16,5,100,99
3.46,3.7,96,6.2,4.1,3,0,0,20,1.7,95,92
4,5.3,100,6.2,9.2,4.6,2.7,3.7,15,2.2,100,100
3.39,2.3,90,6.6,2.7,0.8,2.4,1.9,11,2.4,96,83
3.67,4.1,99,5.9,5.8,2.9,2.3,5.6,16,5.6,100,97
3.55,2.9,84,6.4,4.8,2.2,1.2,0.9,14,1.8,100,100
2.95,3.5,73,5.2,6.6,4.2,0.8,1.4,1,5.5,95,96
4,5.4,100,7.7,4.8,1,0.2,4.2,6,4.1,100,89
3.89,3.8,92,6.9,6.4,3.4,2,4.6,11,5.6,89,100
3.08,3.6,100,5,4,1.8,0.4,5.7,9,6.8,100,95
2.78,1.5,79,6,6.3,3.1,2.4,3.9,11,3,87,86
3.79,4.6,100,7.4,5.1,2.9,0.1,3.7,1,5.3,100,99
4,4.5,96,6.3,4.8,2.4,3.5,5.1,16,6.5,100,100
4,6.7,100,6.2,4.7,3.5,1.4,0.3,12,6.9,100,95
3.53,3,82,6.9,5.4,2.9,0.9,1.2,18,3.5,100,77
4,3.8,86,7.4,6.2,2.6,0.8,0.4,12,1.6,99,100
3.62,3.9,99,5.3,5.3,2.3,3.1,0,13,4.3,100,89
4,5.9,100,7.7,8.1,2.9,2,4.7,7,4.2,100,87
3.72,3.4,100,6,9.2,3.1,4.2,5.9,6,3.2,100,98
3.87,3.9,100,7,3.7,1.3,2.9,4.1,13,4.8,100,96
4,4.4,100,7,4.3,2.3,0.4,3.8,12,2.8,100,94
3.89,3.8,81,6.4,5.6,1.2,1.4,3.2,4,2.6,92,89
3.66,2.8,100,5.8,6.1,2.7,1.7,3.1,17,2.4,87,100
4,3.8,97,6.7,6.3,1.9,1.8,6.4,12,0,100,100
4,5.1,89,9,7.5,4,3.2,6.1,9,1.3,100,83
2.75,2,79,5.4,6.6,3.8,1.1,1.8,8,5.3,82,89
3.6,3.7,95,9,4.2,1.4,0.4,5.2,16,4.6,98,100
2.69,2.4,78,6.7,6.3,2.8,2.3,5.5,9,4.6,71,81
4,5.3,100,7,6.5,3.8,2.2,4.3,13,5.3,94,90
2.59,1.2,70,5.7,7,2.5,0.7,3.8,11,2.8,91,74
3.39,2.7,96,6.1,3.1,1.7,0,3.7,9,7.1,95,83
4,4.1,98,6.4,5.7,1.2,4.1,0,6,2.1,100,92
3.95,5.8,100,5.7,4.9,4.1,3.3,0,19,1.6,100,100
3.53,3.4,93,6.7,7.4,4.2,0.4,4.6,7,3.5,94,92
3.27,2.7,89,6.5,5.1,2.5,1.3,0.8,8,3.5,93,95
4,6.3,100,9.2,5.1,3.9,1.5,0.2,19,5.7,100,100
3.08,1.3,81,5.6,1,0,2.3,0,11,4.3,84,83
3.04,0.5,80,7.1,6.5,4.8,1.1,2,14,6.3,85,85
3.76,4.2,100,7.3,5.7,2.6,1,3.7,20,4.6,100,89
3.33,2.7,79,5.7,5.3,3,1.3,3.9,19,1.2,100,87
3.43,2,76,7.8,4.1,2.3,0.3,4.7,9,4.1,100,92
3.99,4.6,89,6.5,9.5,4.9,2.7,2.2,18,4.6,100,96
4,3.9,96,4,2.7,1.2,2.3,3.2,4,4.4,100,100
3.18,2.7,76,7.8,8.8,5,0.2,4.7,3,4.1,86,87
3.04,1.6,71,5.7,5.3,3.4,1.9,3.9,12,4.4,82,95
3.81,4.8,87,5.7,5.4,3.7,0.7,1.8,12,3.6,100,89
4,4.5,100,7.8,4.6,2.3,1.7,3.6,15,2.3,100,98
3.8,3.4,100,6.6,4.5,0.8,0,0,15,4.2,100,86
4,6.3,100,8.1,5.6,4.2,1.2,3,15,4,100,100
3.6,1.9,80,8.5,6.6,3.3,3.2,1.8,20,1.9,100,86
2.48,1.2,57,6.2,6.6,4.8,0.1,6,22,4.9,72,87
3.31,2.5,82,8,4.6,2.5,1,1,16,3.5,85,76
3.53,3.4,81,6.1,5.7,2.2,3.1,3.2,12,1,97,87
3.77,3.9,86,9.7,10.5,4.9,3.7,2.1,11,5.4,100,100
2.97,3.1,92,6.2,7.6,5.7,2.5,1.9,12,0.7,93,94
4,4,97,8.2,6.7,2.8,3.5,3.8,9,0,100,81
3.42,1.6,86,8,4.3,1.7,3,2.2,17,4.6,79,94
3.93,5.7,100,7.4,6.4,4,0,6.7,17,3.1,100,93
3.24,3.4,83,6.2,6.7,2.4,2.2,0,9,3.5,100,95
4,5.2,100,6.8,5.7,3.7,1.8,4.3,11,5.2,99,97
3.63,4,80,4.4,4,2.4,0.2,2.8,3,5.7,100,97
3.65,4.2,96,7.3,8.7,5.1,0,2.9,12,3.8,100,86
3.95,4.4,100,7.4,6.7,1.8,2.6,3.6,12,3,100,98
3.96,4.2,88,7.2,7.4,3.5,1.3,5,6,3.6,91,99
3.52,4.5,100,3.5,3.4,2.1,1.7,3.5,9,1.7,90,89
4,5.5,100,5.5,4.7,2.4,2.3,5,6,7.8,100,98
4,3.8,91,6.1,6.4,2.2,3.7,3.1,4,4.5,100,100
4,4.6,89,7.3,8.8,3.9,0.7,0.9,19,3.8,100,100
3.32,3.4,92,7.3,7.5,4.2,1,2.8,4,8.4,100,79
4,5.7,100,6.8,5.9,3.6,1.1,5.3,13,0.8,100,98
3.42,2.5,85,7.8,7.6,2.6,0.6,2.2,17,5.4,87,97
4,6.2,100,5.8,5.9,3,3.9,0.8,19,2.9,100,97
3.71,3.4,97,7.7,6.4,4.1,2.8,4.2,7,6,98,100
2.8,1.4,86,7.6,6.3,4.2,2.3,3.7,18,2.4,87,92
4,3.7,100,7.5,1.6,0,2.3,1.5,13,5.9,100,90
3.79,2.5,99,6.8,8.8,2.4,1.4,2.5,15,3.5,100,100
4,4.8,100,9.2,7.2,2.5,0,2.6,21,4,100,100
3.2,2.5,74,7.6,6,3.8,4.3,3,15,4.7,97,94
3.56,2.8,89,5.8,7.8,2.7,1.1,4.3,7,3,93,91
2.86,0.7,68,7.3,7.5,3.9,2.6,2.2,2,1.3,74,85
3.87,2.8,100,7.9,4.8,1.2,2.8,4.4,15,3.6,100,100
2.63,0.5,61,6.3,5.3,3.2,1.3,1.9,14,0.6,88,86
2.68,1.1,68,8.3,6.6,4.2,4.3,6.3,8,3,82,77
4,4.6,100,7.5,3.5,0.6,3,6.4,13,4.6,100,100
3.26,4.7,89,4.2,7.2,6.6,0.6,1.3,5,2.8,100,100
3.7,4.1,100,7.4,7,4.6,2.7,0.5,14,4.1,84,81
2.95,2,81,6.5,5.8,2.8,3.1,5,5,2.4,78,75
3.7,3.4,80,7.6,6.2,1.6,1.5,3.5,18,0.6,100,100
4,3.5,100,8.1,4.8,2.5,2.4,4.1,23,2.1,100,100
3.03,1.8,81,7.2,6.9,2.9,1.3,1.7,13,1.5,92,94
4,5.8,100,9,4,3.5,0.9,2.7,14,6.3,100,100
4,4.8,96,6.8,9.5,5.1,1.7,2.3,15,3.9,100,100
3.43,3.2,85,7.7,4,2.1,1.7,3.6,13,0.9,100,99
3.78,3.5,91,8,6.8,3.6,1.2,0.5,7,2.2,100,99
4,3.8,100,6.9,4.4,0.9,0,2.8,19,1.9,100,100
3.37,0.5,80,7.9,5.5,2.2,3.6,0.5,14,1.5,92,99
3.52,3.1,90,6.3,6.3,3.4,3.2,2,15,2.3,100,96
3.4,2.5,82,6.5,5.3,3.8,0.5,2.8,17,2.6,67,92
2.77,2,82,5.4,3.6,1.7,1.2,4,17,5.1,79,98
3.9,3.1,91,7.3,6.3,2.1,0.3,4.2,18,5.3,100,89
4,6.2,100,7.4,7.3,5,0,4.5,14,3.2,100,90
4,4.5,100,8.4,7.4,4.5,0.2,0,8,4,100,100
3.3,2.6,80,7.9,4.3,3.1,1.7,5.5,14,7.2,99,77
4,4.4,92,6.7,4,0,2,1.7,12,6.3,100,100
3.66,5.6,87,5.6,8,6.6,0.3,1.9,8,3.4,100,95
4,4.9,100,7.5,6.9,2.8,1.2,3.5,19,0.9,98,91
4,3.6,99,8.3,4,2.3,1.9,2.3,11,4.9,100,100
3.38,2.5,89,7.9,6.2,2,0.7,3.7,13,1.1,92,85
3.8,4.5,100,8.3,6.4,3.4,2.2,4.1,8,6.3,100,94
4,4.1,95,6.7,5.7,3.4,0.3,1.5,12,3.2,100,100
3.83,4.8,100,6.4,9.1,4.2,4.2,2.6,17,5.3,100,92
4,4.5,100,6.1,4.3,1.4,0.7,2.7,22,1.5,100,94
4,5.1,100,6.9,4.9,2.3,1.1,4.9,5,4.9,100,100
3.41,2.7,69,6.9,9.9,5.8,0.1,2.1,12,2,86,83
3.82,5.5,100,7.2,4.3,3.1,0,2,1,2.9,100,91
3.88,3.8,99,6.8,2.5,2.5,2,1,10,6.4,100,85
4,6.6,100,6.8,5.8,1.4,0,1.2,13,5.4,100,94
3.65,2.5,73,6.1,5.6,3.6,1.8,0.3,13,5.8,100,85
4,6.1,100,8.1,8.3,4.3,0.8,1.6,20,3.6,100,93
3.42,3.8,85,7.1,7.2,4.1,3.1,6.2,11,1.3,90,100
3.42,2.5,88,6.8,4,2.4,1.5,4.4,20,3.1,90,100
3.28,2.8,85,6.1,7,3.3,0,5.6,13,4,90,91
3.36,3,85,5.4,7.8,5.3,1.7,1.1,9,0.8,100,87
3.99,4.1,89,8.6,6.1,4.4,4.8,0,13,5.9,100,93
4,4.3,100,7.7,3.3,1.6,1.2,3.6,13,4,100,100
3.47,2.6,81,5.1,1,0,0.9,6.7,13,3.4,91,91
3.85,3.5,94,7.9,6.7,3.2,2.3,2,9,5.8,100,90
4,6.7,100,8.1,5.9,4,0.7,3.2,8,4.9,100,100
4,6.1,100,7.1,4.2,1.2,1.6,0,18,3.7,100,96
3.76,4.2,100,8.9,5.6,2.8,1.8,3.1,17,3,100,99
3.92,3.6,93,7.3,4.3,2.4,0.2,2.8,8,7.1,100,91
3.76,3.7,88,5.3,4.2,3,2.6,0,11,3.2,100,86
4,4.4,100,7.4,8,2,3,0.9,14,1.4,100,86
3.27,2,84,7.3,7.6,4.7,0.5,0.8,16,5.4,96,91
3.59,3.1,98,6.3,8.2,3,2.5,0,13,3.3,100,95
3.2,1,95,7.7,5.9,1.5,2.6,1.6,18,1.7,91,84
3.34,4.1,84,5,6.8,4.2,1.5,4,12,3.1,99,90
4,4.5,100,8.2,4.1,0.9,3.4,1.7,20,5.4,100,99
3.3,2.8,77,5.9,7.9,4.7,3.6,5.3,25,7,89,94
4,5.9,100,5.8,9.5,4.3,0.8,2.3,12,2.4,100,90
3.25,1.7,66,6.9,8.9,4.9,2.1,3.7,14,3.5,82,89
3.72,1.3,86,7.5,4.6,2.6,2.2,4,7,5.5,95,88
4,3.8,92,7.2,5.5,2.1,2.7,6.1,11,3.6,100,98
4,5.1,100,6.1,6.9,2.9,2.2,1.6,13,1.9,100,82
4,6,100,6.4,4.3,2.7,2.7,3.9,15,4.4,100,93
3.54,2.8,82,5.6,5.4,1.8,1.9,1.1,11,5.6,87,89
4,5.1,93,6.7,6.6,2,4.6,6.4,16,5.9,100,98
3.87,3.4,94,8.3,4.3,2.3,1.6,0.9,10,1.6,100,96
4,3.2,91,7,3.1,1,0.3,3.8,17,2.1,100,89
3.98,4.8,92,8,8.2,3.8,2.7,6.1,14,8.3,100,100
3.82,4.5,87,8.7,5.3,2.7,1.2,0.6,14,7.6,100,87
3.34,1.1,85,6.3,4.1,2.3,0.9,4.2,10,1.9,91,94
4,5.7,100,6.8,5.2,1.1,1.5,1,12,3.9,100,94
4,5.6,100,9.6,4.8,1.1,2,7.7,10,4.2,100,100
3.3,2.6,82,8.7,8.8,5.7,0.7,0,16,2.6,96,91
3.89,4.1,100,5,6.2,1.9,2.5,0,5,6.5,100,100
3.76,4.2,100,7.5,8.1,3.7,0.9,0.8,8,2.9,100,100
3.8,3.9,100,7,5.9,3,2.6,0.8,18,5.7,100,97
4,2.7,100,8,5.4,0,1.6,4,13,5.8,100,100
2.53,2.5,70,6.1,10.4,5.5,2.1,6.6,18,3.7,100,75
4,3.5,95,6,4.4,3.8,0,5.3,16,2.8,100,100
4,5.3,100,6.2,3.4,1.6,0,3.5,17,5.8,100,100
3.85,4.3,97,6.3,3.1,2.8,2.2,3,14,2.5,100,90
3.96,2.9,100,8,3.7,1.1,4.1,1.8,9,2.1,100,92
3.6,4.7,86,5.6,7,5.5,0.6,3.8,12,8.3,100,100
2.67,0.5,73,6.3,3.4,1.4,3.9,2.6,6,2.9,74,91
4,5.2,92,4.9,6.3,2,2.2,3.4,11,3,100,90
2.93,0.9,71,8.2,2.6,1.7,0.9,1.5,9,2.4,86,77
3.13,3,88,8.5,6.1,2.9,1.1,0.6,3,2.5,91,81
3.09,1.8,89,6.6,8,4.9,2.2,3.1,14,5.1,100,82
2.83,1.6,74,6.6,8.4,5.5,3.5,3,14,4.7,89,90
4,5.2,100,7.5,5.4,2.2,2.2,1.8,18,4.2,100,100
3.66,2.8,98,8.8,3.7,3.4,1.5,1.5,6,4.6,100,98
3.85,4,100,7.5,4.9,2.9,2.1,4.1,17,5.9,100,100
3.61,3.4,85,6.2,6.2,1.3,0.2,3.9,1,5.5,100,99
3.16,4.2,86,5.1,8,6.4,0.7,6.8,11,1.9,99,86
3.12,3.6,78,5.7,9.8,4.8,2,5.8,22,6.6,93,100
2.93,1.6,77,7.1,4.4,3.1,1.8,0.6,12,2.1,93,84
3.86,5,93,6.2,6.4,5.2,1.5,2.6,8,4.2,100,97
3.11,2.8,84,7.2,6.5,4.6,1.8,0.3,12,1.6,100,100
3.56,1.2,82,6.3,7.3,2.9,1.3,0,16,1.7,94,90
3.35,2.9,83,5.7,5.6,3.3,0.1,7.4,11,2.1,88,88
4,5.8,100,5.6,8.5,5.1,0.4,6,14,2.3,100,100
4,4.8,97,8.9,4.5,1.4,2.3,1.7,14,2.6,100,100
3.05,3,90,8.1,8.2,5.3,3.7,5.5,15,4.4,97,89
4,3,91,9.1,7,2.5,2.1,5.8,17,4.3,100,96
3.24,3,88,7.6,9,5.1,0.4,0,22,6.4,100,84
4,6.6,100,6.5,4.4,2.8,2.9,4.7,12,6.4,100,98
3.62,4.1,88,8.6,6,3.3,1.6,2,14,1.8,100,99
3.83,4.1,100,7,7.8,2.7,2.5,3.8,6,6,100,98
4,5,100,7.3,5.4,2,1.7,9,17,4.2,100,100
4,3.9,100,6.9,3.6,2.4,2.9,6.2,19,1.2,100,96
2.92,3.1,79,3.5,6.2,4.9,2.6,2.7,15,7.8,100,74
4,3.2,100,8.9,4.1,0,0,5.8,5,4.1,100,97
4,3.4,98,7.6,4.7,0.9,2.6,0,10,2.3,100,98
3.85,3.4,97,7.4,3.6,1.7,1.7,4,12,3.4,100,100
3.86,4.6,100,6.9,5.1,1.2,1.4,4.1,8,2.6,100,98
3.43,3.6,88,7.2,10,5.1,2.4,4.4,23,2.7,100,95
3.9,4.6,93,6.3,9.4,4.7,2.1,2,14,5.9,100,100
3.67,3.4,94,7.7,8.6,3.7,0.8,3.8,17,2.7,100,100
3.13,3.6,97,5.4,5.5,1.8,2.1,4.7,17,2,96,81
2.58,0.5,70,7.2,7.6,4.8,0,0,13,2.1,70,86
4,4.9,100,7.7,2.9,0.4,2.7,2.4,6,5.6,100,99
3.11,4,77,6.8,9,6,2.1,1.2,16,1.9,87,86
4,5,100,7.4,3.7,1.8,2.2,4.3,22,4.9,100,97
2.93,0.5,64,5.8,5,2.4,0.9,5.8,10,1.1,78,72
4,6.6,100,5.8,6.7,2.2,5.5,1.8,9,5.3,100,94
3.77,3.3,100,7.3,2.3,1.2,2.9,0.8,16,7.6,100,93
3.95,5.2,100,7.8,6.9,5.7,1.3,3.2,17,4.2,100,100
2.48,1.9,75,4.8,8,4,2.3,0.7,18,6.7,98,94
4,4.4,100,7.6,7.2,4.6,2.2,2.5,11,2.7,100,100
3.28,1.9,81,6.3,1.7,1,2.1,2.3,11,1.4,89,96
3.87,2.6,82,6.8,6,3.1,0,4.2,1,4.7,100,84
4,6.4,100,5.4,6.4,3.6,1.9,3.6,12,5.6,100,100
3.8,3.2,83,6,5.7,3.2,2.9,3.3,9,1.2,100,89
3.84,3.8,99,8.2,4.9,1.1,0.9,6.3,1,2.5,100,98
3.88,4.8,93,7,5.8,4.4,0,3.5,21,4.2,100,100
3.62,4.2,74,6.5,6,3,0.8,2.2,13,4.5,93,94
3.77,3.7,95,6.9,4.1,1.4,1.7,2.4,3,3.9,100,94
4,4,95,7.6,3,0,3.8,1.5,14,4.5,100,100
3.91,7.1,100,7.5,4.6,3.7,1.8,1,21,4.8,100,100
3.59,3.4,83,6.9,8.9,6.5,0.8,0.2,18,1.9,94,96
3.78,3.8,100,8.3,4.3,1.3,2.9,5.3,17,3,100,94
4,5.1,100,8.2,6.7,3.1,1.1,1.6,6,2.9,100,91
4,5.2,92,7.5,9.7,4.5,0,3.6,9,3,100,100
4,5.3,99,7.1,4.9,0.9,0.5,2.4,8,2,100,95
4,4.5,93,7.8,5.7,2.1,2.3,2.9,12,2.2,100,99
3.45,1.8,77,7.4,6,1.5,0.4,5.3,16,2.8,86,98
4,6,100,8.3,6.9,4.3,2.8,3.4,14,1.7,100,97
3.58,1.8,87,8.1,9.7,4.8,3.9,1.2,7,4,97,100
3.51,4,95,5.8,7.3,3,3.4,1.9,11,5.7,92,91
3.2,2.4,70,5.7,4,1.5,0.9,4.7,17,4.3,85,80
3.74,3.4,85,6.2,7.4,2.1,0,4,15,6.9,92,91
3.84,4,100,8.2,5.4,1.9,0,4.8,14,3.6,100,100
3.62,4,88,5.1,6.9,1.3,1,2.5,8,2.1,100,87
4,4.1,99,7.5,6,2.6,0,0.2,13,3.7,100,100
4,5.9,100,7.4,6,3.7,2,4,6,2.5,100,100
3.85,4.2,98,8.4,5.6,3.5,3.5,3.5,8,4.4,100,100
3.68,3.1,86,7.2,5.4,2.8,2,3.6,5,1.1,100,89
4,4.9,100,5.4,5.2,2.9,0.9,0.2,21,7.3,98,100
3.99,5.3,100,5.8,7.2,2.7,3.2,1.7,21,6.6,100,100
3.44,1.7,88,5.6,3.9,0.9,0.8,1.1,7,2.7,90,99
3.81,4.4,89,6.4,4.1,3,1.1,3.8,8,4.5,100,99
4,4.6,100,6.8,5.2,1.9,1.3,3.9,10,3.7,100,99
3.74,3.1,100,5.6,4,0.8,0.4,2.9,18,6.1,100,100
3.86,5.6,100,8.8,5.8,3.4,1.5,4.9,15,7.8,100,100
3.59,3.3,83,5.4,5.2,1.9,2.9,6,19,4.8,93,99
4,3.7,100,8.6,6,3.1,1.6,3.7,20,5.9,100,97
3.43,3.2,97,8.4,7.9,4.1,0,4.3,14,5.6,100,94
3.93,3.5,100,8.1,5.1,1.4,1.7,1.9,13,3.5,98,95
3.02,1.9,84,6.2,6.3,2.9,2.1,1.5,19,1.9,85,89
3.18,1.3,78,7.4,1.5,0.1,1.1,5,17,5.2,84,90
3.6,5.9,98,5.5,10.6,5.1,1.3,1.3,17,4.3,100,98
3.97,2.2,95,8.1,1.9,0.8,3.1,4.4,14,5.9,100,99
3.33,2,73,6.9,4.8,2,1.1,6.4,17,5.2,84,88
2.94,0.5,79,6.5,6.5,4.8,2,4.3,10,2.3,95,92
3.14,2.5,79,5.5,5.9,2.4,1.8,2.8,9,4,100,92
3.33,1.5,84,4,4.2,1,0,0.3,10,2.8,86,100
3.71,6,100,5.8,6.7,3.9,0,3.3,23,5.1,100,99
4,5,100,8.3,8.6,3.8,1.3,5,7,2.7,100,90
3.65,2.5,84,6.5,6.2,1.9,2.4,2.6,17,7.3,96,100
4,6.9,100,6.8,4.6,2,3.7,5,22,5.7,100,95
4,5,100,7.8,6.1,2.1,0,3.7,14,3.7,100,100
3.49,3,96,9.2,7.4,2.5,0,3.6,10,5.7,100,100
3.55,0.5,76,8.6,4.3,0,1.4,2.4,15,1.7,84,100
4,6.9,100,5.8,5.3,2.5,2.3,0.1,10,3.5,100,97
2.65,1.4,76,4.7,6.6,5.5,0.3,2.1,7,1,77,83
3.3,1,82,9.8,4.9,1.5,2,2.1,19,2.4,100,75
4,5,100,9.7,5.7,1.9,2.6,4.2,18,2,100,100
4,7.2,100,7.2,3.1,1,2.6,3,10,3.8,100,96
4,5.6,99,5.5,6.7,3.7,4.4,5.2,10,7.2,100,100
3.91,4.3,100,8.2,7.5,4.6,0.7,3.6,13,7.2,100,92
3.41,4.4,97,6.9,9.3,4.6,0,2,12,3.9,100,96
4,4.8,100,6.9,6.1,0.9,0.6,1.4,8,0,100,100
4,4.6,100,8.1,7.9,3.5,2.8,1.8,4,4.5,92,100
4,3.9,94,7.4,7.9,5,3,3.3,5,4.4,100,85
3.31,3.7,95,5.6,8,3.6,0,2.3,6,6.3,100,100
3.93,3.4,100,6.6,7.3,3.5,3.4,0.8,7,6.3,100,89
3.35,2.4,93,7.8,5,2.1,0,5,13,2,100,84
3.23,3.1,87,7.6,8.6,3.1,1,3.3,8,0.5,99,80
3.1,1,72,7.3,6.8,4.7,2.2,3.5,8,2.9,74,97
3.91,3.4,80,8.1,7,3.3,1,1.4,6,5.5,100,92
3.72,2,90,6.6,4.9,0.9,2.2,0.9,6,5.5,100,98
3.07,1.8,78,7.2,4.8,2.1,0.9,2.7,6,3.7,100,81
2.91,3.8,77,3.5,8.3,4.6,1.7,0,12,2.2,98,90
4,5.6,99,6.5,7.4,3.3,0,4.6,17,6.1,100,100
4,4.9,100,7.9,6.3,3,3.6,1.6,20,1,100,100
3.2,1.1,75,6.5,5.6,2,1.3,2.5,12,2.7,100,90
2.75,2,84,6.4,7.7,4.6,1.1,3.9,17,0.6,78,87
3.97,4.9,98,5.8,9.3,5.3,2.1,2.6,8,2.6,100,96
3.35,2,83,8.2,7.4,4.7,0,0.7,15,4.6,100,99
3.31,3.2,85,7.7,7.6,5,1.3,6,8,4.5,95,92
4,4.3,100,8,5.3,2.3,0,0,14,0,100,100
3.4,2,76,4.9,6.4,2,0.5,0,8,3.4,94,81
4,3.7,96,6.8,3.5,2.6,1.4,4.7,8,3.9,100,90
3.08,1.5,87,6.7,4.8,2.9,2.1,0.1,12,1.7,94,91
3.43,2.6,92,6.7,10.6,4.9,0.8,5.5,20,5.5,98,97
3.58,4,88,6.3,7.8,4.5,1.1,3.8,16,3.4,100,89
2.84,1.1,77,6.6,6.1,3.6,2.5,3.6,8,3.2,73,91
4,4.2,100,8,4.7,0.7,1.1,1.9,7,3,100,92
3.45,3.5,95,4.7,2.4,0.3,0.5,1.3,8,2.3,95,93
3.82,4.3,100,9.1,3.7,3.2,2.1,2.2,15,2.8,98,100
3.55,3.8,100,7.6,7.5,4.1,1.5,1.2,13,3.9,99,100
4,5.5,100,6.9,4.8,2.7,1.4,5.4,15,9.1,100,99
3.81,3.7,100,8.1,8.8,5.7,3,1.5,9,7.1,100,87
3.17,2.9,87,5.3,4.6,1.2,0.9,4,14,5.5,87,90
3.69,3.7,100,6.2,4.2,1,2.4,5,13,1.4,95,100
3.67,4.3,100,6.9,2.7,1.8,0,1.2,18,5.1,99,100
3.95,3.6,98,8.6,4.7,1.7,1.1,3.8,20,2.3,100,100
3.71,3.6,97,6.9,7.1,3.6,1.6,1.2,17,3.5,100,98
3.51,2.4,86,7.5,3.5,2.2,1.3,2.7,18,3,100,100
3.79,2.5,89,6.3,1.7,0.5,0.5,2.1,12,6.1,99,100
2.63,1.4,68,7.6,5.8,4.1,0,1.6,9,4.3,74,70
4,6.1,100,9,4.1,0.2,0.7,3.3,12,7.3,100,100
3.38,1.6,93,8.2,1.8,1.2,0.8,0.6,11,5.3,91,83
3.68,2.5,96,6.9,4.4,0.4,1.8,4.9,11,5.2,100,80
3.9,2.4,89,7.8,6.6,3.1,2.8,0.8,12,5.5,100,92
4,4.8,100,7.7,5.8,3.1,0.1,0.5,11,7.4,100,99
3.48,3.1,100,7.6,6.9,5.7,1.9,2.5,10,8.7,100,88
4,5.4,100,8.3,6.2,4.2,0.7,2.3,11,2.9,100,87
3.49,2.5,97,8.3,8.9,5,2.4,3.7,16,6.4,100,88
3.77,3.9,97,6.8,7.7,3.2,2.8,3.2,8,2.4,99,100
3.64,2.2,89,7.8,3.1,1.3,2.4,0,19,7.8,96,98
4,6.7,100,6.5,7.4,3,2.2,5,17,4.1,100,100
2.71,1.7,76,5.9,7.5,3.7,0,2.4,12,7,86,82
4,4,75,6.7,6.9,3.9,0.8,3.5,1,7.3,100,95
4,4.5,99,6.9,4.2,2.1,2.7,7.4,1,3,100,100
3.62,4.1,80,5,5.8,3.5,3.8,5.6,13,2.5,100,97
3.62,3.2,92,8,6.6,1.4,2.6,3.4,15,3.7,100,100
3.3,3.3,84,3.7,4.4,1.2,2.3,0.3,21,3.2,100,74
4,3.6,99,10,5.7,1.1,1.6,0.3,10,5.8,100,90
3.6,3.3,87,8.8,6.1,2.8,0.9,5.3,9,2.6,100,96
4,4.9,96,6.7,3.5,1,3.5,2.2,6,2,100,98
4,6.8,100,7,5.9,2.2,2.2,2.7,15,5,100,100
3.07,2.7,82,7.4,9.8,4.2,1.2,0.7,12,5.8,92,73
2.96,1.4,77,6.3,3.5,1.3,1.9,3.9,10,2.2,93,76
3.73,3.4,96,7.2,6.1,2,1.8,5.3,12,5.3,100,97
4,7.4,100,6.8,6.1,2.9,2,6,12,6.2,100,96
3.22,2.3,75,6.9,4.5,3.2,2.5,2.1,17,2.2,99,83
4,6,100,7.2,3.3,2.1,0,4.3,10,4.5,100,92
4,6,100,5.4,6.5,4,0,2.8,12,0.8,100,98
3.31,2.7,92,7,7.1,3.7,3.1,4.8,16,2.8,91,83
3.71,4.4,90,7.2,8.6,4.5,0.5,3,11,5.1,100,86
4,5.9,100,7.2,3.8,2.7,1.2,1.4,8,3.9,100,100
3.57,2.9,86,6.7,5.8,2,2,5.6,6,4.8,100,94
4,3.2,94,8.4,4.7,1.8,1.5,3.2,7,7,100,100
3.45,2.6,90,6.6,6.3,3.3,1.7,2.3,9,5.2,89,89
3.05,2,66,7.3,5.9,2.2,0.7,3.4,17,0.6,99,89
3.58,2.5,83,8.6,7,1.9,3.7,1.5,8,3.5,93,100
3.24,1.7,96,6.9,5.5,2.1,2.4,3.8,11,1.2,80,86
3.94,3.6,96,7.3,3.2,1.8,1.6,2.6,7,7.6,100,92
3.56,2.3,84,6.9,5.9,3.1,4.7,1.4,12,0,100,96
3.88,3.9,98,8.5,4.7,0.7,0.7,7.8,13,5.1,100,99
2.82,1.2,82,6.7,7.4,3.3,2.2,1,14,4.9,66,86
3.94,4,83,8.5,7.6,3.8,1.7,3.7,21,1.7,97,100
4,4.8,100,6.9,4.3,1.9,2,3.1,12,2.3,100,100
1.99,0.5,47,6,7.1,5.7,1.9,0.9,13,4.6,74,68
3.72,4.1,99,7.8,6.5,2.8,5.1,2.3,9,3.8,100,93
4,5.3,100,6.6,2,0.5,2,0.3,23,2.1,100,94
3.31,1.7,69,7.7,6.2,2.4,2.1,7.1,16,6.1,94,82
4,6,100,3.7,6.7,2.9,0.4,2.5,16,5.2,100,100
4,4.1,100,7,5.9,3.5,1,2.6,17,0.7,100,94
3.36,2.4,93,6.4,5.3,2.4,2.1,6.9,16,6.4,93,100
3.69,3.4,81,5.7,4.5,1.3,1.1,1.4,18,0,100,86
4,4.3,92,6.3,3.5,1.2,2.4,5.6,11,1.7,100,97
3.83,3.6,100,6.3,3.1,1.8,1.3,4.2,23,4.7,100,100
4,4.3,100,6.9,5,2,0.7,0,4,5.1,100,95
2.63,2.1,95,5.4,4.2,1.1,0,2.3,11,4,84,88
3.49,3.8,96,7.4,6.3,1.7,3.2,3.9,21,4.2,100,94
3.14,1.4,79,8.6,5.9,3.8,1.1,3.1,11,2.5,71,77
3.68,3.3,92,7.3,9.6,5.3,1.2,3.1,15,3.7,100,97
3.66,2.1,72,8,5.5,3.9,2.6,1.8,10,3.8,92,91
3.45,2.4,85,8.3,6.2,4.8,0.7,1.6,14,6.4,90,99
4,5.4,100,8.5,6.9,4.3,3.7,2.4,10,4,100,100
4,5.1,100,9.2,5.9,4,2.1,6.9,18,4.7,100,100
4,4.4,86,6.4,3.7,2.3,3.1,1.2,13,2.4,100,97
3.06,1.9,83,6.1,8.3,3,2.7,2,3,6.3,80,84
3.64,3,85,7.9,4.7,2.2,2.5,3.1,8,5.9,97,85
4,5.3,100,7.8,8.3,2.5,0.9,0.1,7,6.8,100,100
3.81,3.7,100,7.9,4.7,2.9,0.1,3.9,19,2.2,100,100
4,7,100,9.3,4.8,3.9,2.8,0.4,6,0.3,100,92
3.62,4.1,92,7,7.9,3.4,0,0.8,11,5.2,100,99
3.85,3.8,100,7.5,4.7,2.6,0,0.7,23,4.6,97,100
3.3,3,73,5.8,6.1,2.9,1.2,0,18,4.9,92,92
4,3.7,100,9.6,4.9,3.5,1.1,5.5,8,3.8,100,100
3.71,3.3,86,6.6,6.8,3.8,0,4,8,2,100,100
4,4.6,86,6.6,1.9,0.5,1.3,4.8,7,6.2,100,96
3.77,4.9,95,6.6,4.1,1.2,1.4,4.7,13,3.7,100,98
2.91,2.3,79,6.2,6.9,4.5,1,2.7,10,5.2,86,94
3.03,1.5,83,6.1,6,2.7,1.7,2.9,13,3.2,100,87
3.11,0.7,73,6.4,6,2.2,0,5,14,2.4,88,82
3.73,4.3,94,5.4,5.7,2.4,2.6,6.3,12,3.6,100,100
3.33,1.8,86,6.1,5.9,2.4,3.8,0.5,13,3.3,100,95
2.75,0.5,77,9.3,6.5,3.6,1.3,8,12,3.2,81,82
3.86,4.1,100,7.9,3.6,1.1,1.6,0.4,8,6.1,100,100
4,7.2,100,8.1,6.4,2.8,1.1,2.1,5,1.5,100,90
3.25,3.5,89,8.4,6.1,3.2,2.2,3.1,12,4.1,92,81
4,4.8,100,9.2,6.3,3.4,2.6,3.3,8,0.8,100,99
3.76,3.6,96,4.9,6.6,3.1,0,6.9,17,4.8,99,92
3.81,3.4,99,5.5,5.4,3.6,0.9,5,6,5,100,96
3.7,4.9,98,6,6.6,1.9,0.3,3.8,10,5.6,100,100
3.52,3.1,89,6.4,4.1,1.4,3.3,5.1,13,2.8,100,87
3.3,3.9,95,6.6,9.6,6.5,1.5,3.7,18,2.8,98,83
3.59,4,100,6.5,5.2,2.3,1.1,1.6,10,3.5,99,92
2.8,2.5,83,7.3,6.3,2.5,2.3,4,13,6.2,82,98
4,5,96,7,7.2,3.8,1,3.1,15,3.3,100,100
3.61,3.2,81,6.1,8.1,5.2,0.7,1.3,16,4.2,99,92
2.51,2.4,82,4.4,6.7,2,0,5.5,14,2.8,91,84
3.67,4.3,92,5.8,1,1.3,3.2,2.9,21,7.5,100,90
3.54,2.2,90,6.3,5.4,0.9,2,0.8,10,1.5,100,83
3.24,3.5,74,6.7,9.3,5.2,0.9,1.1,21,2.8,89,86
3.69,3.5,87,5.6,2,1.2,4.5,4.1,15,5.1,89,97
3.98,5.1,100,6.4,6.9,2.8,2.3,5.1,13,4.1,100,100
4,4.2,91,5.6,5.6,1.3,0.6,4,14,2.1,100,100
3.61,3.5,94,6.8,4.3,0.6,4,4,17,6.5,100,88
4,4.7,98,5.7,3.5,2.4,1.3,1.4,8,1.9,100,92
4,5.6,100,6,5.2,1.4,1,3.2,13,3.7,100,97
3.7,4.3,87,5.4,6,1.8,1.4,2.3,11,6.8,100,89
4,3.5,88,6.8,8.1,5.8,2.1,2.6,20,4.3,100,97
2.97,1.5,68,6,6.9,3.4,1,2.8,9,4.6,85,71
3.18,1.9,73,8.1,6.8,4.2,3.9,1.7,22,6.2,98,82
3.28,3,81,7.5,8.1,4,1.2,4.5,10,3.4,93,97
3.36,2.6,86,6.9,5.2,2.6,1,1,5,5.3,90,91
4,3.2,100,6,4.4,2.1,0.1,0.4,8,6.4,100,100
4,3.6,100,7.5,6.2,3.2,1.7,1.4,8,4.8,99,100
3.89,4.3,96,7.8,4.5,3.1,0,4.8,20,5.3,100,98
4,3.4,92,7.2,4.7,1.9,0.2,3.7,5,2.6,100,100
4,4.2,100,8.9,6.4,3,2,0,14,3.3,100,100
4,3.6,97,7.6,5.7,1.7,1.7,4.2,19,5.9,100,100
3.02,0.5,70,8.1,5.8,2.5,1.9,2.9,26,7.4,85,74
3.35,2.1,90,7.2,3.6,2.3,1.4,2.2,11,5,100,99
4,3.3,100,7.8,5.5,0.9,0.6,2.5,13,5.6,100,90
3.26,1.7,92,6,4.7,0,0,0.3,6,3.3,78,87
4,4.4,100,6.4,4.5,1.4,1.6,3.3,10,4.7,100,98
4,5.8,100,7.4,7.6,5.5,0,0.5,23,3.5,100,100
4,5.3,99,7.4,4.7,2.3,0,2.3,16,2.8,100,100
3.33,3.2,74,7.6,6.8,4,2,2.3,18,3,96,99
4,5.7,100,8.3,3.3,0,2.1,4.5,15,4.8,100,100
3.19,3.7,92,5.3,3.9,1.3,2.2,3.1,17,0.7,94,89
3.92,3,95,5.8,2.8,0.8,0.7,4.4,22,1.4,100,100
3.53,2.6,95,7.3,6.7,2.5,1.1,0.6,10,2.5,97,88
2.87,3,82,6.1,9.7,6.4,1.7,2.8,16,4.2,89,85
3.61,2.9,88,10,5.2,3.5,1.6,4.1,9,2.8,98,94
3.75,3.8,96,7.6,8.6,5.3,1.5,5.5,2,8.8,100,98
3.55,3.7,85,6.9,5.6,2.4,0.2,0.7,13,1.3,100,100
3.3,3.5,79,6.4,6.9,4.8,0.7,1.3,13,2.3,85,100
4,4.2,95,6.4,10.3,5.9,2,4,12,0.3,100,100
3.98,5.3,96,7,5.8,2.6,2.3,6.2,9,6,100,98
3.71,4.9,98,7.1,4.7,2,1.8,3.6,13,2.1,100,95
2.99,1.3,73,6.5,3.7,0.8,1.8,0.8,14,2,84,81
2.79,0.5,74,6.7,5.8,2.3,4.2,0.8,22,4.7,81,74
4,4.9,100,8.6,5.8,2.9,3.3,3.3,15,5.9,100,100
2.95,1.4,81,8.7,8.7,5.8,0.9,3.7,15,0.4,89,91
3.46,3.2,91,7.3,5.2,0.9,4,2.6,8,6.8,100,89
3.23,1.7,76,5.4,4.2,2.9,2.6,0.8,7,4,86,97
3.34,0.8,86,7.6,1.6,0.1,3.7,5.2,7,8.6,86,95
4,4.3,99,8.9,6.1,2.2,2.4,2.3,11,2.6,100,100
3.98,4.6,95,8.6,9.2,3.3,0.6,4.1,12,6.5,100,99
2.96,2.6,82,7.9,7.7,3.6,2.3,0,13,4.5,89,88
2.58,0.5,69,8.7,8.9,3.7,1,5.4,8,2.6,72,71
2.89,2.7,87,7.1,5.9,3.4,2.6,1.6,1,3.9,100,83
3.23,4.1,97,7.8,5.9,3.7,0,5.7,10,4.7,100,77
3,1.3,74,6.2,6.4,2.9,2,4.2,17,2.5,75,81
4,3.8,93,7.4,5.3,1.2,2,0.1,10,2.4,100,100
4,3.5,94,8.6,1.4,0,3,3.5,12,5,100,100
4,4.4,100,6.3,4.7,2,2.8,6.3,4,4.5,100,100
3.93,3.7,95,6,5.6,2.6,1,1.8,13,2.4,100,86
2.9,2,75,7.1,6.9,4.7,0.8,6.3,14,1.7,89,90
4,5.3,100,6.7,4.9,2.6,0.7,3.8,9,0,100,93
3.47,3.3,100,7.8,6.5,2.5,1.2,5.7,17,3,100,90
3.48,3.5,90,6.5,7,3.4,1.2,3.3,18,3.4,100,84
3.8,2.1,88,9.1,6.4,2.4,2.8,2.8,23,5.8,100,98
3.32,2.8,95,5.5,7.4,4,0,6.7,7,6.1,94,98
3.33,2.2,89,8.5,7.8,5.8,0,4.4,13,6.4,97,98
3.53,3.2,77,6.1,9.6,6.1,0,2.5,6,3.8,96,99
4,6.1,100,4.8,4.8,2.9,1.3,3.8,15,2.3,100,97
2.68,1.4,76,7.3,5.9,3.3,2.3,1.9,14,6.7,83,78
2.93,1.1,62,6.7,7,5.2,2,3.2,2,1.9,89,93
4,5.7,100,5.7,4.9,2.6,0.2,5.4,13,1.1,100,100
2.98,3.2,79,5,6.9,3.8,2.7,2.7,11,1.8,85,89
3.94,2.5,85,7,3.6,1.1,3,1.3,6,3.3,98,89
4,5.1,100,8.2,4.2,2.3,2.5,1.1,11,2.5,100,94
3.54,2.6,100,7.7,8.9,4.5,0.9,3.1,22,3.3,94,100
4,6.2,100,7.1,4.6,1.7,1.5,1.4,15,6.9,100,100
4,4.5,97,7.6,5,2.6,2.8,0.1,8,2.3,100,97
3.94,2.8,90,7,2.1,0.4,1.4,0.6,10,1.6,100,94
4,6.7,100,5.3,6.6,5.8,1.7,5.4,2,2.1,100,100
3.3,2.6,79,5.3,7.4,4.7,2,2.7,7,3.5,96,79
4,4.6,94,6.8,4.4,3.1,1.3,3.1,20,3.4,100,88
3.61,3.9,99,6.8,7.5,3.6,0.9,1.1,17,2.5,81,100
4,5.5,100,8,6.4,3.4,2,1.8,14,2.2,100,95
3.58,5.8,94,7.9,9.8,4.9,2.4,1.8,14,3.4,100,94
4,3.5,90,7.7,5.3,2,0,2.4,19,0,100,96
3.33,2.4,86,6.7,6,3.9,1.5,0,14,4.2,85,82
3.22,4.2,81,5.3,5.1,4.4,0.3,5.2,11,2.3,100,89
3.14,2.5,82,7.5,8.6,4.6,1.5,3,12,4.9,94,91
4,6.5,100,7.6,1.4,0,3.2,3.4,11,0.4,100,100
3.92,3.7,95,4.1,4.4,1.9,2.2,4.8,11,5.1,100,100
3.66,3,95,6,6.3,1.3,1.3,4.7,20,2.1,96,87
3.79,3.8,99,6.2,6.7,3,4.2,1.8,7,4.5,100,96
3.88,1.5,87,7.1,3.5,0,0,4.2,9,3.1,97,86
3.57,2,83,6,4.1,0,0.8,4.2,3,3,94,90
3.77,5.3,100,7,10.2,6.1,1.7,3.6,17,3.5,100,91
3.3,2.5,80,6.7,8.6,3.7,0.2,5.1,14,1.6,97,99
2.93,1.9,80,6.8,5.3,3,0,4.6,21,3.9,82,81
3.58,4.3,82,6.1,5.8,3.3,2.8,4.5,9,4.7,100,86
3.77,5.3,100,6.2,4.9,3,3.6,5.7,8,3.9,100,99
3.48,4.6,96,5.7,7.3,4.3,0.7,3.1,6,0.6,100,91
4,5,100,7.5,4.7,1.9,4.5,3.1,14,1.1,100,100
3.29,2.4,93,7.7,4,3.1,0,4.6,10,3.9,100,91
2.92,1.4,72,6.1,5.3,3.1,1.7,2.6,14,3.8,88,84
4,5.8,100,8.8,5.9,1.2,0,4,10,7.1,100,100
3.52,3,80,6.6,8,4.7,1.5,1.9,19,3.6,100,86
3.87,3.1,97,8.8,6,2.1,1.6,0,18,7.9,93,100
4,5.5,100,6.2,7.2,4.3,1.4,4.2,12,3,100,100
3.4,4.3,75,4.6,3.7,3,0,0,17,3.7,100,88
3.48,4.2,90,7.5,8.1,5.3,1.7,1.6,11,3.8,100,99
4,6.7,100,7.3,5.5,1.2,1.5,4.6,12,3.3,100,100
3.35,2.5,72,7,2.8,1.2,1.8,4.7,1,5.5,96,82
4,4.9,100,6.2,5.3,1.4,0,5.4,15,4.5,100,83
3.61,3.6,90,7,4,3,3.3,0,12,5.2,100,95
3.58,3.9,86,6.4,8.1,5.1,0.6,3.6,16,2.9,100,97
3.82,5.8,95,6.6,8.9,5.2,2,2.5,16,4.6,100,97
4,4.3,100,8,2.6,0,2.2,5,8,2.8,100,100
4,4.3,89,7.2,9.2,3.2,2.2,6,11,2.4,100,100
4,5.1,100,7.7,2.4,0,0.1,0.4,10,5.3,100,93
3.15,3,85,6.7,6.3,4,0,3,17,5.4,87,78
3.42,2.2,88,6.6,7.7,4.5,3.7,4.7,20,7.5,96,86
2.47,1.9,82,5.6,4.8,2.7,3,2.3,16,4,78,83
3.4,0.6,77,6.6,4.2,2.9,3.7,6.5,22,5.2,100,96
4,6.6,100,3.5,4.6,2.9,1.5,2.2,15,1.8,100,96
3.33,1.8,86,6.3,5.5,1.6,2.6,2.4,7,4.5,100,82
3.31,3.2,81,6.9,6,3.4,0.3,0.9,5,3.3,99,75
3.97,3.1,88,7.7,7.5,2.5,2,3.3,7,2.4,100,100
3.47,4,86,6.7,6.7,4.2,1.5,0,10,2.8,92,87
4,4.7,100,7.4,6.5,2.6,1.9,2.5,9,3.8,100,100
4,4.8,96,4.4,5.1,1.5,1.5,5.5,12,5.7,100,100
3.78,2.6,83,6.9,3,0.5,2.8,0.2,11,6,94,99
3.83,3.2,100,5,1.9,0,0.3,0,12,5.4,100,93
3.46,3.9,97,5.6,5.7,4.8,1,5.2,24,7.9,100,87
4,3.1,93,6.8,5.8,2.1,1.6,5.5,16,6.2,100,92
4,5.9,100,8.5,7.7,3.3,2.5,0.3,13,4.8,100,100
3.76,4.2,94,7.4,6.6,5.5,2.2,6.5,17,5.5,100,94
3.59,4.6,97,7,4.6,2,3.2,3.9,8,4.1,100,100
4,4.5,100,7,4.1,1.9,3.7,5.1,8,4,100,99
3.91,5.3,95,6.1,6.3,2.6,2.4,1.4,17,2.2,100,100
3.78,3.8,99,6.3,5.4,2.8,1.8,6,12,5.7,100,96
2.83,1.6,80,7.5,10.2,5.6,0,2.5,13,3.6,81,96
3.45,4.1,96,5.3,7.6,5.1,0,2.4,6,3.8,100,88
3.79,2.5,87,7.7,5.2,3.7,0,4,10,4.1,100,97
2.74,2.7,79,6.5,7.4,5,0.2,2.2,10,5.1,84,84
4,4.4,100,8,5.1,2.5,2.3,0,10,1.8,100,100
4,5.4,100,8.2,6.8,3.2,0,3.3,23,3,100,96
3.67,3.5,96,5,4.9,2.3,3.3,2.4,23,2,100,100
3.77,4,99,6.3,4.4,0.9,1.5,1.5,18,2.7,100,100
4,6.1,100,6,6.7,4.6,0,5.5,12,3.7,100,92
3.53,3.9,92,4.8,6.2,3.6,3.5,7.8,9,1.9,98,97
4,7.4,100,5.8,4.9,2.8,3.2,1.2,7,3.3,100,87
4,4.3,94,9.9,4.8,2.8,2.7,3.4,14,3.3,100,100
3.12,0.9,70,7.7,5,0.5,1.6,2.2,18,2.3,79,84
4,4.6,100,9.3,3.4,1.3,2.3,7.6,16,5.5,96,100
3.85,4.1,100,8,5.9,3.3,0,4,13,5.5,100,100
4,5.4,100,6.1,6.3,2,0.6,4.9,15,5.7,100,93
4,4.5,88,6.5,6.4,2.5,0.7,5.4,12,0,100,100
3.78,3.3,100,7.7,7.6,2.6,0,3.3,11,5.9,98,95
2.79,1.7,71,7.5,5.4,1.8,1.3,2.6,7,3.9,81,73
3.29,3.2,96,6.3,3.6,1.3,1.9,6,10,1.6,95,85
3.2,2.2,79,5.2,5.9,0.4,0.3,4.6,14,8.4,85,92
4,2.6,100,10,6.3,2.6,1.2,1.3,10,2.2,100,100
3.72,4.4,93,6.8,6.5,3.7,0.8,1.6,6,1.7,100,93
4,6,100,6.6,3.4,0.3,0,2.2,13,5.9,100,100
4,4.1,97,7.1,6,2.8,2.2,5.3,14,2.9,95,100
2.51,1.7,72,6.7,5.9,3.2,2.7,5.9,10,4.6,66,86
4,4.2,100,7.1,2.6,1.3,2.6,7.3,12,2.2,100,94
4,5.3,100,8.5,9.9,4.9,1.5,1.6,1,0.4,100,100
3.76,2.6,83,6.9,5.2,2.2,0.2,3.3,16,6.2,97,100
3.51,3.3,81,5.6,5.8,2.6,1,2.2,13,6.5,100,90
3.86,3.5,84,6.8,8.1,2.6,2.6,2.6,19,5.4,100,88
3.82,2.3,84,6.4,2.3,0.1,2,4.9,11,5.6,90,84
4,4.5,100,8.7,8.1,4.3,0,2.9,16,0.5,98,99
3.75,3.3,96,8.4,3.4,1.4,1.7,5.6,18,5,100,100
3.96,4.1,100,7.1,5.8,2.4,1.5,2,12,1.6,100,90
2.75,2.2,67,5.5,6.9,3.7,1.1,4.5,14,6.3,68,79
3.12,2.8,65,5.5,8.9,5,1.5,2.1,13,7.3,79,79
4,4.6,96,7,5.6,1.2,0.4,0,4,2.8,100,89
3.31,2.9,96,7.4,4.4,2.1,2.7,1,14,4.5,100,93
4,6.1,100,6.6,9.6,4.9,1.8,3.2,7,5,100,100
4,2.9,93,6.4,8.3,3.5,2.9,6.8,8,3.9,93,99
3.48,3.8,100,6.3,6.5,3.8,0,2.1,15,3,93,88
3.87,4.9,98,7,4.2,1.2,1.6,2.7,18,4.9,100,100
2.56,1.4,80,4.1,4.6,2.2,3.8,4,16,2.1,78,73
2.44,0.9,84,5.7,5.1,2.5,0.7,1.8,15,4,80,85
3.29,1.2,86,6.2,3.1,1.5,2.9,2,14,6.3,94,84
4,5.4,100,8.4,4.2,0.3,1.7,3.1,16,3.7,100,100
3.2,2.7,72,6,2.5,2,2.9,2.1,20,6.2,97,99
4,7.3,100,7.2,7,4.8,0.9,0,9,8.3,100,90
3.27,2.7,84,7.3,5.8,2.9,3.2,1.7,9,1.4,87,83
4,3.8,100,8.6,9.5,4.9,2.2,4.2,16,3.5,100,98
4,5.8,100,8.5,5.4,3.1,0.3,4.3,3,2,100,98
4,6.5,100,6.9,5.2,1.7,2.6,5.7,12,3.9,100,95
4,6.6,100,6.4,7.6,4.7,3,5.5,13,4.3,100,100
3.96,5.3,100,6.2,7.2,3.1,3.2,1.2,9,2.1,100,100
4,5,96,6.7,7.7,4.2,0,1.5,2,3.9,100,100
4,4.4,100,6.5,5.2,1.2,1.8,1.6,19,3.9,100,100
4,4.7,97,7.7,6.7,4.4,4.4,2.7,9,1.6,100,99
3.06,2.7,67,7.5,6.2,4.4,1.9,1.8,9,5.8,91,94
3.32,2.3,89,7.7,6.6,3.2,0,2.7,19,3.5,100,92
3.93,3.5,100,8.5,4,1.6,2.3,1.3,1,0.7,100,88
3.95,3.2,89,9.2,5.7,2.7,2.7,4.6,20,9.6,100,94
3.81,2.8,93,7.1,7.1,3.7,3.3,1.1,23,0,100,94
4,4.5,97,8.3,7.7,3.2,0.7,1,8,4.2,100,90
4,4.9,89,6.6,7.6,3.7,0,4,10,6.8,100,100
3.56,3.6,89,8.4,6.5,4.3,3,4.4,14,3.2,100,93
4,5.7,100,8.3,3.4,1.8,1.4,2.5,13,2.4,100,84
3.48,1.8,76,8.2,6.1,1.1,1.2,4.7,17,2.2,84,75
3.7,3.2,100,7.1,3.8,2.7,0.4,4.6,14,4.6,100,84
3.1,2.4,72,6.2,4.8,2.3,1.9,6.8,16,4.7,92,86
2.44,0.7,63,5.3,7.8,4,0.7,4.5,29,7.7,87,81
4,3.4,88,7,6.2,1.2,0,6.4,4,6.9,100,100
3.33,3.3,100,8.8,7.1,4.3,0.6,3.1,19,5.4,100,94
4,5.8,92,6.6,7.8,4.8,0.6,5.8,19,1.9,100,91
4,4.4,100,7.9,4.7,2.8,0,5.8,7,0.9,100,89
3.29,2,86,8,6.1,2.9,1.2,2.7,8,1.7,98,100
4,6.3,100,6.7,3.2,1.6,0.1,1.6,15,4,100,100
4,5.3,100,8.6,4.1,2,1.2,2,6,5.2,100,100
3.65,4.4,92,3.5,6.1,2.2,2.1,3.8,9,4.5,96,100
3.55,3.2,88,5.5,7.5,5,2.3,0.7,13,2.3,93,95
3.48,2.1,76,5.9,6.8,2.7,0,2.1,9,8.4,88,91
4,2.9,96,6,3.6,0.8,2.7,5.4,11,4.1,100,100
4,5.1,100,7.4,4.6,3.2,3.7,4.3,8,6.8,100,100
4,6.3,100,7.3,8.4,4,2.2,0,7,6.5,100,100
4,5.8,100,7.5,4.2,2.8,3.6,0.3,14,6.3,100,91
3.43,2.8,83,7.7,7.3,5,2,7.3,11,3.1,100,95
2.6,1.8,77,5.9,6.8,4,1.4,5.4,13,2.9,85,84
3.36,3.7,95,5.5,5.4,1.2,0.8,1.8,16,3.2,96,96
2.87,0.8,76,7.5,4.4,2,2.4,0,13,8.9,76,79
3.86,4,100,6.2,5,3.1,0,0.5,10,2.4,100,92
3.57,3.3,97,5.1,3.5,0.3,2.3,4,8,2.5,100,86
3.73,2.8,95,8.2,6,3.3,3.6,7,14,1.7,100,97
3.45,1.1,87,8.7,2.6,0.2,2.1,6.8,22,3.2,87,89
3.53,4.3,100,8.9,7.6,4.3,0,0,16,4.6,100,97
3.67,2.7,86,7.2,5.8,4.2,1.1,2.4,4,6.1,100,96
3.59,1.7,95,7.8,4.5,3.6,2.7,1.3,2,3.8,95,98
3.51,0.5,77,8.6,7.4,1.8,1,3.3,8,1.7,92,91
3.9,3.5,97,6.2,6.2,3.1,2.4,0.3,4,1.1,100,97
4,6.2,100,8.3,5.2,2,0,1.9,6,4,100,97
4,6,100,7.3,3.4,1.3,0,1.3,1,2.4,100,100
3.96,2.8,89,8.1,6.4,2.3,1.5,4,13,4,100,96
3.27,2.6,79,7.2,6.2,3.8,0,2,6,0.6,90,80
4,4.2,97,8.6,2.6,2.9,3.1,2.3,6,6.2,100,100
3.02,2,82,7.3,7.3,5,0.5,4,9,6.8,87,86
3.68,4,100,5.2,6.6,3.9,2,6.3,9,5,100,88
4,4.6,100,8.7,6.6,3.8,3.1,7.2,11,3.5,100,91
4,5.3,100,5.9,3.2,0.4,1.6,3.9,5,5.7,100,91
3.79,3.3,93,8.5,4.6,2.4,0.4,2.8,17,3.5,100,89
3.7,3.2,93,6.9,3.3,1.2,0.6,5.6,13,4.9,100,100
3.63,2.2,76,8.4,5.1,2.5,1.9,5.3,14,2.9,100,100
3.82,2.3,86,8.4,2.8,1.8,0.4,4.8,10,5.2,100,95
3.7,3.2,89,7.5,2.9,2.2,1.3,0,17,3.3,100,98
4,4.1,100,7.6,7.5,4.4,1.6,5.4,14,2.4,100,100
3.92,4.9,100,7.5,6.6,3.5,1,3.7,13,2.5,100,97
2.57,2.3,68,4.6,8.4,4.3,0,1.2,17,2.6,81,89
4,5.7,100,7.1,3.1,0.4,1.9,1.7,4,2.7,100,91
2.96,3.1,77,5.7,4.5,2.9,2.2,4.2,13,4,100,88
4,3.5,100,7.2,5,4.3,0.3,0,9,5.5,91,100
3.2,2.4,67,5.6,7,5.1,1.9,2.7,8,1.2,99,80
3.23,0.5,87,5.6,4,0.5,0.8,1.7,16,0,100,98
4,4.8,100,8.9,7,2.3,0,1.5,19,3.1,100,93
4,4.6,98,8.3,7.5,4.4,0.8,2.1,18,3.5,100,100
3.47,3.1,82,7,4,2.5,0,0,12,4.5,86,90
4,3.6,100,7.2,3.3,1.4,1.7,5.1,10,6,100,91
4,4.3,100,6.7,2.5,0.5,2.5,0,18,4.3,99,100
2.89,1.2,88,7.7,3.9,1.4,5.2,3.3,7,5.9,62,88
3.52,2.7,89,6.2,4.6,0.3,3.3,1.3,20,4.1,100,100
4,4.7,100,8.2,7.3,2.9,3.1,7,10,0.2,100,89
3.24,1.6,88,6.7,6.9,4.1,0,3,12,3.2,100,88
4,3.9,100,6.5,4.1,0.9,1.9,0,9,3.5,100,97
2.64,1.5,70,7,5.2,3.2,2.1,4.1,12,3.7,78,83
3.15,4.2,98,6.3,5,4.1,0.8,0.8,7,5.7,99,89
3.85,3.4,99,7.4,7.9,2.8,0,5,10,4.9,100,88
3.06,1.1,93,6.4,1,0.4,2.1,4.2,13,4.6,80,87
4,5.2,100,7.6,4.2,3.4,0,5.9,11,3.8,100,100
3.4,2.4,97,8.5,7.9,2.7,1.1,3.4,1,4.2,100,96
2.96,2.3,88,6.1,5.6,2.6,2.2,4.6,24,3.1,80,93
4,3.8,85,6.8,3.6,2,1.9,3.1,20,3.3,95,86
4,5.2,100,7.6,6.7,2.9,1.9,1.8,6,0.2,100,94
3.41,2,81,6.5,7.5,3.6,1.2,5.1,9,6.2,100,83
2.93,3.6,100,7.6,7.8,6.4,0.5,0.5,11,3.7,93,85
3.91,4.1,87,7.7,5.4,3,0.8,2.9,15,5.3,100,100
3.5,4.5,89,8.3,9.2,5.1,0,1.9,14,1.2,100,89
3.83,3.8,98,6.3,5.3,3.3,0,4.7,7,2.4,100,91
3.37,2.9,99,5.9,6,2.7,2.5,1.1,24,2.5,97,90
3.06,2.3,82,6.6,7.7,3,1.4,2.2,10,7.4,88,79
3.56,3.6,94,5.8,1.1,1,3.1,3.1,21,4.6,100,83
3.49,1.9,84,7.7,5.9,3.3,1,6,9,5.1,100,93
2.6,0.5,71,5.6,3.3,0,4.1,1.9,17,3.6,66,84
4,4.2,100,9.8,2.3,1.5,1.3,2.2,14,3,100,97
4,4.9,100,8.6,5.4,3,3.2,0.3,8,6.1,100,100
2.78,0.5,74,7,8.9,4.6,2.7,1,15,3,80,73
3.47,2,70,8,7.1,4.9,2.2,3.8,13,7.8,88,83
3.79,4.4,100,5,3.6,2.4,3.3,3.1,17,9,100,94
4,6.6,100,10,7.4,3,3.2,3.1,8,0,100,100
3.36,3.5,80,6.3,7.8,4.3,1.2,6.5,12,5.3,100,88
3.83,2.4,100,6.9,3.7,0.8,1.3,0,16,4.8,100,100
3.21,3.2,86,4.8,6.3,3.4,2.1,7.6,3,1.9,100,83
4,5.6,100,7.6,5.8,1.6,3.6,5.4,6,1.4,100,85
3.07,2.5,74,5.7,5.9,2.5,2.2,2.3,12,4.4,100,79
3.57,2.3,83,7.1,5.9,2.1,3.6,3.8,13,1.4,100,95
2.9,2.8,88,6.3,5.7,3.5,2,1.6,12,4.4,100,82
3.15,2.1,83,5.7,4.3,3.6,0.6,3.6,16,5.4,80,85
3.44,3.7,92,6,7.8,4.1,0,7.3,11,7.9,100,84
4,5.9,95,7.3,7.6,3.3,2.3,1.7,17,4.4,100,97
3.59,4,94,5.5,5.8,3.1,0.8,2.5,14,4.4,99,100
3.48,3.1,85,6.1,9.7,5.6,2.5,1.5,6,5.3,92,80
4,3.1,99,7.8,3.1,0.5,1.8,1.8,13,2.8,100,98
3.18,1.2,78,10,8.2,5.3,0.9,2.2,12,4.2,90,87
4,4.8,94,7.6,7.5,2.4,0.3,0.8,9,5.6,100,94
3.58,3.4,81,5.9,6.4,3.7,0.9,2.5,4,3.4,100,78
3.74,3.2,100,6.6,4.9,2.3,0.1,3.1,6,5.4,100,100
4,8.3,100,7,2.5,1.7,0.3,2.2,8,4.9,100,96
3.33,3.9,88,6.6,7.3,3.5,0,0,17,2.9,100,87
3.63,2.4,82,8.1,6.5,4.4,0,2.7,10,5.8,92,97
3.47,2.9,78,7.3,6.7,3.5,1.7,2.9,18,4.2,85,85
4,5.2,100,8.1,4.6,2,4.1,6.8,7,4.7,100,99
3.52,3.7,73,6.6,10.5,8,1.8,3.1,8,4.8,86,92
3.41,1.3,86,8.6,7.5,4.6,1.8,4.9,9,5.5,100,100
3.71,4.9,89,6.8,7.2,4.2,3,2.1,11,3.2,100,95
3.46,2.5,82,5.8,6.7,2.3,1.7,5.6,13,2.7,91,94
4,6.3,100,9.6,6.7,1.9,1.7,1.1,15,4,100,84
3.62,5.1,100,4.8,6.2,2.4,0,4,18,2.9,100,100
3.12,2.8,81,6.1,8.9,4.4,1.5,4.7,1,0,80,83
3.69,5.4,100,6.2,5.3,1.3,0.7,4.4,22,0.7,100,100
4,3.6,100,10,4.8,1.2,1.3,7.3,7,5.4,97,100
4,4.8,100,9.2,8.3,3.6,0.8,1.8,13,3.7,100,99
4,4.2,99,8.8,4.7,3.3,0.8,5.8,17,3.1,100,96
2.82,2.2,71,6.6,3.8,1.6,1.2,5.3,15,4.3,99,81
3.64,2.5,96,9.9,3.2,1.2,1.7,3.1,18,5.6,100,99
4,5,100,7.4,7.6,5,0.3,6.7,17,4.7,100,99
3.63,3,80,8.2,7.1,3.3,1.1,2.7,14,6.9,93,92
4,2.9,87,7.2,2.5,0.8,1.4,3,16,0.1,100,98
3.63,2.1,87,6.9,4.5,0.9,1.7,3,6,5.2,100,86
3.64,4.1,100,6.7,4.6,2.3,3,0.5,8,5.1,100,96
4,6.6,100,6.7,6.5,3.9,2.9,4.5,7,3.9,100,100
3.15,1.9,73,7.7,6.9,3.7,2.9,4.2,1,6.2,100,77
3.64,3.5,91,7.4,9.5,4.5,2.5,2.8,7,4.3,100,88
4,5.6,100,7,2.7,0.6,5.1,6.5,7,3,100,100
3.52,3.4,94,8.8,6,3.1,1.7,2.1,7,5.9,97,100
3.43,4.2,100,3.5,6.6,4.9,0.2,0,15,0.7,89,80
2.81,1.9,79,7.6,6.9,4.8,3.9,6.8,8,5.4,79,95
3.95,4.1,100,7.9,5,3.3,1.7,5,16,4.8,100,100
3.72,3.2,77,8.4,9.6,6.3,3.7,4.3,4,5,95,100
4,5,95,6.9,7.2,3.7,1.3,2.3,9,4.8,100,94
3.68,5.3,96,7.2,8.2,4.4,3.6,3.7,10,8.5,100,100
4,7.4,100,8.2,5,2.9,4.7,0.5,18,3.5,100,100
4,4.4,91,8.8,5.2,1.6,0,2.5,12,4.9,100,97
4,4,100,6.6,4.6,1.5,0.4,1.2,13,8.8,100,98
3.71,3.8,98,7.3,6,3.1,2.5,3.5,7,2.2,100,96
3.43,3,86,9,4,2.5,2.8,4.8,16,4.6,100,90
4,4,91,4.5,3.3,0.1,1.7,0.9,12,4.6,100,96
3.77,3.1,92,6.2,4.5,1.3,1.7,4.4,3,4.6,100,100
4,3.8,100,8.8,5.4,2.3,0.5,3.4,16,4.3,96,100
4,5.5,100,8.3,7.4,3.9,3.1,4.4,13,4.2,97,100
3.2,2,93,7.6,6.6,2.8,3.1,2.5,10,2,99,87
4,5.2,99,6.5,4.4,2.7,2.4,4.4,10,1.5,100,100
4,5.5,100,5.9,4,1.3,0,1.6,7,2.5,100,93
3.04,3.3,82,6.3,6.4,2.8,1.8,0,18,4.8,95,96
3.2,0.5,84,8.9,7.5,4.8,1.3,0.1,16,3,84,95
3.15,2.6,87,6.2,7.2,3,1.4,2,7,3.1,95,94
4,5.4,100,7.1,3.6,0.5,0,0,12,0.3,100,88
3.8,3.5,92,6.1,1.6,0.9,0.8,6.1,8,1.9,100,94
3.65,2,91,8,7.7,3.7,1.7,2.8,6,4.9,100,93
3.58,2.7,93,6.4,5.4,2.5,1.7,4.8,20,3.6,100,94
4,4.8,100,6.9,3.6,2.7,1.4,4.6,10,7.2,100,100
3.7,4.3,86,5,4.6,1.9,0.8,3,8,4.7,100,84
3.53,3.1,85,5.1,5.1,3.6,1.7,10,6,8.1,98,99
3.92,2.9,98,7,6.2,2.3,0.3,8.9,11,4.2,100,100
3.57,2.9,79,5.4,5.5,2.5,2.1,5.8,1,1.6,98,100
3.82,2.1,95,9.5,3.4,1.5,2.2,1.2,11,4.7,100,93
4,5.9,100,4.5,8.2,4.2,0.5,5.9,18,1.4,100,100
3.55,3,94,6,6.1,2.5,2.7,0,17,3.1,100,100
3.59,5.3,100,7,6.4,3.7,0.5,5.8,14,4.1,100,92
3.91,5.8,100,6.6,2.5,1,1.8,0,24,4.5,100,96
4,5,99,5.7,7.4,5.4,2.6,2.4,13,2.2,100,88
3.45,2.9,92,5.9,6.7,4.7,1.5,5.4,7,4.8,100,87
3.92,4.1,95,5.8,3.9,0,0.8,3.8,16,3.2,100,79
3.59,3.5,97,6.7,2.6,1.6,1.5,0,13,5.5,93,91
3.93,2.1,96,9.3,6.4,3.5,2.4,3.3,12,0.3,100,99
3.93,4,94,7.1,3.5,0.8,2,3.8,13,3,100,89
2.71,1.7,78,8.4,6.8,2.6,0.9,3.4,10,0,84,89
3.67,5.3,100,7.6,6.7,3.4,1,2.2,21,5.8,98,94
3.86,2.8,100,8.3,6.1,2.5,1.5,4.7,4,7.9,100,98
3.12,3.8,86,3.6,6,3.6,2.6,5.3,16,1.3,100,96
3.63,3.9,98,6.6,3.3,1.8,2,2.7,13,0.6,100,98
4,3.1,100,8.6,2.6,0,1.3,6,14,3.8,89,97
3.84,4.4,91,6.3,8.2,4.3,1.1,2.7,10,2.6,100,94
4,2.8,100,9.1,8.2,4.3,0,2,20,3.2,100,93
3.86,4.8,91,8.8,9.1,6.6,4.4,5.7,16,2.2,100,99
3.57,1.5,84,6.4,2,0,1.1,5.6,8,3.6,100,79
3.31,3.7,92,6.4,5.6,3.9,0.6,1.8,18,4.3,100,87
4,6.4,99,5.8,2.8,0,3.2,1.5,14,4.4,100,93
2.38,2,69,6.2,8.6,5.4,0.9,6.5,9,6,85,73
3.15,2.5,71,5.5,8.3,3.5,1.9,2.8,4,4.4,95,82
4,4.3,100,7.5,4.5,1.4,1.3,3,16,4.2,100,97
3.29,3.8,76,5.3,7.7,4,1.1,2.5,8,6.3,91,79
3.87,4,100,7.7,4.1,2,2.2,5.6,15,3.1,100,100
3.88,4.2,89,7.8,6.4,3.3,2,7.3,19,4,100,87
3.62,4.5,100,5,6.3,3.1,0.2,3.1,8,1.4,100,100
4,5.2,92,8.9,8.2,5.4,1.2,7.8,19,5,100,88
3.98,4.1,96,7.6,8.5,5.5,2.4,1.9,6,1,100,83
4,3.1,100,7.9,5.1,1.9,2.1,2.4,19,5.1,100,100
3.68,4.5,99,6.1,8,4.4,1.3,4.3,21,8.2,100,100
4,6.3,100,7.7,7.7,3.3,0.3,1.4,16,1.2,100,96
3.9,3.3,100,8.4,1,0.7,3.2,4.3,14,6.5,97,100
3.5,2,89,6.9,6.1,1.8,2.4,2,16,4.4,92,91
3.87,5.2,84,9.4,7.2,6.3,4.9,0,10,3.9,100,100
3.83,3.3,92,7.1,6.7,3.3,1.6,0,5,1.4,100,97
2.96,0.5,94,8.4,10.1,4.3,2.3,2.4,8,5.5,78,76
4,4.8,100,7.4,5.4,2.5,1.9,3.8,23,5,100,100
3.51,2.7,86,7.7,5.2,2,0,0.3,6,1.3,85,85
3.5,3.4,93,5,5.4,2.8,1.9,3.4,17,3.7,98,93
4,4,95,7.4,6.2,2.4,0,3.4,11,2.9,100,100
4,3.8,100,6.1,4,0.6,0.5,2.7,10,4.6,100,95
3.99,4.6,95,6,3.5,1.3,1.9,1.1,20,4.8,100,100
3.68,2.8,100,9.1,6.8,3.9,1.5,3.5,12,1.4,100,100
4,4.3,100,6.7,3.9,2.2,0,2.7,17,2.6,100,99
3.39,3.1,93,5.8,5.7,2.8,1.8,5,24,2,92,79
3.67,4.6,100,6.6,5.7,3.2,0,0.4,11,2.2,100,86
3.71,4.4,100,5.4,6.5,3.3,2.4,3.2,14,4.8,100,100
3.71,2.1,91,8.7,6.6,4.5,1.4,0.5,16,4.2,100,87
4,5.1,100,6.2,3.9,1.2,3.1,2.5,10,5.3,100,95
3.54,2.7,92,7.6,6.7,3.7,0,0.8,14,3.8,100,100
3.63,4.7,100,8.6,7,3.9,0,1.2,18,6.6,100,97
3.32,4.1,87,6.4,7.6,4.3,2.9,3,16,4.4,100,89
4,6.3,100,7.6,3.5,0.7,3.2,1.9,13,3.7,100,100
3.6,3.2,91,5.8,5.3,3.2,4.8,5.9,1,4,100,95
3.72,3,95,9.9,8.5,5.4,1.9,5.4,5,2.5,96,100
3.54,3.5,95,8.1,5.5,2.7,1.9,4.6,21,2.7,94,87
3.49,3,84,6.8,7.7,3.5,1.9,4.6,7,5,98,100
3.96,4.7,96,6.1,8.4,4,2.5,3.3,18,4.3,100,97
3.22,1.1,78,6.9,2.7,1.3,1.5,5.6,6,7.6,100,90
2.83,1.9,78,6.6,9.3,5.6,0,2.4,7,7.1,87,79
3.75,1.9,83,9.3,7.5,3.5,1,7.2,15,1.8,89,97
3.65,4.9,100,5.5,5,3.6,0.9,1.1,20,3.6,100,98
4,6.1,100,7.2,4,0.3,0.8,0.7,15,6,100,99
2.88,3.3,84,7,8.1,4,2.5,0.2,14,6,97,92
3.42,3.2,88,6.9,5.5,3.6,3.8,0.6,5,5.4,100,96
3.1,3.6,80,6.9,7.9,5.2,1.4,0,1,4.9,100,97
4,5.2,100,6.9,5.5,2.3,0.1,3.4,10,3.2,100,96
3.64,2.1,93,8,5,1.3,1.1,4.7,13,5.6,100,100
3.96,3.9,99,7.7,3.6,1.8,0.1,3.1,12,4.8,100,100
3.86,5,100,7.5,6.4,2,1.4,0.2,23,4.7,100,90
3.42,4.3,93,3.5,1.7,1.1,0,2.1,4,6.9,100,87
3.67,3.8,92,7.4,9.3,4.7,1,4.7,10,3,99,94
3.21,5,90,5,8.5,4.8,2.5,2.3,20,6,95,97
3.15,0.5,67,7.8,4.8,2.5,1.5,1.4,15,0,81,89
4,4.5,100,8.8,6.2,2.2,2.1,0,7,4.9,100,100
3.87,2.5,98,5.9,1.8,0.1,2.2,2.2,1,2.3,100,95
2.91,0.8,64,6.7,6.9,3.8,0.2,1.6,10,3.6,79,79
3.7,4.3,90,6.3,8.6,5.3,1.4,2.8,7,3.6,96,99
4,5.6,100,8.5,5.1,1.8,2.9,4,10,7.2,100,98
3.73,3.3,98,7.1,4.6,2.6,1.8,2.4,23,3.3,99,94
4,4.9,100,9.1,5.9,3.5,2,3.4,7,4.8,100,96
4,5.9,100,7.5,8.6,5.4,1.2,3.9,9,5.6,100,100
4,5.5,100,7.3,5.2,3.1,0.3,0.5,17,2.2,100,100
4,6,100,7.1,6.4,3.1,1.3,6.8,13,3.9,100,100
3.92,4.6,100,8,5.4,3.1,1.8,1.5,19,5,100,94
3.63,3.6,94,4.9,4.9,0.7,1.5,4,16,4,100,97
3.12,1.1,77,7.1,5.5,0.6,1.3,0.7,9,6.9,83,91
3.7,3.1,85,6.9,4.2,1.6,1.4,3.2,15,3.4,90,90
3.56,2.2,94,7.9,8.4,4.3,2.4,3.3,13,4.5,100,96
4,6.8,100,6.8,5,2.3,1.3,6.3,3,5.5,100,95
3.57,3.2,92,5.8,3.9,2,0.3,2.5,23,4,86,100
4,3.7,100,7,4.5,2,0.8,5.6,7,4.6,100,99
3.71,4.3,90,5.7,5.7,2.6,2.8,3.6,11,4.1,100,100
3.27,3.6,84,4.7,6.3,5.4,1.7,6.7,10,3.6,100,86
4,6,100,7.9,6.4,2.6,0.1,0,13,1.6,100,93
3.23,2.6,66,7.7,4.7,1.6,2,4,13,2.7,97,100
3.83,3.8,96,7.6,7,2.8,0.5,0,15,2.6,100,100
3.39,2.4,71,8.6,9.1,5.4,1.6,2.9,10,4.6,100,88
3.26,1.5,87,6.2,5.1,2,2.8,5,17,8.2,89,84
3.34,2.6,80,5.3,3.6,1,0.5,5.9,9,5.9,91,91
3.87,3.4,100,6.9,6.8,2,0.1,4.5,9,4.7,100,100
2.98,2.9,80,6.6,8.6,3,2.1,2.4,3,7.2,100,85
3.52,2.5,85,6,6.4,3.8,1.4,4.1,13,2.2,100,88
3.07,1.4,68,6.9,8.6,4.3,1.7,8,20,2.7,86,79
3.87,3.4,92,6.3,3.4,1.2,3,3.2,11,2.9,100,87
3.1,1.2,75,4.8,3.7,1.4,0.7,4.9,21,4.6,98,79
3.8,4.6,100,6.5,4.8,2.3,1.9,2.1,7,2.2,100,91
3.87,3.6,100,5.6,7.6,3.8,1.8,5.1,5,6.7,100,93
3.93,1.3,93,7.3,2.6,0.9,0,4.8,19,2.4,100,100
3.11,3,84,6.2,6.8,1.9,2.4,1.8,11,1,92,85
3.66,2.4,90,8.3,6,1.9,2.1,4.6,7,4.9,100,94
4,4,88,8.9,8,4.2,1.3,4.6,13,3.1,99,84
4,5.5,96,7.8,6.2,3.6,2.8,4.5,14,4.3,100,93
2.3,0.7,61,5.1,8.2,4.2,0,2.9,17,7,65,79
3.63,3.7,100,8.8,4.3,4.8,0.9,5.5,10,6.5,100,90
3.27,3.3,83,8.9,5.8,2.3,2.4,1.1,5,6.4,84,85
3.91,4.5,100,7,4.2,1,0.7,3,11,7.8,98,91
4,3.8,100,8.6,1.7,1,0.3,3.2,12,3.6,100,100
3.23,2.4,83,6.3,3.5,0,2,5.3,18,3.4,94,100
3.79,3,92,4.8,5.8,2.1,0.3,1.1,4,5.1,98,100
3.41,2.3,89,6.1,3,2.2,2.3,3.5,10,6.1,95,89
4,5.1,100,9.1,5.6,4,2.7,2,13,3.6,100,100
3.47,3.5,88,5.2,8.3,2.8,1.2,3.2,20,4.5,93,90
4,6.4,100,7,4.9,2.1,1.3,3.8,9,1.1,100,93
3.34,3.4,86,7,6.8,2.6,0.7,0.4,8,1.8,100,90
3.45,2.4,89,6.4,5.6,1.2,1.4,5.5,15,2.4,94,86
2.91,1.2,69,6.5,7.8,4.3,1,3.9,1,5.1,84,78
2.84,0.8,78,7.1,5.8,1.6,3.1,1.3,9,1.5,74,84
3.46,1.1,73,6.3,1.6,1.1,3.2,2.3,15,5.8,100,95
3.67,3.9,85,5.3,6.7,4,1.3,6,14,1.7,99,98
3.62,4.3,93,7.3,3,3.7,2.6,3.8,13,5.2,100,97
3.66,1.1,94,8.3,1.1,0.2,2.1,1.1,4,4.1,93,91
3.85,4.8,90,8,6.4,4.1,0.3,1.4,6,6.5,100,97
3.35,2.8,100,6,3.9,1.7,0,4.2,19,5.7,100,85
4,3.7,99,5.5,5.2,2.2,1,4.5,12,2.3,100,96
3.89,5.9,96,6.7,6.1,3.1,0.4,3.7,11,3.1,99,97
4,4.8,99,8.9,6.9,3.7,1.9,2.4,8,2.8,100,95
3.46,3.1,77,7.8,6.7,3.5,2.1,4.6,12,4.4,100,92
3.82,2.2,91,7.8,6.1,2.7,0.6,2.4,10,6.5,100,100
3.27,0.5,86,8.1,4,2.2,2.6,1.3,16,0.5,86,100
3.51,2.4,87,7.5,5.5,3.4,3.6,6.2,7,6.4,100,95
3.78,3.2,100,7.1,5.6,2.6,0.9,4,16,4.5,100,100
2.94,2,80,7.8,8.5,5.5,2,1.4,20,3.3,87,84
3.73,3.3,96,6.3,5.4,3.7,2.2,3.3,15,3,95,100
3.61,3.6,95,5.3,5.7,1.4,1.5,3.1,6,5.6,100,100
3.71,3.2,94,7.9,6,2.1,3.6,2.3,16,4.6,100,100
3.58,2.5,95,8.5,4.9,2.9,2.4,3.5,10,8.8,96,81
3.35,3.8,87,5.7,7.4,4.7,2.4,1.1,9,2.3,100,100
4,4.2,100,8,10.3,4.9,1,4.7,13,6.4,100,91
3.36,1.9,84,9,5.4,2.2,2.7,3,11,4.1,85,98
4,5.6,100,7,4.9,1.4,1.1,0,10,1,100,94
3.78,3.4,88,6,3.5,1.2,2.4,2.5,15,4.5,100,98
3.55,3.5,80,7.1,5.8,3.2,0,1.8,13,2.9,93,86
3.64,4.6,95,6.3,11.1,6.3,2.4,0,2,5.8,100,94
3.65,3.8,78,6.3,6.7,3.6,2.4,2.7,17,7.1,100,92
4,4.9,100,7.5,3.3,0.4,1.9,5.1,18,3.7,100,94
3.89,3.9,91,5.1,4.7,1.7,0,2.8,15,6.2,100,97
3.77,2.6,84,5.3,8,1.9,2.7,4.4,15,4.7,100,92
4,4,96,7,4.6,1.6,3,3,11,6.5,95,100
3.27,1.8,83,7,4.2,2.2,0,2.1,6,0.2,100,75
3.61,3.7,97,7.4,5.6,3.4,2.7,1.5,13,5.8,100,95
4,3.5,89,9.3,7.7,3.8,0.1,0.4,20,8.3,98,94
3.24,3.2,67,7.1,5.7,4.4,0.7,4.9,13,8.3,92,80
3.66,3.3,82,7.7,7.1,3.6,1.2,4.5,20,5.6,100,96
3.23,0.7,73,5.8,2.1,0,2.8,2.4,21,4.4,84,84
4,2.7,95,7.9,2,1.2,2.3,0,12,7.2,100,92
3.13,3.6,94,6.4,4.4,2.6,1.4,3.9,10,4.7,84,100
3.86,3.7,100,7.1,6,3,1.2,1.2,10,2.8,100,100
3.39,2,66,6.9,8.8,4.1,2.1,3.3,11,3.3,88,87
4,5.4,100,8.2,7,2.9,1.7,0,7,5.8,100,100
3.04,2.2,77,5.4,5.5,2.9,2.8,3.2,15,6.4,86,81
3.69,5,100,4.3,7.4,3.2,0.4,2.7,17,3.6,100,99
3.71,4.1,100,6.7,5,2.4,4,0,3,4.7,100,100
3.78,2.5,76,7.6,4.1,2.9,2.7,6.2,21,3.1,100,94
3.78,6.2,100,7.2,7.5,4.5,0,2.3,9,7.3,100,100
3.38,1.7,84,8.5,3.9,2.7,1.7,2.5,11,0,87,93
4,4.9,100,7.5,6.7,2.8,0,4.1,14,4.3,100,100
3.82,5,92,6.3,6.7,2.7,1.4,2.9,8,2,100,100
3.42,2.5,87,4.2,6.6,4.7,0,3.7,9,6.9,100,95
4,5.6,93,6.7,4.3,1.1,0,0.7,8,3.1,100,100
3.43,3.1,77,8.2,8.7,5.5,1.4,2.7,12,1.5,97,90
3.84,3.9,96,6.5,5,1,0.8,0,9,4.4,96,96
3.8,3.9,93,7,3.3,1.8,2.8,2.5,14,7.5,100,84
3.55,3.3,91,7.5,7.6,3.9,1,5.9,5,0,100,98
3.8,4.7,90,5.8,5.7,4.3,2.1,0,14,2.6,97,96
4,4.7,100,7.7,4.6,0.7,3.1,2.3,6,5.5,100,92
3.05,0.9,80,9,5.5,1.2,0,0,17,7,90,82
4,5.5,100,6.8,5.4,3.2,0.1,3,16,3.6,100,94
2.58,1,67,5.6,10.8,6.3,0.6,3.9,1,4.6,81,88
3.55,5,100,6.9,5.8,4.7,1.4,3.8,16,6.3,100,100
3.63,5.2,94,4.3,6.7,2.4,2.4,1.8,1,1.1,100,100
3.46,1.9,99,7.4,4.7,0,0,0,6,4.2,100,96
4,2.9,90,7.5,6.3,2.9,0,0.5,17,4.5,100,100
3.42,1.8,94,9,6.1,3.3,1.6,5.5,9,1.3,92,97
3.67,3.2,89,6.8,5.6,2.2,0,4.8,20,5.6,97,86
3.57,3,86,7.5,3.8,1.5,0.6,2.8,16,5.8,100,91
3.65,4.7,100,6,9.1,3,0.5,3.3,10,6.4,100,97
3.87,5.5,100,6.6,3.7,1.4,1,0.9,9,7,100,100
3.46,5.6,87,5.2,10.2,5.6,3.5,5.6,20,1.5,100,87
3.29,2.7,88,6.8,7.2,5.1,0.6,1.6,10,8.9,100,85
3.27,3.2,89,6.6,8.7,3.8,0.2,3.9,3,0.7,98,87
2.96,1,79,7.4,8.3,2.9,0.7,0.3,7,5.9,74,93
3.39,2.3,75,6.3,5.3,1.8,0.6,2.6,13,3.4,90,89
4,4.9,100,7.1,6.1,2.8,2.3,5.5,8,5.9,100,100
3.72,5.9,100,6.6,7.2,5.3,2.1,1.1,24,3.5,100,100
2.63,1.6,64,6.6,5.8,4.1,0.6,4.5,9,2.6,63,79
3.19,2.6,87,7.1,6.5,3.1,1.3,0.8,9,3.8,91,89
3.21,3.5,88,7,8.9,4.2,0.6,1.2,7,3.6,100,89
3.94,3.9,93,7.9,5.9,3.6,1.7,3,16,3.6,100,95
3.2,2.3,83,6.9,9,3.4,2.9,4.9,11,6.7,88,92
3.49,4.1,100,6.6,6.6,4.3,2.9,2.4,16,0.9,100,95
3.25,2.8,90,6.8,6.9,3.6,2.1,4.2,18,1.3,86,95
3.34,3.5,80,6.1,7.4,4.1,0.7,5.3,14,4.1,92,92
4,4.3,100,6.6,5.9,3,0.6,1.5,14,1.5,99,99
4,3.5,98,9.4,2.9,2.4,0,0,6,2.3,95,93
3.12,2.8,82,5.9,4.3,2,1.4,2.3,4,6.3,100,83
3.66,3.3,83,6.7,5,1.8,0.6,5.5,5,2.2,100,94
3.7,3.4,100,6.5,3.3,0.4,2.8,1.4,12,5.6,100,95
3.39,2.9,86,6.7,5.2,1.4,0,5,24,4.2,100,86
3.32,3.1,99,6.6,5.3,1.4,2.5,2.5,9,4.2,85,94
4,5.9,100,7.3,4.7,2,0,6.5,17,5,100,100
3.32,4.3,100,4.9,6.9,5.1,0.2,7.5,15,5.9,91,100
3.69,3.1,100,8.2,7.5,2.6,0.5,5.1,12,5.1,89,94
3.89,4.5,100,7.8,4.6,3.2,0.4,0,11,1.1,93,99
3.56,3,96,5.5,5.5,3.2,2.9,0,10,4.4,92,89
3.72,5.3,92,4.3,7.2,5.2,1.4,3.1,10,4.5,100,100
3.9,4.1,92,5.8,5.8,1.9,3,4.8,15,1.4,100,100
4,3.3,100,6.7,7.1,2.5,1.6,4,16,5.6,100,100
3.93,4.2,100,10,5.4,2.6,0.5,1.6,10,8.4,100,98
2.71,1.1,63,7.7,7.8,4.5,0,0,10,1.7,84,76
3.02,1.8,73,4.8,8.3,4.8,1,4.9,9,4.7,68,79
2.89,1.7,68,6.2,8.7,3.5,0.7,6.7,17,7.7,77,82
3.54,3.7,89,6.9,5.5,4.6,2.1,1.7,16,2.2,100,88
4,6.1,100,7.3,7,3.1,2.8,4.7,19,2.9,100,83
4,6.8,100,5.4,6,2.5,3.3,8.2,8,5.6,100,94
3.64,4.5,98,6.8,7.2,4.6,2.1,2.6,9,5.2,99,100
3.62,4.3,100,6.1,6.9,3.5,0.3,2.7,20,5.2,100,100
3.27,0.8,70,5.7,5.6,1.7,2.4,4.1,19,4.8,90,97
3.19,2.7,99,7.3,8,4.3,2.4,2.4,7,2.1,95,99
3.17,2.3,81,7.9,8.1,2.5,0.4,5.7,8,7.3,100,76
3.64,2.6,83,8,5.5,2.3,1.8,2.2,13,4,98,97
3.32,3.2,86,7.7,7.1,4.1,0.8,2.9,18,3.5,100,90
3.32,2.8,81,6.4,5.5,2.7,0.4,0.1,7,2.7,100,96
3.11,0.5,77,7.9,7.1,3.4,2.7,2.5,12,6.1,86,80
3.93,4.6,100,7.4,6.8,3.8,1.7,1,17,3.6,100,99
3.45,1.9,85,7.2,4.6,1.6,2.8,3.7,11,2.7,94,98
3.79,3.9,96,6.3,6.4,3.4,1.3,0,12,4.6,100,100
4,6.6,98,6.4,7.6,4.8,0.7,5,19,7.3,100,98
3.32,2.1,87,7.1,3.7,1.4,0,1.3,10,3,90,85
3.16,0.5,90,9.9,7,3.5,3.7,6.6,18,5.1,97,96
4,3.1,100,7.4,4.3,1.6,2.9,5.7,11,7,100,100
3.39,5.2,92,6.3,8,4.3,0.4,4.1,7,3.8,100,100
4,6.4,100,6,7.4,4.3,0,0,15,5.6,100,100
3.62,1.7,100,6.4,4.8,2.3,2.9,1.7,9,11.4,100,95
3.96,4.2,100,9.6,11,6.1,1.9,1.2,6,8.3,100,89
3.39,2.8,96,6.5,7.4,4.5,2.6,1.5,22,4.2,98,90
3.41,3.3,100,8.1,7.6,3.9,0,6.2,14,7.1,86,87
4,7.5,100,6.5,6,3.8,0,2.7,10,6.6,100,86
3.11,1.2,80,7.3,4.9,4.3,1.6,1.7,10,1,77,78
3.73,3.9,100,8,3.6,1.3,0.6,1.5,20,4.4,100,84
4,4.2,100,6.3,3.5,3.1,0.8,1.9,20,7.9,100,100
3.64,5.1,100,6.2,6.1,3.4,0,4.1,9,5.8,100,100
4,3.6,92,9,7,2.2,0.9,0,13,2,100,100
3.97,4,100,8.2,5.4,3.5,1.8,3.2,10,4.1,100,100
3.5,2.9,88,7.9,5.1,4.6,2.4,3.8,16,2.9,100,95
4,3.9,100,7.9,7,2.2,2,0,10,5.8,100,100
3.16,3,70,7.6,5.1,2.7,0.9,0.2,2,2,88,83
4,4.4,100,9.4,4.6,1.6,2.5,2.9,7,2.1,100,96
3.82,2.9,77,7.1,4,0.1,1,5.9,17,2.9,86,99
4,4.1,95,7.7,7.6,4,4,5.4,8,3.6,100,98
3.46,3.5,85,5.3,6.7,2.8,2,1.8,16,2.3,100,84
3.63,5.2,100,6,7,2.9,1.4,5.8,14,5,100,91
3.19,3.4,94,5.6,2.2,1.3,1.5,2.4,8,6,100,100
3.43,0.8,82,8.5,3.8,2.5,0.4,2.3,11,5,99,100
3.8,5.4,100,3.9,8.8,4.4,2.5,3.2,9,4.8,100,100
3.36,2.1,74,6.5,4.9,2.8,0.5,4.7,10,1.5,83,100
3.4,2.5,77,3.5,5,2.8,2.9,1.8,3,4.2,78,86
3.45,2.6,77,6,4.6,3.1,1.8,2.2,11,5.1,91,99
4,5.6,100,6.4,3.4,0.9,0.4,0.5,9,5.2,100,98
2.89,0.5,89,8.7,6.3,3.7,2,3.7,12,4.8,84,83
4,8.2,100,7.5,2.8,0.9,0.6,4.9,15,2.3,100,100
3.98,5.1,98,6,3.1,1.4,0.5,5,15,3.2,100,99
4,3.8,100,8.3,4.6,1.2,1.7,0.3,9,2.6,100,90
3.74,3.4,92,7,4.5,2.5,1.9,2.2,9,4.9,100,92
4,3.9,96,7,4.6,2.3,0.9,5.5,11,4.7,100,83
3.48,4.3,99,5.6,3.2,2.8,0.9,3.5,17,3.6,100,96
4,4.5,91,5.8,6.7,1.4,1,3.1,9,8.4,100,100
3.03,4.3,86,6,8.4,4.3,2.3,3,9,6.5,89,98
2.94,3.6,86,7.1,6.5,4.1,2.3,4.1,6,1.9,91,95
3.37,3.2,100,7.1,4.4,2.5,2.2,3.6,15,5.5,98,100
4,3.3,100,8.9,5.1,2.1,0.7,1.8,11,6.4,100,99
3.29,3.2,89,7.5,4.9,1.9,4.3,4.8,7,4.1,100,78
3.63,5.2,98,3.8,3.8,2.3,0,0.6,8,5.7,100,100
4,4.4,100,7.3,1,0.7,0.3,5.6,15,8.5,100,92
2.7,0.5,52,5.3,3.8,1.4,2.2,1.2,13,4.9,71,88
3.71,4.5,97,5.8,5.2,4.1,3.5,4.1,9,4,100,85
4,3.8,98,6,6.5,3.3,1.9,2.7,15,0,100,100
3.12,3.5,79,6.2,8.5,5.3,1.1,2,17,0.5,87,80
3.69,2.9,91,5.3,4.2,2.4,3,5.7,15,3.5,91,99
4,5.2,100,7.2,4.7,2.3,0.9,4.5,13,4.4,100,97
3.87,4.9,100,5.3,7.3,2.2,0.4,2.9,20,2.5,100,100
3.26,2.3,82,7.4,6.2,2.3,2.5,6.5,19,0.3,82,81
3.97,4.1,100,9.7,4.3,1.8,3.4,5,12,7.9,100,93
3.09,2,67,5.4,9,3.2,0,1.4,17,3.4,92,72
3.31,1.4,78,6.7,4.4,2.8,3.7,0,15,4.2,98,99
3.28,2.6,89,4,4,2,2.7,3.2,9,1.4,100,81
3.84,4.8,93,6.6,7.6,4.7,2.6,5.8,20,5.6,100,100
3.38,4.9,100,7.8,6.8,5.6,2.6,4.2,20,6.3,100,91
4,4.3,100,7.9,9.6,4.5,2.3,6.1,18,4.3,100,88
3.94,4.6,100,7.1,6.8,3.6,2.1,1.8,15,2.9,100,90
3.94,4.3,96,8.1,6,3.9,1.2,2.8,17,5.6,100,95
3.12,2.5,62,10,9.1,5.6,0,2.8,10,3.1,96,84
4,4.1,94,9.1,7.1,3.9,0.3,3.5,17,7.7,96,97
4,4.7,100,6.4,4.5,1.9,1.9,4.5,6,4.7,100,100
3.78,4.6,94,5.3,4.9,3.4,1.6,6.3,10,1.2,100,96
4,5.3,100,6.5,5,3.7,0.5,6.7,1,7,100,100
4,4.6,98,5.9,6.9,1.3,0.7,6.3,14,4.5,100,96
4,4,87,7.5,3.8,2.4,1.4,4.3,17,5,100,94
4,5.1,100,5.6,9.5,4.5,0.7,2.3,20,5.2,100,98
4,3.5,88,6.9,2.1,0.1,0.5,3.5,11,5.1,100,100
3.61,2.2,88,8,4.8,0.9,2.6,4.3,13,3.3,98,93
3.91,3.3,95,6.9,6.1,2.5,0.2,3.3,12,0.8,100,100
3.3,2.4,77,5.9,7.1,3.3,1.5,1.2,21,4.7,81,79
4,2.5,100,8.4,4.7,0.8,2.1,2.1,14,4.2,100,100
3.59,3.3,100,4.7,3.7,2.6,1.6,4.7,21,3,85,91
3.22,2.3,74,6.6,6.7,4.5,1,2.5,18,2.8,88,94
3.35,3,83,7,4.3,2.9,3.6,3,16,0.5,97,88
2.63,0.7,67,7,7.4,4.2,2.6,2.8,9,5.9,86,76
3.93,3.8,100,7.2,3.3,1.9,3.9,1.2,7,4.6,100,100
3.65,3.5,100,7.7,2.2,1.6,0.9,2.7,12,4.8,100,91
3.47,2.3,88,7,6.8,4.1,1.7,2.1,12,2.5,88,86
3.76,4.5,100,6.6,3.7,3.4,2.8,1.6,6,6,100,100
4,4.9,98,6.5,4.3,1,4,0.9,17,4.5,100,94
3.52,1.1,81,6.3,3.1,1.6,2.8,2.8,13,5.7,88,96
3.27,2.4,83,7.9,7.1,5.1,1,4.2,15,4.7,86,75
3.62,2.3,89,6.2,1.7,1.4,1.6,5.2,20,3.1,100,96
2.68,2.1,91,8,9.2,4.2,1.5,0.2,8,3.5,70,87
4,4.7,100,7,3.3,2.1,1.7,6.2,2,5.2,100,100
3.45,3.2,84,6.4,5.4,2.8,1.1,3.6,9,5.4,100,88
3.95,3.1,82,7.7,4,3.2,1.7,0.7,21,3.7,100,97
3.09,0.5,90,6.1,2,0,0,2.2,12,7.2,93,92
4,4.5,100,7.8,5.7,0.6,0.2,0,11,2.1,100,81
3.29,1.6,69,7.3,6.3,2.9,2.5,0,9,2.6,70,85
3.39,3.6,100,6.3,3.8,1.7,4.1,6.4,12,1.8,100,92
3.7,3.9,80,7.6,7.3,4.3,1.8,1.6,9,4.7,100,99
4,5.5,100,7.7,2.7,0.4,1,4.1,10,5.9,100,98
3.34,1.5,78,8.4,6.5,3.6,0,2.8,17,5.5,87,87
3.14,0.5,74,8.2,4.6,0.7,0.5,3,25,4.4,81,83
3.74,3.8,100,7.6,4.9,2.3,1.4,3.7,8,4.5,100,86
4,6.2,97,5.6,4.5,1.2,1.9,0,9,3.7,100,97
4,5.4,100,9.9,9,5.7,0.6,5.6,9,6.4,100,98
3.21,3.8,100,5.3,3.4,0.8,1.5,2.8,20,4.4,100,90
3.78,2.8,83,8.1,4.7,2.6,2.2,2,16,3.6,100,92
4,4.7,100,7.5,2.6,0.2,2.8,3.9,11,6.6,99,99
2.77,2,68,5.6,9,5.2,1.8,1.6,9,4.3,87,85
3.92,4.2,99,6.9,7.3,3.4,0.9,3.4,20,3.2,100,100
3.57,4.3,89,6.9,4.6,3,0,2.7,12,6.1,100,92
4,5.1,93,8.6,7.7,5,1.1,4.4,12,1.7,100,90
4,7.6,100,6.1,5.1,3,2.6,2.6,1,4.8,100,100
4,4.1,99,6.7,7.1,3.1,1.8,0.9,16,1.7,99,100
2.8,2.7,83,4.2,5.4,3,2.1,3.7,12,7.6,90,92
3.77,3.5,92,9.1,9.2,3.6,2.6,2.5,13,1.9,100,99
2.94,0.8,78,5.7,5.4,2.1,3.1,0,13,1.3,91,78
3.99,2.5,89,7.4,6.9,2.5,2.3,3.4,17,2.1,100,100
3.4,2.9,77,6.9,5.8,4,2,1.9,1,3.8,97,87
3.66,2.7,65,6.9,6.2,3.2,0,3.7,6,3.1,100,93
4,3.7,100,8,6.3,2.6,2.2,1.3,22,4.1,96,100
3.69,2.3,91,9,2.5,0.7,3.9,0.6,6,3,100,99
4,5.2,92,7.3,8,5,0,5.4,8,3.7,100,94
4,3.5,100,7.8,6.1,1.8,2.9,4.7,18,6.5,99,95
3.52,3.5,100,7.4,6.9,4.3,3,3,12,3.8,100,87
4,3,100,8.2,5.1,3.1,1.9,3.9,12,1.8,100,88
3.95,3.7,99,6.4,6.1,0.9,0,4.6,20,5,100,97
3.81,4.7,75,8.3,6.3,4.7,0,3,9,2.5,100,88
3.81,2.2,95,8.3,6.4,3.2,1.7,0.6,9,4.6,100,100
3.22,2.5,77,8.3,7,4.8,3.5,3.6,16,5,88,97
3.41,3,84,6.2,4.4,2.5,0,5,13,6.6,99,76
3.33,1.5,83,6.8,7.8,3.9,1.1,4.2,17,6.2,95,100
3.86,2.3,100,7.3,3,0.2,2.5,3.1,9,2.9,100,100
3.57,2.8,99,5.4,5.5,2,1,4.1,13,6.6,100,100
4,4.8,100,8.9,1.2,0.9,1.2,2.6,12,6.3,100,100
4,3.9,100,7,5.8,2.2,3.4,5.1,10,4,100,100
3.6,3.8,85,7.3,5.6,3.5,2.3,5.7,6,4,100,100
4,4.8,89,6.3,2.6,1.9,2.1,0.4,10,4.9,100,98
3.73,3.3,94,5.4,9.4,4.1,0,5.2,9,2.2,100,96
4,4.1,100,6.3,5.2,1.5,0.7,7.5,18,1.7,100,100
3.76,3.3,78,7.3,7.4,4.1,1.7,4.1,15,0.1,100,88
3.7,3.9,93,7.8,9.3,4.8,1.5,5,14,5.3,100,94
3.47,2.6,89,7.2,7.6,4.3,1.9,1.7,11,3.6,100,81
3.18,0.5,81,7.4,4.3,2.3,3.4,2,8,7.1,83,84
4,3.3,100,6.6,2.8,0,1.5,2.6,13,3.5,100,100
4,5.6,100,7.6,5.9,3.7,2.2,2.2,19,2.3,100,99
4,4.9,100,8.8,5,2.6,0,0.4,8,4.6,100,100
4,4.9,100,7.8,2.8,1.3,0.8,2.7,14,2.8,100,100
4,5.4,100,8,3.8,2,2.2,4.7,10,6.2,100,100
3.59,3.6,97,7.4,9.1,5,0.7,0.4,12,6.5,96,90
4,3.8,100,5.2,4.5,1.1,0.3,3.4,11,3,100,93
3.3,2.6,83,5.7,5.9,3.5,4.3,3.3,14,6,96,99
3.8,3,81,7.5,4.9,3.1,2.4,2.4,11,4.9,95,88
4,4.4,100,7,4.8,2.3,0.8,4,9,4.5,100,100
3.8,5.3,100,7.5,4.8,3.8,3,3.8,4,1.9,100,100
3.27,3.3,80,9,8.4,5.2,1,2.3,13,3.5,100,94
3.65,2.8,96,7.9,6.5,2.4,0,5.1,15,2.5,100,89
4,3.5,100,8.5,8.2,2.4,0.8,4.1,12,5,95,100
4,4.4,100,7.1,5.4,3.7,0.5,6.1,12,3.3,100,100
2.51,1.3,84,6,8.3,4.2,0.7,2.9,19,0.8,86,74
2.71,0.5,68,6.9,4.8,2.6,0.1,2.4,20,2.6,70,74
3.37,2.7,80,6,3.9,2.3,1.5,2.6,17,2.7,100,94
3.8,1.7,97,8.9,1.6,0,2.4,5.4,14,6.6,97,100
3.31,2.7,89,7.9,4.8,1.6,1.2,2.7,12,6.7,94,94
3.65,3.3,100,7.6,3,1.1,1.2,2.8,7,4.1,100,93
3.61,2.8,90,8.5,6.1,3.8,2,6.9,2,5,94,80
3.76,5.7,100,4.6,4.9,2.4,1.2,0.3,19,7.5,100,100
3.74,4,100,7.7,4.5,2.4,2.3,3.7,13,4.3,94,100
3.52,4,86,5.4,4.8,2.8,1.3,2.9,29,5.8,100,98
4,4.4,86,7,1.6,1.5,2.7,2.5,9,5.5,100,99
3.07,1.8,82,6.6,8.2,5.1,1.4,1.1,14,2.4,77,92
3.8,5.1,100,7.8,7.8,4.7,0.4,1.7,17,5.9,93,93
3.41,3.4,80,7.3,7.2,5.2,2.6,2.2,9,4.9,100,100
3.92,4.5,100,8.6,7.2,3.8,3.5,4,11,4.6,100,100
3.42,1.9,91,6.3,7.5,2.8,0.5,4.7,11,6.9,94,100
2.61,1.2,68,7.9,8.2,5.2,2.5,0,10,5,90,81
3.87,4.7,88,7.2,6.4,1.8,0.1,0.6,14,5.7,100,86
3.77,4.1,100,5,7.2,1.5,0,4.1,12,3,100,95
3.54,2.1,93,5.9,7.9,1.9,2.5,4.3,2,3.8,82,96
3.46,2.2,76,6.8,5.2,3.6,2.1,0.1,13,4.6,100,98
4,5.2,100,8.3,3.3,1.7,1.8,4.7,14,2.7,100,100
3.78,1.7,85,7.6,5.1,2.6,1.6,3,12,4.7,90,88
4,6,100,5.6,3.6,0.4,2.7,4.5,20,4.5,100,90
3.41,2.1,86,6.8,8.4,3.5,0.6,1.3,14,1.8,78,85
4,4.5,100,9.4,4.3,0.5,3.5,0.2,12,6.8,97,100
3.5,3,84,7.1,3,1.4,2.4,2.4,17,2.7,96,88
3.74,4.4,98,6.6,6.9,4.6,0,2.5,23,3.4,100,94
3.44,2.7,87,7.6,7.5,4.6,0.2,2.4,11,2.3,100,83
3.52,3.3,72,7.9,4.6,3.4,0.2,2.2,17,7.2,100,96
3.56,3.6,82,6.5,6.2,3.2,2.3,6.4,21,1.7,100,100
3.59,2,80,7.6,3.6,2,2,0,11,5.8,100,92
3.79,4.6,100,6.6,2.6,1.6,0.7,1.3,6,3.3,100,100
3.38,2.7,78,7.9,4.2,2.3,1.5,2.2,14,6.4,87,95
3.6,3.2,93,7.2,4,0.5,2.8,3,19,2.4,100,97
3.7,2,98,7.6,6.7,3.2,2.6,4.4,11,5.5,82,100
3.01,0.5,70,6.1,6,2.9,1.6,4.7,17,3.7,79,76
3.74,3.2,93,6,5.6,1.4,2.4,5.2,8,2.7,95,100
4,7.1,100,8.1,9.3,5.2,3.7,4,11,1.4,100,100
3.95,4.7,100,6.9,6.9,3.7,2.3,0,12,7.1,100,99
4,3.5,92,7.3,6.9,3.8,0,0,11,6.5,92,93
3.21,3.1,89,6.6,5.3,2.1,1.5,5.3,8,6.1,100,86
3.86,3.5,96,8.1,5.6,2.8,2.1,5.2,10,3.7,100,100
3.8,4.3,100,6.3,4.1,3.7,3,4.3,2,3.3,100,98
2.94,1.7,83,6.8,7.4,3,0.9,1.4,15,4.1,83,83
4,5.2,100,7.9,8.7,5.2,2.8,2.4,12,4.5,100,100
4,4.6,100,8.4,4,2.5,1.1,2.2,18,6.5,100,100
3.74,4.6,97,6.4,6.7,2,0.6,1,12,4.9,100,96
4,4.2,75,9.4,6.1,3.8,0,3.5,3,4.2,100,99
3.76,3.5,100,7.4,3.8,0.9,0.3,7.3,14,3.3,99,88
3.75,4.5,98,5.7,8.4,4.2,1.7,2,9,2.6,100,100
4,4.4,99,7.4,4.1,0.8,1.5,5.6,17,3.9,100,96
3.48,3,84,6.5,8.4,3.8,0.9,1.2,11,5.2,87,87
3.66,2.6,100,7.5,4.4,1.8,1.5,0,22,5.9,100,100
3.55,3.7,96,6.9,8.5,3.5,2.5,5,8,0.8,100,98
4,5.8,100,7.1,6.3,4.2,4.3,2.6,13,3.5,100,100
2.87,1.6,79,5.9,7.6,3,1.3,5.5,15,2.8,65,89
2.85,1.3,82,8.2,1.3,1,3.7,5.9,10,2.6,95,69
3.74,3.7,100,5.6,3.2,1.5,1.6,2.4,5,0.7,100,91
4,3.6,96,5.7,5.1,1.7,0.6,5.7,11,5.7,100,100
4,3.8,100,7.4,2.5,0,3.4,1.2,3,4,100,92
3.65,3.9,94,8.9,7.4,4.5,0.6,1.2,9,4.9,100,95
3.69,3.2,85,6.6,6,3,1.3,5.1,11,4.3,95,95
4,5.7,100,7.8,2.7,1.1,1,0,17,7.1,100,99
3.07,1.1,78,8.3,6.7,5,5.3,3,13,4.8,84,82
3.34,2.3,94,8,5,1.7,0.7,5.5,10,6.4,100,86
3.54,3.3,69,6.6,5.4,3.2,0.3,5.6,10,6.5,100,92
3.03,1,69,5.7,6.2,1.6,3.4,2.1,9,5.5,83,75
3.35,3.2,78,4.4,2.8,0,1,5,17,5.2,91,92
4,6,100,6.7,4.7,0.8,0,0.8,5,7.4,100,100
3.92,3.5,92,8.4,5.6,2.1,2.8,1.7,8,6,100,95
3.88,3.8,91,5.7,6.4,4.1,0.2,3.5,5,5.1,92,99
3.06,1.6,82,7.8,3.9,3.3,1.1,3.8,15,3.1,83,84
3.73,2.6,100,5.9,7.4,3,2.5,0.9,20,3,96,100
3.94,2.9,97,7.1,1.8,0,1.9,6.7,15,7.4,100,93
3.58,3,92,7.8,7.2,4.7,0.5,0,15,1.3,100,92
4,5.4,93,6.2,5.9,3.1,1.3,3.1,9,3.2,100,100
4,4.3,97,7.2,5.5,2.6,0.4,3.4,14,5.1,100,98
2.85,1.8,68,6.5,8.7,4.5,3,0,8,6.6,81,81
3.84,3.9,98,7.8,7.7,4.7,1.9,5.6,9,5.6,100,100
3.95,4.2,95,7.3,7.3,4.5,0,1.5,12,5.6,100,92
4,5.2,100,7.1,6.6,2.4,0,3.2,12,4.9,100,93
4,5.9,100,8.9,5,1.3,2.3,3.7,21,3.3,100,100
2.96,2,79,7.8,6.4,4.3,1.6,0.1,16,8,84,76
3.5,2.3,98,6.2,2.4,0.8,2.6,0.9,13,6,74,93
2.8,1.6,84,6.9,7.7,5.7,0,6.1,21,4.1,82,85
3.53,3.1,85,6.9,5.7,2.8,1.4,2.9,24,3.6,93,95
4,4.2,100,7.1,2.7,1.2,2.2,0,12,6.4,100,94
4,5,100,10,4.1,1,0,2.4,14,1.8,100,97
3.6,3.4,94,7.4,3.7,0.9,0.2,2.9,6,3.7,99,98
3.39,3,87,4.6,2.9,3,1,3.4,13,4.3,99,91
3.95,3.7,80,6.3,4.1,2.8,4.3,0,9,2.9,100,96
3.11,2.2,79,4.7,1,0.9,0.9,2.9,3,2.9,78,92
4,6.6,100,6.6,4.9,2.3,2.4,1.3,17,5.3,100,100
3.45,1.1,73,4.6,5,0.7,2.7,3.4,13,2,84,85
3.78,3.8,100,6,4.4,3.7,1,4,8,1.8,97,97
4,6.5,100,5.2,4.1,2.7,1.8,3.8,3,0.1,100,89
4,3.5,96,7.5,5,2.2,0,5.8,9,2.6,100,100
3.66,3.2,94,7,2.6,0.9,4,7.4,9,5,100,96
3.36,3,79,7.4,4,2.3,1.6,0.7,11,5.2,95,100
3.81,3.2,95,6.9,5.8,2.2,1.3,2.2,3,2.1,100,92
4,5.6,100,5.3,5.7,3.3,0,4.5,14,6.6,100,88
3.12,0.5,57,7.6,4.3,3.1,0.7,2.7,15,1.5,86,72
4,5.8,91,9.3,4.5,4,4.7,0,5,3.1,100,98
3.04,1.4,77,7.5,7.8,2.1,1.3,2.6,4,6.5,83,90
3.89,3.1,100,6.5,4.4,0,0.7,5.5,17,2.9,100,99
3.26,2.9,100,5.3,6.8,4.3,0.8,0.2,11,4,100,97
3.67,4.4,85,5.9,4.5,1.4,0,3.4,15,4.2,94,97
3.45,1.1,94,7.5,3.5,1.1,1.4,0,13,4.7,92,94
4,4.2,100,8.3,6.3,2.7,2,4.7,12,2.5,100,98
4,6.5,100,7.3,5.3,3.3,0.3,3.5,17,8.8,100,100
3.43,1.5,98,8,4.3,2,1.8,1.9,16,3.3,100,87
3.75,3.8,100,7.8,5.5,2,1.8,2.2,14,4.3,96,100
3.75,2.5,86,7.6,6.9,2.2,0,0,14,0.6,100,97
3.32,4.1,77,6.2,8.8,4.9,1.8,5,10,4.9,100,80
3.37,3.5,94,7.2,7.3,2.8,2.2,1.4,15,2.8,90,92
3.83,2.5,87,6,3.9,1.3,0.3,4,20,3.4,100,100
3.89,4.2,100,7,3.7,1.4,2.5,1.1,17,4.8,100,100
4,6.2,100,7.4,3.1,2.4,0,7.4,3,6.9,100,99
3.65,3.2,87,9,6.3,3.2,1.7,6.1,14,5.1,100,100
3.48,4.6,92,5.4,7,3.5,1.7,7.1,15,6.6,81,99
3.17,1.6,100,7.6,5.6,3,2.8,7.4,18,3.3,83,96
2.63,2.1,80,8.8,3.6,1.5,2.2,1.7,18,2.3,95,80
3.68,4.2,100,7.9,6.7,2.2,1.1,1.2,14,3.4,100,95
4,5.7,96,8,7.7,3.9,5,7.1,6,1.6,100,100
4,4,100,7.7,5.7,1.1,3.4,2.7,11,4.4,100,100
3.84,3,95,8.6,4,2.1,0.2,4.7,8,3,100,100
3.65,3.5,83,5.7,5.9,3.7,1.2,1.8,6,2.3,95,83
3.33,1.6,79,5.3,8.5,4.1,1.3,1.8,19,4.7,100,88
4,4.4,93,7,5.4,2.5,0,4.7,10,2.6,100,93
3.96,4.8,85,4.4,4.5,2.2,0.3,0,22,6.2,100,100
3.58,2.8,93,8.5,3.2,0.8,2.4,4.6,10,5.6,97,97
3.13,2.8,82,8.5,6.6,3.6,1.6,4,8,8.5,97,91
3.18,3.9,93,6.5,9,4.8,0,1.9,15,0,100,76
3.19,2.8,77,6.6,9.4,6.6,1.3,3,12,3.9,85,90
3.88,3.4,100,6.9,7.3,3.4,0.1,3.4,13,3.9,100,92
4,6.6,100,7.1,6.3,2.7,0.8,3.5,9,0.2,100,89
3.88,3.1,96,7.2,3.3,1.4,5.2,4.4,9,0,97,100
4,3,87,7.7,1.9,0,1.8,1.4,10,8.1,100,100
3.48,2.5,81,6.8,5.6,3.1,2.5,8.4,7,1.7,91,93
3.61,4.6,89,8.1,7.7,6.3,2.8,2.6,17,2.3,89,97
3.1,3.2,97,7.5,7.1,4.7,1.8,2.7,13,3.2,95,83
3.42,2.5,75,6.3,9.3,4.5,1.7,6.9,13,4.2,100,85
4,5.5,100,8.6,6.2,3.2,2.3,0,15,3.8,100,95
4,5.6,100,5.4,5.4,3.3,1.6,6.9,14,4.3,100,100
3.15,2.6,86,6.9,5.3,0,1.8,3.2,23,6.4,97,79
3.22,0.7,85,8.2,5.8,3.9,1.4,1.9,14,3.9,89,94
4,5,100,6.1,3.7,1.9,0.9,0.8,2,0.4,100,100
2.97,2.5,82,7.4,6.2,1.7,0,0.5,10,3.8,90,86
3.85,4.7,100,7.7,6.1,2.3,0.3,2.3,7,3.4,100,99
2.47,0.5,64,6,5.1,2.3,1.1,3.6,14,6.9,80,87
3.95,4.8,100,6.9,5.7,1.7,1.2,4.2,10,2.5,100,100
2.94,1.7,85,6.8,6.2,2.8,3.1,3.5,15,4.9,96,94
3.93,4.6,100,6.3,3.6,2,1.8,2,9,3.2,100,100
4,3.5,99,9.8,3.1,3,1.9,5.7,13,2.7,100,100
3.65,2.1,94,6.1,2.9,0.6,0,8.3,9,3.1,100,100
3.73,2.9,100,8.2,6.8,2.5,1.2,6,10,5.9,100,100
4,4.5,100,6.5,3.7,1.2,0.2,2.3,13,4.3,100,100
4,3.7,89,5.7,5.4,1.8,3.8,4,14,0,100,83
4,4.4,99,7.1,6.2,3,0.3,4.1,19,4.3,100,90
4,6.5,100,7.8,1.4,0.4,2.1,6.2,18,3.6,100,100
3.29,1.2,88,8.1,4.1,1.6,5,2.3,17,3.7,74,77
4,5.9,100,8.9,7.1,3.7,2.1,1.1,14,1.4,100,93
3.9,3.7,96,10,2.8,0.7,0,5.3,10,1.7,100,89
3.42,2.2,90,7.3,8.1,5.5,2.9,3.8,15,2.7,100,76
2.75,1.5,74,6.2,8.1,4.6,1.4,0.8,18,2.4,91,85
4,3.2,87,7.5,5.2,2.1,0,4.4,18,4.1,99,100
4,4.9,100,6.7,5.9,1.6,1.7,6.7,12,2.6,100,96
3.74,3.3,100,8.1,6.6,3.1,2.4,1.6,10,5.1,100,100
4,5.8,95,5.4,2.5,0.6,0,1.2,16,4.8,100,85
3.68,1.3,98,9.8,2.4,0,2.1,3.1,1,4.8,96,93
3.76,3.5,98,8,5.1,2.1,2,4.4,20,5,100,93
2.99,1.6,84,5,7.2,2.6,3.2,2.9,18,2.7,84,99
3.37,4,94,6.1,5.3,2.9,1.5,5.3,11,4.7,99,93
4,4.8,100,8,2.8,1.9,2.1,3.5,10,3.3,100,100
3.9,2.9,85,8.4,8.2,4.7,0,5,22,3.6,100,95
2.84,0.5,81,5.5,2.7,0.6,2.1,1.6,7,1.9,90,80
4,3.8,95,7.9,2.6,1.1,1.9,0.5,11,0.6,100,100
3.08,4.2,100,4.7,6.5,3.5,1.1,2.3,21,4.4,100,96
4,4.1,100,6.9,5.3,1.1,2.2,0.3,7,4,100,100
4,5.4,100,8.3,3.3,1,2.8,3.8,13,5.1,100,89
2.91,1.9,72,6.3,6.6,3,0.7,0,11,4.5,76,75
4,4.5,100,5.2,5,1.2,1,2.1,22,2.2,100,95
4,5.3,100,7.2,6.6,2.6,4.4,2.4,9,4.4,100,100
3.03,0.8,89,6.3,3.9,1.8,0,0.9,5,3.4,78,83
4,4,100,7.8,3.2,1.5,3,2.4,13,3.4,100,100
3.76,2.7,86,5.9,1.8,0,4.7,3,9,5.8,100,84
3.47,3.4,85,6.1,6.9,3,0,5.5,15,3.2,100,94
3.82,4,100,4.6,4.7,0.9,3.5,0.9,14,4.5,100,99
3.17,2.8,85,7.2,4.4,2.5,2.6,3.7,6,4.1,100,80
3.22,2.5,83,6.8,7.6,2,2.8,4.1,21,2.4,97,92
3.35,3.6,85,5.6,4.2,2.5,1.8,3,9,3.6,91,88
2.95,1.9,84,7.2,6.8,2.6,0.7,2,9,1.8,100,91
3.51,1.9,85,8.2,7.9,3.1,0.4,0.7,15,2.1,94,97
4,4.5,99,6.7,4.8,1.7,1.1,6.8,20,1.9,100,98
3.28,1.8,91,7.3,6.8,4.7,3,3.1,6,6.5,94,91
4,4.5,100,7.3,2.1,0,3.5,2.4,10,6.4,100,100
4,4.2,100,5.6,5.2,2.5,3.7,7.2,17,4.8,100,95
3.04,0.9,78,9.5,8.4,4.1,1.1,3.4,9,2.1,85,83
3.18,2.5,77,6.4,5.1,3.5,0.2,8.1,13,2.8,88,90
4,5.3,100,7.8,2.1,1.3,1.5,0.2,10,4.7,100,100
3.19,2,86,7.9,5,1.6,4,2.5,14,5.3,90,76
3.78,2.8,97,6.8,5,1.3,1.5,0.3,6,5.2,83,93
3.94,4.2,95,7.7,9.1,3.7,0.9,2.8,14,4.9,95,95
3.81,4.7,100,7.3,3,1.7,3.6,2.7,14,4.9,100,100
3.87,3.1,97,5.3,6,3.2,0,2.1,15,2.8,100,99
3.61,2.6,79,6.6,7.6,3.2,0.8,3.1,9,4.1,100,80
3.93,5.6,90,6.3,9.5,6.4,0,2.2,19,5.7,99,100
4,6.1,100,6.4,6.1,3.3,3.4,2.8,2,0,100,100
4,5,100,5.4,5.5,1.6,2.2,1.5,9,5.5,100,93
4,3.6,100,8.4,2.9,0.6,2.8,5.9,24,8.3,100,100
4,2.3,95,8.9,6.4,2.4,0.2,0.8,12,1.9,100,98
3.44,2.3,75,8.2,4.1,2.6,3.2,3.4,18,3.4,96,94
4,4.3,100,8.5,1.2,0,0,0.6,13,5.9,100,100
3.66,4.1,100,6.6,4.4,1.7,0,1.3,21,5.5,100,98
3.93,5.6,100,6.2,3.1,3.2,1.7,1.5,11,0.4,100,88
3.73,4.5,92,6.1,5.1,2,2.7,2.7,13,0.8,99,89
3.04,1.2,76,7.8,5.2,4.3,0.6,3.4,16,5,90,83
4,5.1,100,7.3,3.8,0.5,0,0.8,20,1.7,100,99
3.49,2,89,6.9,7,3.8,0.3,2.2,3,1.1,100,87
3.49,2.9,88,8.6,7.1,4.2,0,1,15,4.4,94,92
3.56,3.9,89,7.5,7.7,4.2,5.1,0.9,8,6,100,84
4,6.5,100,6,3.7,0.5,2.4,5.3,12,4.1,100,96
4,8.2,100,6.2,5.9,3.3,0.2,0.2,9,4.5,100,98
4,4.4,100,7.8,7,1.8,0,3.1,1,4.1,100,100
4,3.2,100,8.3,4.2,0.7,0.4,6.4,17,3.5,100,87
4,4.3,99,7.7,6.1,2.2,1.7,5.4,5,7.9,100,92
4,4.8,100,9.3,5.7,1.4,0.9,3.9,12,4,100,98
3.54,3,90,9,8,4.2,4.3,3,11,3,92,87
4,6.2,100,7.5,9.1,3.6,0.5,4.5,8,5.6,100,100
3.74,3.8,91,6,4.3,1.1,2.3,3.7,15,4.9,87,100
3.73,4.2,100,5.4,4.7,1.7,0.6,5.8,10,6,100,89
3.86,4.5,100,6.5,4.4,2.2,2.6,2.7,8,5.9,100,89
4,4.1,100,7.9,5.4,2.7,0.9,5,5,7.5,100,99
4,4.8,100,9.2,6.4,4.3,2.9,2.3,7,2.1,100,95
3.06,2.6,92,7.5,7.6,3.8,2.1,6.8,14,4.4,98,88
3.5,2.7,88,8.4,4.8,2.9,3.9,2.7,2,2.7,92,100
3.56,1.8,93,6.7,5.5,2.4,1.8,0,20,0.5,97,99
4,4.2,100,7.7,3.8,0.1,2.2,3.2,11,5.7,100,94
3.7,4.7,94,8,7.9,4.7,0,4.5,8,3.3,89,93
4,4.2,100,4.6,4,2.1,0,6.3,15,7.2,97,90
4,6,100,6.5,8.9,5.1,2.4,1,10,2.3,100,87
4,3.5,99,8.1,6,3.1,1.3,0,16,3.4,100,87
3.74,4.5,100,7.3,5.4,5.8,2.5,4,7,5.9,100,84
3.11,1.9,80,5.6,5.5,3.7,0.8,3.9,7,2,89,82
3.75,2.9,92,4.1,5.4,0.7,1.8,0.2,15,1.3,91,97
3.7,4.5,100,6.6,6.7,1.9,0.5,2.3,18,5.5,100,99
4,4.8,100,6.9,6.1,2.5,2.1,2.4,13,4.1,100,99
4,3.1,96,5.9,5.4,1.5,0.3,4.6,13,1,93,100
3.95,3.4,97,7.2,4.3,2.2,1.7,2.2,8,3,100,86
3,1.2,74,7.6,3.4,0.7,0.7,2.1,9,3,84,88
3.83,3,95,7.8,7.3,2.8,3.2,3.2,9,3.9,100,100
4,4.8,94,4.2,6.7,3.2,0.6,0.2,18,3.1,100,100
4,4.4,95,5.4,4.4,1.3,0.7,6.8,19,8.6,100,99
3.65,4.3,100,6.6,8.5,5.7,1.1,4.9,15,3.8,100,97
4,3.6,87,7.7,7.3,2.9,2.7,1.6,22,4.7,100,100
3.82,3.5,94,7.6,5.9,1.6,1.4,0.8,15,5.7,100,83
3.41,2.5,83,7.6,4.2,0.4,1.3,0.9,18,1.4,97,92
4,4.5,95,6.5,6,2.9,1,4.2,11,6,100,94
3.75,4.1,100,6.6,5,2.4,1.8,1,11,3.7,100,94
3.2,4.2,87,6.1,7.8,4,0.7,2.5,11,5.6,100,86
3.53,2.7,88,7.9,4.3,2.6,0.5,0,7,1.7,99,94
3.01,0.5,84,5.9,2.9,1,1.2,4.1,10,5.9,83,94
4,5.1,100,8,6.6,5.3,0.7,4.2,14,4.5,100,100
3.24,2.8,86,7.2,8,3.5,0.9,2.6,9,7.5,100,97
3.63,2.2,79,6.9,4.5,2.4,0,3.4,15,6.2,93,90
3.96,4.5,100,6.2,6.5,3,3.2,4.6,8,3.5,100,100
2.84,2.9,82,5.4,6.3,3.5,1.5,3.3,8,3.2,84,95
3.95,5.1,100,6.2,7.2,0.7,1.5,4.6,12,2,100,100
4,4.4,96,6.6,6.5,3,0.4,0.7,2,6,100,96
3.69,4.5,100,4.2,2.9,2.1,0.9,3.8,17,1.3,100,94
3.03,1.5,84,6.8,8,3.6,0,3.4,16,1,90,75
4,5.3,100,8.1,4.2,1.7,0.4,5.4,16,3.2,100,98
4,3.9,98,7.7,4.7,1.9,1.2,3.1,16,7.5,100,98
3,2.9,79,6.4,7.5,5.3,1.7,2.8,11,2.3,97,91
3.64,3.7,89,7.1,7.8,4.6,2.1,1.9,13,6.1,98,82
3.28,0.8,87,6.3,3.2,0,2.5,6,14,4.1,83,97
3.32,4.1,98,7.2,6.7,4.5,3.1,0,5,3.2,99,100
3.59,2,71,8.8,5.1,2.7,2.3,4,13,6.2,98,91
3.2,1.5,73,8.2,4.8,1.7,1.4,3,10,5.8,100,81
3.77,1.2,80,7.6,1.5,1.3,2.1,2.6,21,2.6,84,100
4,5.2,100,6.4,2.7,1.4,1.3,2.3,11,4.1,100,99
3.7,2.6,89,7.9,6.8,1.8,0.3,2.9,11,5.2,100,85
4,5.8,100,5,4.5,1.1,4.2,4,6,6.2,100,99
3.18,2.7,83,6.7,3.2,0.8,2.7,1.4,10,2.2,95,84
3.26,0.9,87,7.7,2.2,1.2,2.2,3.3,1,2.7,77,97
3.31,1.8,83,7.9,6.2,3.3,1.7,3.7,21,4.9,83,87
4,5.4,100,7.8,7.1,2.9,2.4,1.1,15,4,100,95
3.6,3.3,80,7.4,9.8,3.6,1.9,4,10,5.2,96,83
3.34,2.7,93,6.8,8,2.7,1.7,3.7,15,0,100,87
4,3.7,100,7.6,2.7,0.8,2.9,1.4,7,5.4,100,98
3.74,4.3,100,5.9,5.9,3.5,1.6,0.6,11,4.7,100,100
4,5.2,100,6,2.5,1.3,3.1,1.4,6,0.5,100,89
4,5.7,100,7.1,5.8,3.8,1.7,3.3,4,2.8,100,85
3.8,3,92,7.2,3.8,1.1,0,2.8,16,2.9,100,100
3.34,1.5,78,4.8,4.4,1.8,2.1,5.8,11,5.9,88,84
3.71,2.9,83,7.5,7.8,2.3,0.7,2.3,3,3.8,90,100
3.65,3.9,100,7.9,5.2,3.8,0.2,1.2,8,5.9,92,91
2.94,2.1,63,6.9,6,3.1,0.7,4.3,19,2.7,84,83
3.08,2.1,79,9.8,3.3,2.8,0,1,8,2.2,81,83
3.74,4,76,6.2,9,5.6,2.5,1.4,15,3.4,100,89
3.77,3.4,100,6.6,1.4,0,2,1.4,8,6,100,89
3.55,3.5,97,6.5,5.5,1.2,1.8,0,13,5.1,100,100
3.31,2.4,84,6.9,3.9,1.2,0,4.1,15,3.3,100,91
4,3.2,96,6.6,1.4,0.1,2.2,4.9,9,6.4,100,100
3.26,2.1,84,5.3,2.2,1.7,4.1,4.8,11,4.2,96,99
3.57,4.8,89,6.3,5.6,3.8,1.7,6.8,14,3.2,100,100
3.9,5.1,100,6.9,5.2,1.9,0.7,6,9,5.4,100,100
3.63,0.7,88,8.5,5.8,2.3,0,2.3,11,4.8,89,87
3.72,2.1,100,9.6,2.6,0.2,0.5,5.2,7,3.1,100,84
3.34,1.3,90,8.6,5.7,1.6,3.8,2.8,13,4.8,98,98
3.61,2.5,88,6.1,3.7,2.1,0.9,2.1,17,6.9,95,98
3.29,3.4,96,6.2,3.3,3.8,0,1.5,6,3.8,96,90
3.12,1.3,88,6.8,3.6,0.3,1.9,2.5,8,4.5,100,100
3.22,2.1,80,9.1,6.6,2.1,0.9,3.7,2,5.4,94,75
3.35,2,71,6.8,9,4.4,0.2,6.2,15,6,91,90
3.72,3.8,98,5.4,3.5,2.1,2.3,4.5,4,5.2,92,89
3.83,3.6,93,6.4,2.3,0,1.1,1.5,15,6.1,100,100
3.04,2.4,75,7.9,8.6,4.7,1.7,0.9,15,3.6,98,89
4,3.8,100,7.8,6.1,3.9,1.6,4.1,17,4.8,100,100
3.25,2.7,85,6.8,7.2,4.1,3.4,4.8,14,4.5,100,78
3.69,3.1,96,7.8,2.3,0.2,2.1,5.5,4,3.2,100,100
3.78,6,91,4.3,6.8,5.1,2.2,2.5,11,4.4,100,94
4,5.5,100,7.1,3.5,1.6,0.2,3.9,13,4.1,100,98
3.35,1.6,80,8,6.1,2,0,4.7,15,3.5,96,97
4,4.7,94,6,4.7,1.7,4.9,0.3,15,3.5,100,100
4,4.7,87,6,8.7,4.2,2.5,3.6,10,4,100,97
3.55,1.8,91,4.8,6.1,2.5,0.1,4.8,11,4.9,93,89
3.7,4.7,100,8.9,8.4,3.5,3,4,12,0.7,100,89
4,5.8,100,6.1,6.9,2.9,1.6,2.8,6,4.6,100,94
3.24,1.8,71,7.3,6.6,2.7,1.1,8.2,7,1.9,77,87
3.3,2.1,73,7.7,4.3,1.4,0.6,6.9,12,6.9,100,83
4,5,98,8.8,12,5.5,1.8,3,8,0.1,100,100
4,3.9,82,6.8,3.7,0.6,3.2,2.6,5,5.3,100,100
3.88,4.3,92,6.4,4,3.4,2.9,4.4,4,0.6,100,99
3.52,4,79,7.2,6.7,3.4,4.3,2.9,15,5.4,93,90
3.94,4.1,96,8.5,6.3,4.5,1.2,5.5,14,4.9,100,95
2.28,1.5,76,6.8,9.1,4.9,1.6,0.5,13,3,84,73
4,5.1,100,5.9,6.5,2.6,2.7,2.5,10,6.3,100,92
3.82,5.3,100,5.2,6.4,3.6,2.4,4.4,9,1.9,100,89
3.49,3.2,81,5.5,7.3,5.4,4.4,5,2,3,97,89
3.84,3.4,100,8,5.9,2.7,4.5,0,15,4.9,100,95
3.13,1.2,82,6.6,3.4,1.2,1.1,1.1,10,7.6,83,89
4,4.3,100,6.3,6.1,2.2,0,0,15,5.6,100,96
4,4.4,87,6.1,4.5,0.8,0,1.3,7,4.7,100,97
3.37,3.4,83,7.1,9.9,3.4,2.1,0.4,20,6,100,89
3.96,5.2,99,6.7,6.9,4.4,1,4.1,13,4.7,100,95
3.76,3,100,6.7,5.2,2.6,2.5,3.5,11,5.1,91,100
4,4.3,100,8.6,3.2,0.4,0.7,2.7,7,4.2,99,100
3.12,2,78,8.8,7.2,4.3,3.6,3.1,13,3.9,91,83
3.62,3.5,99,5.1,4.3,0.1,0,5.4,15,4.1,100,90
4,3.2,100,7.4,3.2,0.5,0.8,0.9,1,2,100,95
3.47,3.8,88,6.1,7.9,2.5,0.8,0,11,1.9,100,98
3.37,2.9,82,6.7,6.9,3.2,2.2,4.4,11,5,89,94
3.94,3.3,100,7.4,5.8,3.4,0.9,2.2,14,4.2,100,95
4,4.7,100,6.7,4.8,2.7,1,1,4,0.6,100,97
3.11,2.8,96,7.3,9.6,5.4,3.1,4.1,16,4.6,99,74
3.45,1.1,85,7.8,5.9,2.9,2.9,0,16,4.7,88,99
4,6.1,100,7.4,7.4,4.4,2,1.3,16,0,100,98
4,5.6,100,6.2,6.3,4,0.1,0,9,4.8,100,100
2.66,1.6,73,6.2,3.8,0.9,2,3.5,18,6.6,91,71
3.74,4.5,100,5.3,4.7,2.5,2.6,6.1,8,1.7,100,100
3.27,2.7,75,6,10.6,6,1.3,1.9,1,6.6,73,98
3.6,3.9,88,9.4,5.9,2,0.5,1.4,14,4.1,100,93
3.62,3.9,97,6,4.6,1.8,0.8,6.6,12,4.9,100,100
3.95,3.1,96,5.6,5.9,3.1,1.9,4.3,18,4,100,100
3.44,2.3,76,7.4,5.2,2.1,3.3,7.8,7,3.7,96,86
3.5,2.5,87,6.9,4.6,1.6,0.3,3.3,10,2.6,98,96
3.1,2.1,80,6.8,4,2.1,2.1,3.5,10,5.4,91,77
3.78,2.3,92,8.7,5.6,4.9,2.9,5.9,16,4.6,100,100
3.75,3.4,78,7.7,4.6,2.6,2.1,2.7,7,0.1,100,100
3.64,2.4,97,6.4,3.6,0.8,2.8,3.5,18,5.8,93,100
4,4.5,98,6.5,2.6,0.5,0.8,0,8,2.8,100,96
3.61,5.7,99,6.4,10.1,6.1,1.3,6.5,10,4.7,100,100
3.78,2.6,96,8,5.2,2.5,0,3.8,12,5.9,94,100
3.57,3.9,100,6.6,8.7,3.5,0.6,2.8,7,3.2,99,100
4,4.2,96,4.8,3.9,1.6,0.4,4.8,14,2.4,100,94
3.81,4.2,91,6.9,6.5,3.3,0.2,0.6,13,4.1,100,93
2.87,3.6,81,5.2,7.7,5,2.3,1.9,9,5.7,100,86
4,4.6,100,9.6,5.3,1.8,0,4.1,13,3.6,100,100
3.42,4.2,87,5.8,7.8,3.5,0,3.1,14,5.4,100,91
3.56,1.6,86,6.8,4.4,0.7,2.5,3.9,15,0.9,100,94
3.99,4.8,97,7.3,6.4,5.8,1.2,3.5,18,4.1,100,93
3.82,4.8,100,6.7,6.8,3.2,0.1,4.3,14,6.9,100,97
3.26,2.4,86,6.7,4,2.2,2.1,0.4,14,2.4,100,84
3.5,3.6,92,7.5,5,2.4,1.2,5.6,6,0.4,91,99
4,4.5,100,8.8,5.8,2,1.8,2,4,2.6,100,100
3.56,3.2,90,7.9,3.8,2.1,1.8,3.1,9,5,99,97
4,5.1,100,8.8,4.4,0,1.2,1.8,14,2.5,100,99
4,7,100,5.7,5.3,2.7,0.4,2.4,14,2.7,100,96
3.57,2.3,87,7.4,8.2,2.6,1.1,3.5,1,2.9,95,67
2.87,1.4,65,7.2,6.6,3.5,1.9,4.5,13,8.3,80,87
4,4,96,7.4,7,2,2,4.8,18,4.2,100,98
3.85,4.6,100,8.7,6,1.6,1.9,3.9,23,6.2,100,100
3.48,3.2,86,6.7,5.1,2.8,1.1,1.8,19,5.6,100,100
4,5.7,100,6.5,1.8,0.4,1.9,3.7,9,5.4,99,97
3.16,1.5,79,7.6,6.1,3,0,3.5,9,5.2,100,96
4,4.5,100,4.9,2.3,0,2,3.1,14,3.8,100,91
3.51,2.6,83,6.7,9.4,4.5,2.6,4.1,16,4.7,83,100
4,6.1,100,6.8,6.5,3.8,0,0.4,18,6.4,100,100
4,6.5,100,5.9,4,1.4,2.9,0,15,5.9,100,100
3.18,2.4,77,8.3,5.1,3.8,3.5,5.4,6,1.9,92,89
2.71,2.7,73,5.7,6.5,3,2.1,2.7,5,3.8,85,83
4,4.8,100,6.8,2.9,1.3,0,3.8,19,4.4,100,100
3.67,2.9,96,7.4,3.5,0,1.6,1.3,11,0.9,100,91
3.76,3.4,100,8.6,7,3.3,0.5,5.5,7,2.5,100,95
3.58,3.5,89,7,3.7,1.6,1.6,3.7,6,4.5,100,100
2.54,0.6,78,8.1,8.5,4.4,2,2.6,9,0,81,74
3.92,3.5,88,7.8,5.5,2.8,2.4,3.6,20,3.2,96,95
3.74,2.5,88,7.1,3,1.8,1.8,0,11,4.1,96,95
2.71,2.8,79,5.7,10.4,5.5,1.2,3.7,16,5.8,100,72
4,5.7,96,5.3,5.6,3.7,3.4,6,14,6,100,100
3.29,1.6,79,7.1,3.6,0,0.4,3.6,12,3.3,98,83
4,4.7,100,6.3,5.6,2.1,0,3.4,2,1.9,100,91
3.73,3.1,92,8.1,4.2,0.7,1.1,2.4,16,1.8,96,91
4,3.1,100,7.9,5,1.6,1,5.2,8,7,100,99
3.86,4.7,100,6.8,4.4,2.6,0.4,5.5,4,5.3,100,100
3.55,4,88,5.6,8.3,3.3,2.2,2.1,3,0,95,91
3.95,4.4,100,7.6,7.3,3.2,0.8,3.7,15,7.6,94,100
3.83,5,99,5.8,8,4.4,2.4,3.5,16,5.4,100,100
3.54,3,89,6.1,5.2,3.8,0,3.8,1,4.1,93,96
2.61,2.6,79,5.8,5.5,3.7,0.5,1.5,9,4.9,88,78
2.88,1.9,69,6.8,6.9,3.1,2.8,5.3,14,3.2,83,93
3.42,2.3,78,8.4,5.3,4.7,0.8,4.1,13,4.7,89,86
4,7.9,100,7,5.7,2.3,0.5,5.4,9,3,100,100
3.74,5.4,100,6.5,3.8,2.4,3.4,0.8,12,4.9,100,96
2.93,1.5,78,5.2,2,0,3.3,0.9,17,1,91,77
3.31,1.5,65,7.7,5.7,4.4,0,7.1,14,3.6,100,82
3.87,4.2,100,6.1,6,2.7,1.2,5.3,15,5.9,100,100
3.42,4.3,88,7.1,11.5,7.2,1.6,1.4,10,3.5,99,100
3.7,4.3,100,6.6,5.6,2.2,2,4.7,6,3.9,100,99
4,3.1,97,8,6.4,2.9,0,2.1,13,1.8,100,100
3.7,3.3,96,6.8,6.8,3.6,0,0,16,6.2,95,89
4,4,100,6.9,4.9,1.1,2,0,9,3.1,100,100
4,3.6,95,7.6,6.9,3.3,2.7,3,13,5.1,100,95
2.85,0.5,76,9.5,2.6,2.9,1,6.1,12,1.9,83,91
4,3.2,100,8.1,6.4,2.3,0.9,6,4,0.6,100,95
2.98,2.2,87,6.9,8.6,4.6,1.7,5.5,11,3.9,100,87
3.82,3.8,92,7,4,1.4,1.7,4.7,13,3.9,95,92
4,8,100,6.4,3.8,3.2,1.8,3.6,10,0.6,100,94
3.61,4.1,100,5.9,8.3,5,4.6,5.3,17,3.1,99,100
3.16,3,72,6.3,5.1,1.7,0.3,0,6,4.2,83,95
3.82,4.9,92,6.1,4.9,2.4,0.4,5,23,3.6,100,84
3.34,4.2,86,7.8,9.5,6.3,0.9,0.8,12,3.9,100,99
3.93,4.1,99,5.7,7.8,3.5,1.6,1.2,11,2.8,100,100
4,4.4,100,8.6,7.9,2,0.6,4.4,17,2.3,100,88
4,6.6,100,7.9,7.2,4,0.9,4.9,5,2.9,100,85
3.41,1.8,90,7,5.3,1.9,0.1,1.8,23,3.5,89,93
4,4.2,94,7,2.5,0.5,0.3,4.3,9,2.3,100,93
2.85,2.1,68,6.3,7.3,4.9,0,4.1,16,5.6,80,89
4,4.3,100,7.3,3.9,1.1,2.1,2.4,12,1.4,100,100
2.78,2.1,79,8.3,10.9,6.5,0.8,3.3,7,4.8,78,90
3.62,2.9,98,6.2,6.1,2.1,2.5,7.2,17,3.4,100,98
3.13,3.1,75,5.2,11.3,6,2.2,2.4,15,6.6,86,85
4,5,100,7.8,1.9,0.7,4,2.5,27,6.5,100,100
4,4.9,90,7.4,5.7,4.3,1.3,3.3,14,7,100,91
2.89,1.6,82,5.7,7.8,3.5,1.8,2.6,9,5.8,91,94
3.17,3.6,98,6.1,8.8,4.1,0.2,4.6,3,3.2,82,95
3.3,2.4,85,6,7.3,4.3,1.3,5.9,8,3.3,87,92
2.93,1.6,75,6.1,1,2.1,2,2.5,13,6.7,96,80
3.69,3.2,99,6.6,2.9,0.8,0,1.3,10,2.5,100,100
4,3,94,6.7,6.1,2.7,2.2,6.9,16,5.7,98,100
4,7.1,100,6.2,5,3.1,1.7,3.2,14,7.9,100,100
3.99,4.1,94,6.1,5.3,2.1,1.4,0,6,3.1,100,93
3.64,1.4,79,6.7,8.5,3.2,1.7,6.7,10,4.4,86,99
4,2.7,96,7.2,8,3.3,1.2,5.3,8,1.7,100,94
4,5,100,6.6,5.4,1.4,1.8,6.2,14,3.7,96,100
4,6.6,100,8.4,6.3,3.4,2.8,5.9,14,1.3,100,90
3.17,1.1,78,7.6,4.8,2.4,3.3,8.3,9,2.6,100,96
2.58,0.7,74,5.1,5.7,1.8,0.8,0.9,4,3.6,74,85
4,6.3,100,7.6,7,4,1.9,1.4,26,6,100,87
4,4.1,96,7.7,4.7,1.6,0.3,2,14,5.4,100,89
3.02,2.2,66,6.5,3.2,2.1,4.6,2,14,2,90,82
3.96,4.3,91,5.2,5,2.9,2.6,3.2,3,5.4,94,100
2.92,0.5,72,7,8.8,4.9,0.3,2,16,0.7,73,75
3.98,3.5,86,7,4.8,3.1,3.4,0.6,17,4.6,100,97
3.59,4,90,5.7,6.9,3.6,0,1.3,14,0,92,99
3.71,4.9,100,5.3,5.9,2.4,0.4,2.4,13,3,100,100
3.46,2,100,6.9,6.3,2.7,0.7,5.3,13,3.8,99,100
4,3.6,93,6.7,6.4,2.7,1.2,1.8,8,6.4,100,96
3.47,2.1,87,6.5,7,3.2,2.3,4.6,9,7.7,100,89
3.74,3.9,95,6.9,4.7,2.4,0.3,0.4,11,2.3,100,87
3.21,2.2,80,5.7,6,4.8,0.9,0,17,7.6,97,92
3.28,2.9,89,6.5,4.2,2.2,1.3,2.7,13,3.7,82,87
3.69,2,85,7.6,4.1,0.2,2.3,1.8,8,0.5,100,91
3.45,4.5,89,6.6,8.5,6.9,1.1,1.2,9,0,100,100
3.69,4.8,100,5,4.1,2.3,1.8,1,1,4.7,100,99
3.44,3.1,87,6.4,6.5,4.8,2,1.6,14,5.1,89,88
3.04,3.6,77,5.7,5.7,4.9,2.1,1,11,6,100,75
2.6,1.3,72,7.3,5.8,4.2,0,1.2,13,3.1,69,82
3.83,3.1,84,7.4,6.7,2.5,1.9,0.3,27,4.3,100,86
3.22,3.4,95,5,5.3,3.2,0,0,10,3.2,97,83
4,7.4,100,7.9,1.8,0.9,1.5,0,13,5.6,100,100
3.27,1.8,79,5.7,8.2,5.8,1.3,7.9,9,7,87,92
4,5.7,100,8.9,5.1,1.5,2.3,2.9,11,6.2,100,98
4,5,100,6.9,3.2,2.4,0,6,7,3.9,100,100
3.34,3.9,97,5.5,7,2.9,0,2.6,7,4.8,89,100
4,6.1,100,5.6,3.9,2.6,0.9,2.7,3,4.3,100,99
4,4.1,100,7.4,4.3,1.8,1,3.6,7,1.3,100,99
3.54,4.1,82,6.5,7.4,4.9,1.8,4.3,13,2.9,100,94
3.36,3.4,85,6.9,6.5,4.2,0,0.5,10,6.7,89,100
4,5.3,100,8.9,6.2,3.3,1.8,2.2,11,6.2,100,100
4,5.1,100,6.2,6.1,2.2,1.3,3.6,10,9,100,100
3.42,2.6,97,7.1,7.4,4.4,3.3,0,13,2.7,95,85
3.37,1.5,80,8.7,4.4,2.1,0.1,5.6,12,2.9,100,97
3.5,3.2,86,7.3,8.7,5.2,2.6,5.1,12,5.3,89,91
2.66,2.3,71,5.1,6.2,3,1.2,0,10,6.3,83,85
3.53,3.4,89,7.6,6.8,4.6,0.6,1.2,16,3.1,92,100
4,5.4,100,5.6,5.7,2.6,3.5,3.2,2,0.5,100,100
3.26,2.8,77,8.7,5,2.9,0.9,4.7,8,4.5,85,86
3.65,3.4,87,6,6.6,4.6,2,6.1,8,2.4,100,93
3.88,3.6,99,10,10.1,6.1,1.2,1.7,15,2.6,100,100
3.96,4.8,100,8.8,8.6,5.1,1.2,7.7,9,5.3,100,92
2.03,0.5,66,6,8,4.1,2.3,2.9,7,4.1,82,75
3.76,2.6,92,7,7.5,3.7,2.5,2.6,13,3.2,100,100
4,3.8,92,7.9,3.9,2,0.5,4.1,16,0.6,100,82
3.85,5.3,100,7.9,7.4,3.2,0.6,3.6,16,2.6,100,96
3.58,2.8,77,7.5,4,1.4,0,3.5,17,6.1,98,94
3.24,0.7,78,8.5,7.5,3.4,1.1,7,13,1.6,78,89
4,4.4,99,6.9,6.3,3.5,3.3,3.5,13,2.3,100,96
4,2.5,86,6.6,3.4,0,3.5,1,11,6.1,100,96
2.97,1.7,72,6.6,6.3,2.9,1.5,1.3,10,6,90,87
3.77,2.6,87,8,7.4,3.4,3.5,5.9,7,2.2,89,92
3.83,3.2,93,7.4,3.7,2.7,3,4.4,15,4.5,100,100
3.29,2.6,77,7.3,4.4,3.3,2.3,0,3,5.5,87,92
3.37,0.5,62,8,4.6,0.8,0,0,5,5.7,84,96
3.78,4.8,86,4.5,5,1.6,1.2,3.1,21,2.3,100,94
4,5.4,92,7.4,6.5,4.4,0.2,4.2,11,3.3,100,100
4,4.5,91,7.3,6.2,2.8,0.1,1.6,13,9.5,96,100
3.22,1.8,83,9,4.6,3.3,1.9,0,6,6.2,82,89
3.32,3.2,89,5.2,8.9,2,2.3,0.7,14,5.4,88,90
3.68,3.5,95,8.9,7.4,2.8,0,6.3,19,7.2,95,100
4,4.4,100,7.1,3.7,0,0.9,4,19,5.6,100,100
3.61,4.5,100,7.6,7.2,4.1,0.1,5,4,2.3,100,100
3.33,2.4,86,9,7.8,5.5,1.5,5.3,18,2,94,100
3.82,3.6,99,7.7,2.6,1.2,0.5,1.7,12,0.2,100,100
4,4.2,93,7.5,4.3,1.4,1.9,2.3,1,4.9,100,99
4,5.7,97,7.3,5.5,3.5,3,2.7,4,5.7,100,97
3.29,4.6,91,6.4,7,5,1.6,3.8,3,7,99,100
3.97,4.7,100,7,4.1,2.8,2.5,5.2,15,4.4,100,100
3.66,3.6,100,6.1,4.3,1,3.2,6.7,11,2.6,100,89
4,5.6,100,6.9,5,2.5,1.7,4.6,9,2.6,100,100
3.73,4.1,97,4.2,4.9,1.3,0,4.6,12,5.1,100,89
3.57,2.2,95,7.5,5.3,1.8,0,6.9,21,1.5,100,82
3.88,5.6,100,6.9,5.6,2.3,1.4,2.6,11,1.6,100,100
4,4.5,95,6.6,7.6,1.4,3.9,5.4,14,4.6,100,100
4,2.8,100,7.3,5.6,1.6,0,4.2,15,7.4,100,100
3.34,2.8,97,5.3,4.4,2.9,2.1,4.2,6,4.9,86,100
3.95,3.9,89,9.3,6.7,3.1,1.8,2.6,15,3.1,100,87
4,4.2,94,6.9,3.6,0.7,2.2,0.2,17,5.5,100,94
3.65,3.8,100,6.8,4.8,3.4,1.4,3.7,17,4.3,100,93
3.49,4,100,5.8,3.5,2.2,1.5,3.7,11,5.5,87,87
4,6,100,7,7.4,3.9,1.5,1.8,17,0,100,100
4,5.1,100,8.7,7.8,4,0.1,2.8,14,4.9,100,92
3.94,3.8,100,8.2,3.7,2,0,1.2,12,4.6,100,94
4,4.9,100,8,7.9,3.7,4.1,1.3,17,9.6,100,97
3.69,2,97,7.7,4.8,1.5,1.2,2,21,5,100,95
3.77,4.1,94,6.6,9.2,4.8,0.1,0.3,17,4.8,100,100
4,6.2,100,5.3,5.9,1.6,2.9,1.8,12,2.2,100,100
3.85,3.2,86,6.8,6.1,3.3,0.9,4.4,10,2.4,100,98
2.95,2.2,76,6.7,7.5,2.5,1.9,5.9,15,0.1,100,94
3.58,2.5,84,8.3,3,1.3,2.1,7.2,13,2.4,100,100
3.4,1.9,79,7.4,10.1,4.2,0.6,2.2,18,4.9,93,90
3.76,2.3,93,8.9,3.8,1.9,2.3,5.4,7,4,95,87
3.64,2.9,85,8.4,3.1,0.2,1.2,3.7,17,4.6,100,91
3.52,1.4,99,6.5,2.3,0,2.7,2.5,5,4.3,95,100
3.65,3.5,86,4.8,4,1.5,2.9,3.8,11,0,96,98
3.62,4.9,95,8.7,11.4,4.9,2.4,5.2,15,7.1,100,94
3.66,2.1,82,8.6,7.1,4.7,0,2,11,4.6,100,89
3.91,5.8,89,5.4,5.7,1.7,2,2,14,2.6,100,96
4,4.3,100,8.8,4.9,2.2,2.8,2.2,19,2.3,100,100
4,5,98,7.5,6.2,2.1,1.2,1.7,9,3.9,100,100
3.35,2.5,75,7.2,3.1,0.8,0,5.4,5,0,96,82
4,4.8,100,8.9,4.7,1.4,1.2,1.5,6,0,100,100
3.39,1.9,83,8.6,8.1,4.3,0,1.8,12,5.3,92,89
4,4.8,100,7.8,5.7,3.6,1.5,3.6,18,4.7,100,91
4,3.8,97,7.6,9.5,3.2,1,3.5,10,2.9,100,83
4,4.3,100,7.7,4.6,0.8,1.9,2.2,23,7.8,100,76
3.34,1.7,79,6.5,5.7,3,0,6.4,6,4.5,100,89
3.79,2.2,69,6.9,2.2,0,3.1,1.7,3,5.9,100,96
3.88,4.4,95,5.9,7.2,4.1,2.4,2.7,13,6.6,100,100
3.24,2.1,81,6.6,4.7,3.2,0,0,9,4.4,96,92
3.84,4.2,100,6.6,5.9,0.8,1.7,2.4,8,9.2,100,100
2.67,1.4,65,6.2,8.7,5.2,2.6,0.4,12,3.4,83,86
3.9,4.8,100,7.2,3,0.1,0.7,1.2,6,4.4,100,98
3.3,1.7,70,6.6,7.9,3.6,1.4,0,15,6.4,100,89
4,4.3,100,7.6,5.7,3.6,0,1.2,13,6.7,100,98
3.9,4.4,100,5.1,2.5,0.9,0,2.8,10,4.7,100,100
3.8,2.5,97,6.9,5.5,2.7,0,2.5,13,3.1,94,89
4,4.4,100,7.2,3.5,0.3,0.8,2.2,22,2.6,100,100
4,3.9,100,6.6,3.6,0,3.6,2.4,11,0,100,100
3.39,2.7,92,6.8,2.4,1.2,1.4,2,10,3,94,100
3.06,2,80,5.1,4.4,1.9,0,2.9,15,2.8,94,86
2.91,0.6,65,7.4,3.1,3.8,1.7,2.8,9,1.3,85,87
4,4,100,7.8,4.5,2.9,2,3.5,14,1.1,100,94
3.19,1.2,74,7.6,6.8,2.9,0.4,2.6,16,4.6,84,86
3.82,3.6,99,8.2,5.5,1.3,1.5,2.1,19,4.3,100,100
3.3,3.1,98,7.2,3.6,2,3,4.6,10,5.4,100,98
4,4.5,100,7.6,4,1.4,1,4.2,5,0,100,97
3.66,3,96,7.2,4,1,0.9,2.9,11,0.7,97,100
3.96,3,100,7.8,6.2,1.9,0.6,5.4,13,7.5,100,93
3.43,4.6,100,5.1,7.7,2.9,2,3.2,9,6.6,100,95
4,4,91,5.9,5.1,1.9,0.8,2.7,13,1.9,100,89
3.67,4,98,8.9,5,2.3,1.5,2.9,21,2.5,92,92
2.91,4.2,91,4,5.1,3.8,0.3,3.3,9,5.9,100,85
3.44,1.2,95,6.8,5.1,2,0.8,1.2,8,3.9,95,100
3.82,4.6,97,8.4,6.3,0.8,4,0,17,0.9,100,100
4,4.4,99,6.9,8.1,3.6,0.5,3.6,6,1.2,100,93
3.4,2,92,6.5,6.4,3.2,3.4,4.7,12,2.5,98,87
2.99,3.1,94,7.2,6.7,3.3,0.1,1,9,1.5,90,82
3.96,3.4,89,6.6,5.9,3.7,3.6,5.1,4,5.2,100,97
3.27,3.3,76,7,6.1,3.5,1.3,0,11,3.7,90,82
3.64,4,100,6.2,6,2.8,2,1.9,9,5.1,100,84
4,5.6,99,8.3,9.6,6.4,0.3,6.4,15,3.7,100,88
4,5.1,100,8.7,5.1,0.9,1.8,3.7,13,3.2,100,86
3.16,1.5,82,6.8,6.1,1.9,2,2.4,13,3.6,88,85
3.42,4.4,100,5.3,7.9,4.3,1.5,3.5,7,3.3,100,94
4,5.5,100,6.4,4.8,3,0,5.4,9,2.1,100,100
3.48,4.1,92,6.8,5.7,3.9,0.4,0.1,13,2.3,100,86
4,5.1,100,7.6,5,3.1,0,5.6,8,7.9,100,95
4,6.5,100,5.8,8.2,4.9,1.4,2,12,0,100,100
3.87,5,100,6.1,1.9,1.3,0.2,4.4,14,6.5,100,100
3.66,3.9,93,7.6,7.8,4.8,0,1.8,16,4.7,100,100
4,5.1,96,8.1,9.3,4.6,0,6.4,9,4.1,100,96
3.75,3.7,89,6.3,4.8,1,0.3,2.9,10,4.5,100,88
3.23,3.5,92,5.4,6.3,3.7,4.8,0.3,13,8.2,100,88
4,3,92,10,4.9,2.7,2,3.9,8,5.4,96,100
4,5.8,100,7.9,5.9,1.9,1.6,5.6,5,4,100,100
4,2.3,83,6.7,3.4,0,1.8,5.4,14,0.5,100,85
4,5.8,100,8,4,1.3,0,3.2,11,5,100,100
3.5,4.2,92,6.9,6.2,3.9,2.6,4.6,15,5.4,97,100
3.21,1.4,73,8,7.1,4,2.5,2.2,9,4.2,77,87
3.68,4.1,95,7.2,5.1,2.5,2,4.2,12,1.1,100,99
2.78,0.5,71,7.1,7.9,4,2.3,3.7,3,4.5,82,90
3.82,4.4,100,6.9,8.7,4.2,1.6,0,15,1,100,95
3.82,4.8,100,5.3,4.4,3,1.3,1,9,3.9,94,100
4,2.6,91,9.3,3.2,1.7,1.6,3.4,11,4.4,100,100
3.3,3.7,86,5.9,8.1,3.5,0,3.3,11,1.4,100,91
4,6.4,94,5.4,6.7,3.5,4,2.9,10,4.7,100,100
3.02,2.7,79,6.7,5.4,3.8,0,3.2,12,3.4,74,83
3.27,1.9,68,5.8,8.3,4.1,3,5.4,12,3.4,94,86
4,5.7,100,6.9,4.2,0.8,2.6,3.7,13,0.2,100,100
4,6.4,100,7.8,7.6,2,1.8,0,6,6,100,100
4,3.5,98,8.2,2.7,0,0,6.9,16,6.5,100,94
4,5,92,8,8.2,3.9,1.8,0,11,7.8,100,100
4,5.5,100,6.6,3.8,2.5,3.7,4.9,14,5.5,100,100
3.14,2.4,81,7.1,8.1,3.4,1.6,0,11,8,92,77
3.67,2.8,100,7.5,4.7,0.6,1.1,5.8,7,5.3,100,100
3.83,5.3,82,4.9,9.8,4.9,1.3,2.4,25,6.7,100,100
4,6,100,7.7,5.3,1,1.8,3.8,13,3.8,100,100
3.44,4.3,99,5.3,6.9,4,0,0,4,7.9,93,87
3.65,2.2,76,9.4,4.6,3,2.2,4.5,12,0.7,98,86
4,6.5,100,6.5,4.8,2.5,0.2,3.8,10,3.4,100,98
3.59,2.7,82,6.8,3.3,2.4,2,4.2,11,2.6,89,92
3.51,3,98,6.1,3.7,1.8,3.8,4.9,4,6.4,96,72
3.38,4,91,6.2,8.2,4.7,0.8,3.4,12,7.8,99,97
4,5.8,100,9.7,5.7,2.8,0.1,2.6,8,2.2,100,91
4,4.8,100,8.1,3.6,0.9,1.6,1.4,19,4.6,100,94
3.53,4.1,95,5.1,4.2,2.2,3.7,2.1,11,1.1,86,89
4,4.2,91,8.8,3.9,3,1.9,5.4,16,5.3,100,91
3.94,3.6,90,8.4,7.3,4.1,3,1.3,16,7.5,100,100
3.56,4.3,87,6.7,5.4,1.9,2.3,0,14,0.2,100,77
2.73,0.5,67,7.4,3.8,2,3,1,13,1.5,85,79
3.75,3.1,73,7,5.2,2.8,0.7,4.2,17,5.9,100,93
3.9,3.9,100,9.4,9,4.1,3.4,2.4,9,5.6,92,100
3.57,1.8,83,6,5.1,0.7,2.3,4.2,16,4.6,88,99
3.64,4.1,100,7.2,4.8,3.6,0,0,10,0,95,100
3.37,3.2,85,6.5,5,2.1,1.2,0,12,4.8,95,89
4,6.1,100,5.3,7,2.3,1.7,3.5,6,6.4,100,93
4,5.9,100,9.6,8.5,5.8,1.6,5,5,3,100,98
3.56,2.8,93,5.6,5.2,2.5,1.4,0,12,3.3,96,89
3.4,3.3,89,7.3,8.2,3.9,1.8,4.1,17,2.7,100,87
3.5,3.4,94,4.9,8.1,3.9,1.8,5.4,11,3.3,98,99
3.35,2.8,86,6.5,5.1,1,0.8,3,20,2.6,100,96
4,3.8,100,7.5,2.7,0,2,4.8,14,2.4,100,100
2.98,2.4,81,6,7.8,4,2.5,3.4,11,2.2,95,88
3.24,1.8,76,7.7,6,1.2,3.8,2.5,19,4.9,78,79
3.91,4.4,89,6.7,3.2,0.3,4.3,4.6,19,3.6,100,95
4,4.4,97,8.4,6.8,4.3,1,6.8,5,4.8,100,91
3.66,2.3,88,8.6,5.8,1.3,0.9,1.9,12,4,91,92
4,4.8,100,6.3,7.1,1.6,1.1,2.8,15,2.2,100,100
3.67,2.6,89,7.1,11.3,5.8,0,1,16,2.8,100,96
3.9,3.9,100,7.2,2.9,0.3,1.7,3.3,15,5.3,100,94
4,4.7,100,7.7,3.6,0.9,5.9,2.7,11,5.9,100,89
3.99,3.4,98,7,3.9,2.1,0.4,5.3,10,6.6,100,93
4,4.2,98,7.2,5.5,2.4,0.7,5.8,11,2.2,100,95
3.57,2.7,91,6.7,3.2,1.5,0,4.6,8,6.3,100,99
3.08,3.2,98,7.1,3.5,1.1,2.7,5.1,5,5,100,86
3.32,3.2,91,8.6,8.9,5.1,1.8,1.6,15,4.9,99,98
2.9,2.4,91,7.8,6.7,3.2,0.4,1.1,15,4.2,100,82
3.86,3.2,91,7.8,4.5,3.7,0.1,3.9,21,4.3,100,100
2.85,1.2,75,7.9,7.5,2.6,0.8,3,9,6.6,72,85
3.27,2.8,89,6.8,4.9,3.2,2.4,7,14,1.4,88,93
3.2,3.1,86,7.4,6,4.2,2,0,11,5.2,100,95
3.83,3.1,100,5.7,2.8,1.3,0.4,4.2,11,4.4,100,94
3.76,3.1,89,8.5,5.4,3.2,0.7,4.2,9,4.1,99,99
3.04,3.4,100,3.7,5.7,3.8,2.7,1.5,12,5.6,100,100
3.73,4.2,100,6.9,7.1,5.1,0,1.1,19,1.8,100,89
3.53,4.8,90,8.4,5.7,5.7,0.1,2.3,10,4.6,95,94
3.51,2.5,93,5.4,6.1,2.9,1.7,0,14,6.1,100,86
3.34,1.7,77,7.5,7.8,4.5,1.6,5.9,9,1.7,98,81
3.66,1.9,90,6.2,5.7,0,2.4,8.4,5,2.2,100,96
3.42,2.8,95,6.6,8.7,5.1,2.6,2.3,11,5.6,91,98
3.67,3,88,8.1,4.1,1.7,2.4,1.7,22,6.2,93,100
3.63,2.3,82,7.2,4,2.4,0,0.4,8,5.7,99,99
2.73,1.6,79,4.6,6.4,3.5,2.5,0.8,7,4.3,81,85
3.42,2.8,83,5.8,6.1,2.6,2,1.8,8,2.6,98,94
3.8,3.8,79,8.2,5.5,3.1,1.5,5.4,21,3,100,94
4,4.4,100,7.5,8.3,5.2,2.8,9.4,18,3.2,100,100
3.62,2.7,96,9.1,7.5,2.2,3.1,1.6,15,6.4,100,83
3.29,2.9,96,9,3.7,1.2,0.7,1.2,19,4.9,100,90
3.6,2.1,78,6.6,6.2,5.5,0,0.7,17,4.7,98,100
4,3.5,100,10,7.6,3.6,0.9,3.9,11,5.8,100,99
3.15,2.2,86,7,9.1,5.7,0,3.7,10,3.9,82,92
3.65,4.4,87,5.8,5,4.1,1.2,3.2,17,1,100,87
2.77,0.8,77,6.2,4.3,0.8,2.3,2.1,13,5.5,80,84
2.88,3,91,4.3,5.6,3.8,0.6,5.7,7,3.1,95,78
4,4,100,8.9,4.8,1.3,0.4,4.5,15,5.1,100,100
4,3.8,87,8.9,8.1,2.8,0,4.4,10,1.3,98,100
4,7.5,100,5.8,5.5,2.7,2.1,3.7,18,4.1,100,100
4,4,92,6.7,4.7,0.4,2.5,2.6,7,5.2,100,89
3.64,2,90,7.1,3.1,1.6,0.3,1.6,15,5.2,98,89
3.27,3.4,76,5.8,7.3,6.1,0.2,4,13,3.2,91,86
2.3,0.8,81,4.9,8.6,3.2,1.3,3.8,13,3.3,100,73
3.63,3.4,100,6.7,5.9,2.5,0,4.1,13,0.8,100,89
2.95,2.3,76,6.6,9.3,5.5,2.9,0,11,4.1,79,77
3.75,4.9,93,6.5,6.6,2.2,0.4,3.7,15,3.4,100,96
3.7,2.7,82,7.3,5.1,2.7,2.6,2.4,13,3.1,99,95
4,3.3,96,8.7,8.3,4.3,1.4,1.2,13,3.6,100,92
3.84,2.5,93,6.6,6,2.2,0,4.5,18,2.9,95,95
4,6.1,100,7.2,3.1,1.7,0.3,3.4,5,2.3,100,88
3.39,3,76,7.9,4.8,0,0,7.7,15,0.4,83,93
4,6.2,100,7.7,6,1.4,1.6,4,13,3.5,100,100
4,4.7,87,6.3,2.9,1.4,0.5,2.4,15,1.4,100,92
3.72,4.2,81,7.1,6.2,3,1,2.8,15,3.7,100,95
4,4.1,100,7.7,4.6,1.9,3.2,0.7,15,6.4,100,100
2.99,4.1,78,5.6,10.7,6,2.7,5.5,10,4.5,100,82
2.97,0.6,81,8.5,2.5,1.2,1,3.6,9,9.6,80,76
3.2,3.1,90,8.7,12,4.9,1.4,3.7,14,6.1,94,85
3.82,4.8,93,6.1,5.9,3.1,0.4,0.9,19,3.7,100,97
3.87,3.4,92,7.2,7.9,4,2.3,4.6,11,5.3,100,92
2.81,1.4,73,7.8,8.6,3.9,4.2,1.1,7,3,74,88
3.72,3.4,97,6.3,2.8,0,0.4,1.9,16,0.2,100,100
4,6.1,100,7.6,5.7,2.8,2,3.3,8,0,100,100
3.89,5.4,100,7.2,4.8,2.4,0.4,1.8,14,5.6,100,100
3.47,3.4,87,5.2,3,1.1,2.6,1.4,7,3.7,97,89
4,4.9,95,7.6,6.8,3.5,2.3,2.9,11,3.9,100,100
2.98,3,88,5.7,8.2,5.4,2.2,5,12,4,83,92
3.54,0.9,79,8.1,2.4,0,0,4.8,11,0.9,89,98
3.29,2.1,74,6.2,4.5,2,0,4.4,13,2.8,94,97
4,5.8,100,6.8,4.6,0.9,2,4,14,6,100,90
3.82,3.1,89,8.6,4.9,2.9,0,2,9,3.2,97,96
3.75,3.1,89,7.6,5,2.3,1.2,5.2,9,2.8,100,87
3.48,3.1,95,5.7,6,1.9,0.9,0,18,2.9,90,89
4,6.4,100,5.8,7.1,3.8,2.8,3.9,11,1.4,100,99
4,5.9,100,6.3,7,5.3,2.6,4.7,13,4.4,100,100
4,6.8,100,7.5,9.8,6.8,1,2.8,5,5.8,100,100
3.67,3.3,98,7.4,5.2,1.7,1.9,1.6,21,5.3,100,91
4,3.9,94,6,4.3,0.1,2,2.9,14,2.3,100,100
2.59,1.2,80,5.6,5.7,3.6,2.6,1.5,2,0,88,98
3.95,5.7,100,7.3,7.5,5.2,0,4,7,5.6,100,91
3.65,1.7,84,6.8,6.2,4,0.4,4.9,8,3.9,100,100
4,3.8,98,9.6,7.4,5.2,2.7,3.9,21,6.1,100,95
3.45,1.9,81,7,6,2.5,0,3.8,25,3.1,100,93
3.49,2.6,84,9.2,5.6,1.9,0,4.5,15,2.7,82,95
3.12,2.2,70,5.6,7.3,3,1.3,4.8,17,0.3,100,91
3.28,2.6,83,5.1,5.2,2.3,0.7,1.4,18,5.8,90,94
3.63,2.7,83,5.7,5.1,3.8,2.1,0,6,4.4,100,86
3.39,2.7,85,8.4,8.1,4.3,3.1,3.6,12,7.4,96,91
4,4.8,100,9.1,7.6,4.4,0,4.8,12,2,100,94
3.57,1.8,89,6.1,6.7,3.6,1.6,0,19,3.6,100,95
3.66,3.8,100,6.4,4.7,3.2,1.3,3.1,22,8.4,100,100
3.51,5.3,91,5.6,6.8,4,0,5.3,23,1.8,100,100
3.51,2.7,91,4.8,1.6,0,0,2.8,14,5,100,84
3.68,2.4,87,7.9,6.7,3.1,0.3,6,14,6.4,100,93
3.86,3.2,97,7.3,5.4,2.9,0,5.7,10,3.6,100,100
4,5.3,100,7,5.5,3.1,1.8,2.6,12,4.8,100,91
4,3.8,100,5.3,3.9,2.7,0.6,2.3,17,8.2,100,99
3.87,2.7,96,9,7.6,3.4,0.5,2.3,17,3.5,98,92
4,4.2,99,6.4,4.6,1.9,2.4,3.3,15,4.9,100,100
2.98,1.8,76,7.6,7.6,4.5,4,0.7,8,5.3,95,88
3.11,4.5,100,5.3,5.6,3.5,1.1,0.3,22,3.9,93,82
3.61,4.1,90,6.8,4,3,2.2,0,14,3.1,100,91
4,3,99,7.3,4.2,1.8,2.7,3,13,3,100,89
3.29,2.2,80,7.4,6.6,4,0,7.1,16,4,99,99
3.32,2.2,73,7.2,6.5,3.1,0,0,9,2.5,77,98
3.89,4.3,100,7.6,4.3,1.7,1.2,2.6,8,5.2,100,100
4,5.3,89,5.6,4.8,2.7,2.1,2.6,10,1,100,86
3.19,2.5,67,7.2,4.9,3.7,0.5,2.7,7,8.9,81,92
4,4.2,100,7.1,6.7,3.6,0,5.5,13,4.6,100,92
2.86,0.5,69,7.3,5.5,3.5,3.3,1.2,2,3.4,77,75
3.4,2.6,90,7.1,7.5,2.9,2.4,0,10,3.3,100,91
3.44,3.5,87,5.5,7.5,4.3,1.1,1.9,2,6,92,97
3.14,2.1,81,5.4,8.4,4.7,0.2,1.7,11,0,100,84
2.32,2.1,73,4.3,6.6,3.9,0,0,11,3.2,71,71
3.7,2.5,97,8,5.1,1.9,0.3,3.5,18,4.2,95,97
4,3.9,100,8,3.1,1.2,3.7,0.6,13,4.7,100,100
3.95,3.2,100,8,3.6,2,1,2.8,8,5.3,100,86
3.37,0.5,77,7.4,8.7,5.7,1.8,2.3,10,0.8,86,84
2.26,0.5,65,4.4,6.9,3.2,5.3,0.9,19,4.4,72,87
3.24,2.6,83,5.8,6.7,6,3.9,4.8,7,4.3,89,92
3.96,4.2,100,7.2,5,2.6,1.7,2.4,23,4.1,100,100
2.59,0.5,76,7.2,7.6,2.4,3.8,3.1,14,7.1,87,85
3.51,2.8,77,6.7,6.3,2.7,2.1,4.2,6,5.1,100,96
3.63,2.7,94,7.4,7.5,2.7,4,3.6,7,3.2,100,100
4,5.6,100,7,3.8,1.6,1.5,3.3,16,5.5,100,97
4,2.9,100,7.1,3.6,1.1,2.4,1.4,16,2.5,100,97
3.3,4.1,100,6.2,7.8,3.6,2.3,0.8,14,6,100,98
3.55,3.7,95,8.2,8.1,4.4,0.4,3.3,13,4.1,89,92
2.25,0.5,63,6.5,9.4,6.5,2.5,1.1,11,4.7,63,64
3.89,4.7,91,5.4,3.6,2.1,0.1,4.6,8,0,100,100
4,3.8,100,6.1,6.7,2.3,0.8,2.7,14,2.8,100,96
3.94,4.3,92,6.6,7.6,1.6,2.6,4.3,20,7.4,100,100
4,9.4,100,8.2,5.6,4.5,2,1,12,3.9,100,100
2.4,0.5,76,6.9,8.7,4,1.5,0.7,13,5.9,76,73
4,6.1,100,6.8,3.9,1.5,1.9,6.4,17,5.8,100,100
3.09,3.1,92,5.5,4,1.4,1.4,2.7,9,6.7,78,95
4,3.9,96,7.9,7.5,4.2,2.9,4.8,14,6.1,100,100
2.97,3.4,81,6.2,5,3.4,4.5,0.2,16,3.7,99,86
3.13,2.9,89,6.9,6.9,3.9,3.3,2.4,8,4.6,100,85
3.84,2.6,90,8.8,2.6,1.5,1,5.6,6,2.5,100,98
3.5,4,99,7.6,3.6,0,2.2,0,11,3.9,95,100
3.19,1.2,87,5,7.2,1.5,0.5,7.6,16,0.4,92,99
3.92,4.6,100,4.9,6,3.8,3.1,3.4,5,0.8,100,92
2.84,2.9,64,6.9,8.8,6,1.5,1.4,13,2.8,70,79
3.28,1.8,81,5.5,5.1,2.2,2.5,3.7,11,4.3,82,90
3.73,2.8,91,7.8,10.4,6.2,1.9,5.2,11,4.2,98,91
4,5.4,94,7.1,7.5,4,0,1.3,14,3.5,100,96
3.97,2.7,85,7.2,4.8,0.7,1.5,1.6,4,0.8,95,95
3.68,4,100,6.2,5.5,3.1,1.9,3.5,18,2.2,100,100
3.35,2.4,83,9.1,7.6,4.1,2.1,3.9,8,5.4,98,86
4,4.6,96,10,1,0,0.3,2.6,14,7.3,100,100
3.97,4.5,100,6.7,7.6,3.8,0,3.8,16,3.8,100,99
4,6.3,100,7.4,6.1,4.6,1.8,4.7,19,0.9,100,98
3.85,3.2,93,7.1,6,3.4,1.6,3.3,12,8.1,100,98
4,4.5,99,6.7,6.6,2.7,0.9,1.6,5,2.7,100,93
4,3.6,100,6,3.7,2.5,0.8,3,4,5.5,100,97
4,5.4,95,5.7,6.8,2.5,3.1,6.5,18,4.4,94,100
3.54,2.4,91,5.6,3.9,1,0.5,3.7,9,5.1,100,83
4,4.6,100,7.5,6.5,1.8,0.8,5.5,10,2.8,100,93
3.7,3.2,80,6.4,4.1,2.2,0,2,6,3.3,100,100
3.56,3.4,80,3.9,3.8,3,2.5,3.5,10,4.2,100,85
3.95,3.6,100,7.5,5,2,1.7,4.6,21,2.1,100,100
3.74,3.9,100,7,5.2,1.5,3.5,6,12,5.6,100,91
3.79,3.3,86,8.6,7.7,3.9,0.3,5.5,8,4.2,100,100
4,3.8,85,7.4,5,3.4,0,0.8,17,5.7,100,100
4,5.9,100,5.2,3.1,2,0.5,5.3,1,3.6,100,96
3.94,5,99,4.3,6.2,3.6,2.7,6.4,12,4.7,100,100
4,4.8,100,6.1,5.7,2.1,2.9,1.9,10,3.6,100,96
3.49,2.8,100,6.2,6.5,2.9,1.6,1.2,11,3.6,100,100
3.73,2.2,88,8.1,9.2,4.3,1.6,3,5,1.2,93,96
3.91,4.9,98,7,4.5,1.9,3.6,3.4,11,5.5,100,93
4,4.8,100,8.4,1.8,1,2.3,2.3,10,3.8,100,100
4,5.7,100,5.4,7,2.6,1.5,0.6,7,6.6,100,100
3.87,2.6,88,8.2,4,0.8,0.6,5.9,10,5.2,92,93
3.8,3.2,100,7.9,5.7,2.4,2.4,1.3,2,1.8,100,90
2.75,1,83,4.6,6.3,2.4,0,2,23,1,100,83
4,2.9,99,8.6,4.5,0,0,3.2,1,5.5,95,100
4,5,94,7.1,6.6,3.6,1.3,0.1,11,4.3,100,93
3.62,2.8,91,7.5,6.9,2.5,3.5,0,11,4.3,92,87
4,4.5,87,6,8.3,4.6,0,2.1,9,8.5,100,96
3.82,3.2,95,8.5,5.3,3.1,3,4.7,11,5.2,100,83
3.95,4,97,5.6,6.6,3.9,2.4,3.4,15,6,100,100
2.83,1.8,64,8,8.3,4.6,0,0,6,5,80,79
3.92,3.6,100,8,4.7,2.6,1.9,5.8,3,5.7,100,88
2.66,0.5,67,5.8,6.9,2.8,0.6,4.6,9,2.5,79,74
4,3.2,96,9.4,3.6,0.4,0.6,3.4,1,2.9,100,99
2.57,1.1,62,7.3,8.2,4.7,3,3.3,8,7.6,62,74
4,5.3,99,7.8,7.3,2.6,1.3,4.3,9,3.5,100,98
3.67,4.7,100,5.2,4.7,1.3,1.3,7.7,12,6.7,100,100
4,4.2,100,9.5,7,3.9,1.5,4.8,18,2.9,100,97
4,5.8,100,5.5,2.9,0,3.2,3.6,13,2.9,100,100
3.05,2.1,80,8.2,5,2.2,1.2,0.5,14,6.5,91,85
4,6.1,100,5.8,7.6,4.2,2.5,3.3,8,2.9,100,100
3.96,4.9,100,6.3,6.7,2.1,2.5,4.5,9,3.2,100,100
3.93,3.1,88,7.9,4,1.7,0,2.8,9,3.3,100,93
3.88,5.2,100,8.2,4.4,2.2,2.9,2,11,4.8,100,100
3.35,1.8,75,5.5,4.5,0,3.1,4.1,10,3,92,89
3.31,2.3,79,8.3,6.2,3.9,2.4,1,14,4.4,100,80
3.94,2.6,82,8.3,5.9,2.6,0.9,4.7,15,5.6,95,89
3.65,2.7,93,5.9,4.7,2.4,0.4,2.1,18,4.5,100,89
3.5,1.9,100,8.9,3.4,2.4,1.4,0,13,3.7,81,93
4,5.3,100,5.3,6,2.8,0,2.1,14,9.1,100,97
3.46,3.1,85,6.3,8.1,3.8,2.1,2.9,18,7.1,100,80
3.86,4,83,7.6,5.6,2.7,0,4.1,16,4.7,100,96
3.38,2.6,81,6,2,0.8,2,3.9,10,0,100,99
2.82,0.8,60,7.3,6.8,3.7,1,0.4,7,5.6,86,84
3.79,3.9,100,7.3,5.6,3.5,2,3.2,10,3.6,100,100
3.14,0.6,87,6.8,3,3.1,0.9,1.9,8,2.7,98,81
3.16,3.4,82,8,7.3,4.4,1.4,2.3,13,4.6,100,82
3.17,1.4,76,6.7,6.4,2.8,0.6,1,14,4.5,87,80
4,6.5,100,7.3,8.9,4.5,1.8,2.9,10,5.2,100,100
4,4.9,100,8.4,10,4.9,2.7,9.3,10,4.9,100,88
3.33,3.7,95,7.9,7.5,3.7,3.1,6.7,1,7.5,91,100
4,5.4,100,7.9,5.8,1.7,1,1,9,4,100,88
3.05,2.2,75,5.6,4.1,2.6,0,3.1,28,7.5,100,71
3.77,4.3,100,7.6,9.6,4.7,0.8,2.4,18,6.2,100,88
3.4,3.8,92,5.9,5.1,0.6,2.4,3.3,19,5.9,96,89
3.71,3.9,81,5.5,4.8,2.2,2.8,4.8,14,5.4,100,81
4,5.4,100,6.9,6.1,2.3,4,2.7,17,6.3,100,87
3.91,4.6,100,5.9,5.2,1.5,0.6,1.6,10,3.2,100,100
3.99,3.9,98,7.9,8.9,4.1,3.5,5.3,8,4.4,100,95
2.29,1,71,8,6.2,3.4,1.1,0.5,19,1.2,79,66
2.78,2.1,72,4.7,3.8,1.7,2.1,3.4,7,7.3,73,80
3.77,3.3,92,6,6.1,3.7,2.1,0,14,4.8,100,89
3.12,3.6,73,5.2,6.7,2.6,3.1,0.9,21,8.7,78,89
3.17,1.8,89,6.4,2.2,1.5,0,4.5,17,6,91,92
4,7.1,100,7.5,1.1,1.7,0,1.6,11,4,100,100
4,5.8,100,6.7,7.6,3.5,1.6,0,18,5.1,100,100
3.71,4.4,86,6.3,7.5,4.2,0.1,1.6,13,4.6,100,86
4,3.6,87,8.6,5.1,2.1,1.6,1.3,11,6.2,100,89
3.49,3.2,83,4.2,5,3.6,2.7,0.5,16,2,99,88
3.31,2.1,83,8.5,6.1,5.2,3.4,4.1,8,3.8,100,84
3.98,3.6,95,6.3,3.1,0.9,0.3,0,5,3.9,92,93
4,3.9,100,6.9,6.7,3.3,0.1,1.8,11,3.7,100,94
3.36,1.6,76,6.4,6.3,4,2.1,3.3,9,4.4,83,84
4,4,100,8.9,6.8,2.7,2.6,2.3,5,7,100,100
2.85,3.3,73,5.5,6.6,4.7,0.6,2.2,12,0.3,86,89
2.84,0.6,62,7,8.5,6.1,0.4,1.6,9,1.4,81,88
3.34,2.2,96,7.6,7.1,3.3,2.5,0.6,7,5.7,100,86
3.87,2.9,93,5.1,4.9,2.4,2.9,1.7,12,2.8,100,100
3.92,6.3,100,5.9,6.9,4.3,1.5,4.3,7,0.7,100,100
4,4.3,92,6.8,6.3,4.1,2.2,2.1,18,3,100,88
3.29,1.5,75,5.9,2,0,0.5,3.3,21,6.8,85,94
4,4.2,92,6,6.2,2.8,0.8,5.2,16,2.9,100,98
2.95,1.2,82,6.6,5.8,2.2,1.3,4.2,10,3.4,87,75
4,5.1,89,7.8,6.7,3.4,0.7,0.4,14,0.7,97,100
3.87,2.8,100,6.6,4.8,2.5,0,3.9,9,5.1,100,100
4,3.4,100,8.3,5.5,2.7,0.8,5.1,15,3.5,100,100
4,5.5,100,5.8,6.4,1.5,2,1.8,16,3.9,90,97
2.95,1.6,79,5.5,5.2,3.9,1,0,16,5.5,78,85
2.99,1.4,79,9.3,10.6,5.3,2.6,2.1,10,2.8,87,98
3.77,2.6,91,6.2,4.6,1.5,1,3.4,16,5.5,96,95
4,5.1,100,5.4,3.5,0.7,0.2,4.2,14,7.2,100,100
3.05,1.2,90,4.9,6.9,2.8,1.6,2,13,4.2,100,84
2.43,0.5,73,8.3,3.3,2.8,2.5,0,12,4.4,73,89
3.35,2.8,80,6.6,9.3,4.6,0.3,0.4,7,6.7,94,79
3.86,4.3,99,6.7,6.2,1,0,3.7,14,4.6,100,100
4,5.3,100,6.8,6.3,2,1.9,7,11,2.3,100,90
3.99,2.8,100,8.2,1,0,2.5,3,6,6.5,100,100
3.38,2.9,80,6.8,8.8,4.9,0,5.6,8,5.3,100,87
4,5.2,100,9.8,8.2,3.2,2.8,0.9,14,0.6,100,91
3.07,0.7,86,7.2,7,2.1,0.8,1.7,10,6.9,88,99
3.72,2.9,100,8.3,2.1,0.8,1.2,0,9,4.2,100,96
3.99,3.8,92,8,5.2,1,1,3.7,2,2.7,100,86
3.8,4.2,100,7,8.6,3.4,1,1.2,17,1,100,97
3.41,2.7,78,6.3,4.1,1.1,1.2,4.2,6,4.6,96,75
3.47,3.6,82,7.4,4.3,3,1.7,2,12,4.7,94,86
3.15,0.5,64,7.6,9.9,5.9,1.1,7,10,3.9,84,91
3.2,2.5,88,6.3,6.6,2.3,3.5,6.6,13,3.1,100,86
4,4.2,99,7.2,4.2,1.4,1.6,0,13,2.4,100,91
3.69,2,88,8.5,5,3.4,2.1,4.2,11,7.6,93,90
4,3.6,99,9.5,5.2,1,4.1,1.5,13,4.7,100,100
3.7,4.2,78,8,7.5,5.4,2.6,4.3,12,4.8,100,99
3.35,3,88,9.2,8.4,4.9,5.1,0.3,5,7.5,90,90
3.49,3.8,82,6.2,7.5,2.6,1.2,5.9,18,4.7,100,87
3.7,2.1,87,7.8,2.5,1.5,2.5,5.1,20,2.3,98,96
3.43,3.2,85,8.6,6.3,2.2,2.1,0.2,8,4.1,95,84
4,4.4,100,5.9,5.2,2.4,1.8,2.6,4,5.2,100,100
4,3.7,100,6.4,6.2,3.4,2.2,3.3,18,7.3,98,92
3.64,2.6,74,9.1,8,4.4,1.6,4.4,7,1.7,83,84
3.67,3.8,79,5.8,3.3,1.2,2.6,3,18,3.8,100,94
3.5,4.6,92,5.4,5.9,4.3,0.6,4.6,18,3.7,98,99
3.15,0.5,83,8.8,4.6,3.7,0,2.9,11,6,98,84
4,5.2,100,8.4,6.5,2,2,4.2,11,5.1,100,100
4,3,90,7.5,3.8,1.2,2.7,0.3,7,5.4,100,100
3.72,4.1,88,6.9,6.7,3,2.2,2.9,12,0.4,100,93
4,5.3,100,6.5,3.6,1.2,0,5.3,14,2.6,100,96
3.42,1.4,88,7.3,5.9,4.3,2.7,5.8,14,4.8,91,93
3.77,2.4,77,8.9,4.9,1.1,1.5,3.3,15,5,100,86
3.71,3.1,91,7.3,7,3.6,3.1,2.8,17,4.3,100,100
3.86,2.3,100,9.6,5.4,2.7,0,5.7,12,7,100,100
4,6.1,100,5.9,5.4,2,3,2.8,26,4.8,100,100
3.49,2.2,83,7,4.4,2.6,1.4,5.3,14,1,99,86
3.41,2.7,83,6.6,8.7,4.4,4.3,2.8,14,4.7,98,100
3.53,3.8,93,5.7,5.6,1,2,3.1,14,2.7,92,94
3.3,1.7,90,6.8,6.1,2.2,2.4,0.8,14,4.8,91,98
3.71,2.9,100,7.5,4.3,1.7,0.8,0.5,14,0.4,99,100
3.72,4,84,7.6,5.8,2.7,1.1,5,17,2.3,100,100
4,3,89,9.6,6.7,1.8,1.3,6.4,1,6.8,96,100
4,3.4,100,7.6,4.6,0.1,1.7,3.2,11,5.3,100,99
3.79,2.7,98,8.4,6.6,1.2,1.2,2.7,4,6.8,95,100
2.95,1.2,75,7.1,7.4,5.3,2.3,5,19,3.7,75,82
4,4,100,9,5.2,3.2,2.9,3.7,5,6.8,100,98
4,6.1,100,9.9,6.3,3.1,2.3,0,8,2.7,100,100
3.98,3.5,99,7.6,5.9,2.4,1.8,5,9,4.7,100,88
3.79,3.8,90,5.8,5.5,2.7,1.1,0.3,6,4.6,100,100
4,4.5,98,6.3,4.7,2.2,0,3,10,7.1,100,95
3.44,1.6,78,7.3,8.1,3.6,2.4,2.1,2,0,100,80
4,6.1,100,7.5,5.9,3,0.6,1.7,20,4.7,100,98
3.82,3.8,100,7.8,2.5,1,0.8,3.1,14,6.2,100,100
4,5.9,100,7.6,4.9,3.2,0.8,4.8,8,1.9,100,100
4,2.4,76,7,3.3,0,1.9,3.1,15,3,100,84
4,6.2,100,6.2,10,3.4,2.9,5.8,14,1,100,100
4,4.7,100,7.5,2.5,0.7,0.6,6.1,7,5,100,98
4,4.3,100,9.2,5.3,2.7,0,6,16,3.2,100,90
4,3.9,99,8.2,6.9,1,1.9,2.9,11,3.3,100,93
4,3.1,92,7.6,5.2,2.8,0,2,18,6.7,96,86
4,5.3,100,8.2,7.2,3.7,0.9,2.9,10,4.5,100,100
3.67,3.7,99,6.6,10.4,5.1,0.3,5.3,5,0.2,98,88
3.16,0.5,66,6.4,2.4,0.5,1.6,5.1,17,4.6,94,77
2.93,1.8,70,6.1,6.9,4.3,2.1,0,11,2.1,89,100
3.58,3.2,83,6.8,5.4,3,2.3,3.6,12,2.1,100,89
4,4,97,6.5,3.3,2.1,1.2,0,13,1.6,100,96
3.77,3.4,81,8.4,8.8,3.9,3.3,3,7,4.2,100,97
4,5.3,100,6.4,4.7,2.4,0.4,1.9,11,2.8,100,86
2.45,0.6,72,6,5.8,3.9,0,1.3,9,3.1,75,88
4,3.7,100,9.3,3.8,1.3,0.1,4.7,10,5.2,100,98
3.44,0.8,92,6.5,6,1.9,4.9,1.7,18,6.2,78,97
4,4.6,95,7.2,7.3,4.2,0,3,8,1.1,100,99
3.84,3.4,96,7.5,7.1,5,3.1,1.1,8,0,96,100
3.75,4.1,99,5.6,6.2,2.7,1.2,3.1,19,4.6,96,93
3.79,2.2,100,8.5,4,0,2.5,4.9,7,0.5,95,100
4,5.4,100,7.8,5.5,2.5,0,1.2,12,1.2,100,100
4,5.1,100,8.9,5.5,2.8,1,4.3,15,3,100,88
3.89,4.4,100,6.2,6.7,2.5,2.4,3.1,15,5.6,100,100
3.46,3.3,86,7.1,6.1,3.3,2.2,3.1,5,6.5,93,99
4,4.4,97,7,7,2.1,3.4,2.3,8,2.8,100,97
2.98,2.4,83,7.3,6.2,4.1,0,4.5,3,2.5,79,76
3.68,4.8,100,5.3,3.1,1,2.3,4.3,16,1.8,100,84
4,6,100,7.1,6.6,4.7,1.8,2.7,17,4,100,91
3.77,5.1,78,5.3,7.8,5.1,1.3,3.4,17,3.5,100,96
3.37,2.4,91,7.4,4.4,1.4,1.6,4.5,12,2.2,100,89
3.71,4,97,4.4,2.8,1.4,0.8,4.1,11,6.7,100,99
2.6,1.6,77,4.8,6.5,3.4,0.3,2.4,9,0,78,86
4,4.4,100,8,4.7,1,2.2,5.3,4,3,100,100
3.69,4.2,86,6.3,3.3,2.1,2.7,4.7,15,6.4,87,83
3.02,0.7,80,5.8,6.9,4.5,1.6,7.2,7,2.1,85,87
3.68,1.8,100,8.5,7.6,3.9,1.8,0,2,7.4,97,98
3.06,3.1,99,7.4,7.5,5.8,1.7,4.4,19,3.1,100,80
3.17,3,88,8,5.7,3.1,3.9,5.3,9,5.2,94,73
3.66,1.7,85,6.8,6.2,1.9,0,5,13,4.7,100,95
4,4.1,97,10,8.1,2.9,1.9,2.5,11,4.8,100,100
3.58,3.9,89,6.3,6.1,2.6,1.2,0.3,18,4.4,100,91
3.91,3.2,100,9.1,5.4,2.6,0.8,6.1,5,1.3,100,94
3.62,2.4,91,6.9,5.2,2.8,2.9,2,16,4.2,100,78
4,5.1,100,5,5.5,1.4,2.1,2.4,12,5.9,100,100
4,6,100,7.6,7.6,3.2,1.3,7.1,14,6.8,100,100
3.76,2.8,81,7.4,2.3,0.7,2.6,0.5,10,5.1,100,93
3.58,2.6,95,5.7,5.8,1.7,0.5,4.6,10,0,96,100
3.78,4.2,99,5.9,4.9,2.6,3.4,1.5,17,2.9,100,91
3.9,3,93,7,2,0,1.9,1.4,8,3,100,98
3.51,3.3,100,7.4,6.8,4,2.5,3.3,9,0.2,100,98
4,4.6,100,4,4.2,0,0.6,4.4,11,4.7,100,100
3.02,0.6,66,8.3,7.2,3.8,0.8,4.9,5,5,82,78
4,5.5,94,6.4,4.2,0.9,1.9,5.2,11,5.9,100,98
3.49,3.6,96,5.4,5.6,2.2,0,1.6,11,3.1,98,98
3.48,2.9,86,8.1,7.2,3.6,3.5,0.7,15,3.8,100,90
3.19,3.4,84,7,9,6.1,1,2.3,9,4.8,100,99
3.41,3.4,93,8.5,6.8,3,2.6,3.7,3,2.8,100,84
3.51,0.9,93,7.5,2.2,0,2.4,2.6,12,0,100,95
3.79,5.7,100,7,8,4.2,3.6,0,10,3,100,99
3.96,3.6,93,6.8,6.5,2.5,0.2,0,6,1.8,100,89
4,4.2,98,7.6,6.7,2.9,1.9,2.5,14,4.2,100,100
3.98,4.9,100,6.5,7.5,3.6,2.4,4.7,14,6,100,98
3.56,2,97,6,3.6,0,0,1.2,15,0.9,98,92
3.7,4.2,100,7.7,7.2,2.8,1,4.5,14,2,100,88
3.37,3.1,86,6.8,2.5,2.2,1.8,0,16,6.4,94,87
3.48,4.8,89,7,8.6,4.6,0.9,3.5,14,5.1,100,99
3.06,0.5,72,8.3,9.3,3.9,0,3.5,22,5.3,90,87
3.64,3.4,87,6.9,2.7,0.4,0,3.9,19,4.7,100,74
3.24,2.6,86,7,6.8,4.7,4.3,1,13,4.3,92,90
3.38,4.1,98,6.3,8,3.5,3.1,0,3,2.8,92,98
4,4.2,100,7.5,2.4,0.5,2.3,4.5,21,2.3,100,92
3.42,2.4,84,7.4,5.1,2.9,1.3,0,11,3.7,91,81
3.04,2.4,92,8.1,7.6,4.4,0.6,1.5,15,8.8,90,90
3.16,3.3,100,6.3,3,1,2,5.8,14,3.1,90,93
3.05,2.2,79,6.5,9,4.9,0.3,3.3,11,1.8,94,76
4,4.8,100,8,2.6,0.5,2.8,3.7,10,7.2,100,100
3.88,2.9,100,7.3,5,1.6,2.2,4.2,10,4.2,99,99
2.88,0.5,69,5.9,4.7,1.4,1.6,4.2,1,5.6,67,76
4,2.9,100,8.6,9.9,4.9,1.2,3,6,4.2,90,99
2.99,1.9,79,5,6.5,2.1,1.1,1.2,10,5.3,99,90
3.79,1.1,92,7.9,3.5,1.1,1.9,8.4,12,9,84,87
2.72,1.6,80,5.5,5,3.5,0,2.4,15,1.3,99,76
3.94,3.7,99,9.3,7.8,3.8,4.6,3.7,9,6.5,100,100
3.9,5.5,100,5.1,6,3.8,1,3.9,15,2.1,100,100
3.87,4,100,8.4,5,2.4,0,1.9,11,5.7,100,99
3.61,2.6,85,6.9,4.9,3.2,2.6,2.1,10,1.5,100,79
4,4.2,99,6.6,5.6,1.8,0.9,6,12,4.6,100,93
2.62,2.8,74,7.2,7.5,5.3,0.9,1.5,16,5,80,85
3.28,2.5,93,7.8,7.5,4.5,1.6,3.8,11,2.8,100,75
3.19,1.8,70,5.9,7.4,4.4,0.8,4.8,14,2.7,95,93
2.6,0.9,72,6,7.2,4,0.8,2.6,16,6.3,82,70
3.52,2.9,89,7.8,7.4,3.6,1.3,2.8,15,2.6,98,99
3.79,3.7,99,5,3.6,0.9,3.3,4.9,9,1.7,100,100
3.23,3.4,89,6.3,5.8,3.7,1.2,2.7,10,2.7,79,96
3.88,2.9,92,10,3.8,3,1.3,0,15,5.7,100,93
2.61,2.1,80,5.8,7.8,4.7,2.9,6,11,4.4,92,85
3.84,4.4,100,8.4,6.8,4,0,1,8,8,100,100
3.16,1.5,67,6.3,5.7,3.6,2.3,3.4,12,3.5,95,83
4,4.7,100,7.6,3.4,0.3,2.4,0.4,16,4,100,96
3.3,2,94,7.8,6.7,2.7,1.6,2,17,2.2,100,99
3.51,2.4,100,8.4,6.3,2,1.1,2.1,17,0.7,87,95
3.02,1.3,63,6.8,4.4,3.2,1.6,3.3,12,3.2,81,76
4,2.7,100,9.4,4.8,2.2,1.1,1.2,14,0.6,100,92
4,5,100,6.3,6.6,2.4,1.8,7,18,4.1,100,100
3.91,4.3,93,7.3,8.4,3.5,1.2,3,9,2.6,87,94
4,5,100,7.3,4.2,2.2,2.9,4.8,17,4,100,100
3.68,4.3,88,5.7,7.7,3,1,3,15,5.8,100,95
2.92,1.8,74,6.7,1.9,0.5,1.3,5,16,1.9,85,77
3.51,3,95,7.2,6,1.6,2.5,0,4,6,100,89
3.15,2.3,96,6.5,6.5,3.8,2.4,1.6,9,4.7,96,82
4,5.5,100,9.9,5.9,1,1.7,2,9,3.7,100,100
3.03,1.7,76,6,7.1,4.7,1.1,1.9,19,3.8,82,87
4,4.8,97,8.4,6.9,4.3,1.2,4,8,6.7,100,100
4,4.8,97,8,5.2,2.4,5.2,4.2,7,0.4,100,100
4,6.2,100,7,8.5,7.3,2.8,2.9,6,4,100,99
3.61,2.9,75,6,5.6,4.7,2.1,2.9,10,5.5,94,91
4,4.6,100,6.1,5,1.4,1.4,7.9,14,4.7,100,100
4,6.9,100,6.4,8.1,3.9,3.5,3.6,21,2.9,100,91
3.08,2.6,75,4.9,6.6,2.9,0,0,10,8.4,85,77
3.72,1.2,95,5.8,3.1,1.6,2.5,4.5,8,5,91,94
3.11,0.7,83,5.2,4.8,1.2,1.7,4.1,20,3.7,95,76
4,4.6,91,8.6,6.1,4.3,1.8,5.3,21,4,100,100
2.99,0.7,69,7.7,5.4,1.9,3.2,4.2,3,0.3,88,85
3.48,2.9,89,7.9,7,2.6,3.6,1.2,9,4.7,90,85
4,4.2,100,7.7,4.8,1.4,1.5,4.8,13,3.8,100,90
3.62,3.8,94,7.2,6.5,1.7,1.5,3.2,13,4.8,100,84
3.76,4.1,100,8.8,5.4,2.6,0.3,5.1,23,1.4,100,100
3.35,3.8,94,6.3,6.1,3.4,1.4,6.1,9,0,100,83
4,5.4,100,7.1,3.1,0,3.5,2.8,6,2.9,100,97
3.78,2.1,80,7.9,4.2,2.8,1.1,4.8,8,6.5,92,88
3.54,2.5,76,5.4,4.2,1.7,0,5.1,17,4.5,100,92
3.24,2.3,81,10,7.5,4.9,0.2,3.3,12,4.6,80,95
3.43,4.7,85,7,9.9,7.2,0.9,6.9,20,0.7,100,87
4,4.9,94,7.2,5.6,2.3,0.5,5.1,15,4.3,100,100
3.83,4.2,100,8.5,1.4,0.2,2.3,1.8,9,2.6,100,98
4,5.3,100,8.1,4.6,3,2.1,3.5,16,6.6,100,99
3.03,1.7,78,7,6.9,2.5,2.9,4.7,18,2.7,92,81
4,6,100,7.2,6.4,5.8,1.1,6.8,19,4.4,100,100
3.76,5.8,100,5.2,9,5.3,1.8,4.2,5,5.9,100,100
3.56,4.6,88,6.3,6.7,4.1,0.2,3.6,13,0,99,100
4,6.2,100,7.6,5.1,1.9,1.1,5.5,6,3.3,100,100
3.26,1,77,7.5,8.7,3.8,1.5,2.6,11,3.5,97,80
3.61,2.7,93,8.5,6,3.2,1.6,1,11,3.7,100,94
3.47,2.4,74,6.9,7,3.2,2.7,4.4,13,3.6,87,70
3.8,4.6,98,5.3,3.6,0.5,2,2.2,14,2.4,99,100
3.68,1.9,88,8.3,7.3,4.4,1.4,8.4,9,2.2,99,97
4,4.6,100,8.7,5.7,3,4.2,3.5,18,1.1,100,100
4,5.6,100,8.1,6.4,2.6,0.2,4.4,19,5.1,100,92
4,4.5,100,6.8,4,1.9,2.7,1.7,13,2.9,100,87
3.82,3.9,97,8.3,3.2,1.6,1.5,5.5,21,5.3,100,93
3.86,2,99,10,6.4,3.3,2.1,2.9,12,3.3,100,92
3.71,2.2,94,7.1,3.4,0.2,0.1,2.8,3,2.6,96,92
3.92,5.4,94,5.4,4.8,4,0,2.8,7,6.6,95,100
4,4.7,100,6.3,4.2,1.2,1.1,0.4,10,1.6,100,100
4,3.4,94,7.8,1.5,0,1.5,2.5,17,2.3,100,100
3.12,2.9,72,5.1,9.3,5.5,0.1,4.1,7,3.3,80,78
3.27,0.5,71,7.2,2.3,1.5,0.8,0,12,4.1,76,89
2.96,1.9,78,7.5,7,1.7,1.9,5,24,4.6,100,86
4,6.4,100,8.8,7.1,4.5,0.7,2.5,13,4.6,100,100
2.94,1.6,66,8.6,7.6,5.6,3.6,3.5,20,0,75,94
3.92,3.8,96,8,3.2,0.5,0.7,0,6,0.7,100,83
4,5,97,4.4,5.1,1.4,1.4,3.4,2,5.2,100,100
3.3,1.6,74,8.1,5.6,1.5,1.2,0.9,4,5.8,82,99
3.66,3.8,98,7.8,6.9,4.2,0,2.3,17,3.2,100,92
3.66,4.9,84,7.3,6.6,5.3,1.4,0,11,4.3,100,95
3.89,3.5,89,4.9,2.7,1.2,0.4,1.2,10,5.4,95,98
4,7.8,100,6.1,8.2,4.9,3,2.7,21,3.3,100,87
3.38,1,84,5.6,5.9,1.7,1.6,2.5,17,5.1,86,96
3.58,5.1,94,4.6,7.6,3.3,1.3,4.8,14,5.6,100,100
3.73,3.2,100,7,4.1,0.9,1.1,0,18,3.8,100,100
3.97,4.7,97,6,6.8,2.6,2.9,2.9,11,1.5,100,99
4,4.2,100,10,7.9,2.6,1.6,2.8,14,1.9,100,100
3.47,2.4,74,6.8,6.7,2.3,0.1,2.1,6,6.6,100,100
3.91,3.8,89,8.6,7.5,3.4,2.6,1.2,8,3.6,100,95
2.93,0.7,74,5.1,3.3,1.3,2.4,5.2,11,5.7,87,76
4,4.4,91,6.4,5.7,1.5,0.3,7.1,12,4.1,100,99
3.53,3.9,89,7.1,7.1,3.5,1.1,0,17,5.2,100,89
3.94,4.5,97,5.9,8.6,4.8,4.3,1.2,18,5.6,100,100
4,5.1,100,6.5,7.3,2.8,1.9,1,26,4.6,99,100
3.85,4.1,95,6.7,7,3.6,6.4,2.4,24,0,100,100
3.24,3.7,91,6.7,6.8,3.9,3.2,5.5,18,5.8,99,94
3.23,2.2,66,9.2,5.7,4,4.8,4.1,5,4.7,91,91
3.64,2.4,90,7.5,4,1.4,0.6,2.7,19,6.1,93,88
4,5.3,100,7.6,4.9,1.6,4.7,3,21,5.9,100,100
4,5.7,100,7.6,5.1,1.8,0,2.4,13,1.1,100,93
3.16,3.1,73,7.7,9,5.7,1.3,4.5,4,1.6,83,80
4,3.6,97,6.9,7.8,3.6,0.6,4.7,13,3.2,100,100
3.49,2.1,85,6.6,7.5,3.5,1.6,4.2,16,7.4,90,80
4,5.3,96,7.2,6.2,3.3,2.3,0,13,1.4,100,85
4,4.5,100,8.4,2.8,0.8,1.4,3,10,2.4,100,100
4,6.4,100,8.4,9.2,5.7,1.9,2.6,12,1.7,100,100
3.46,2.2,83,6.7,9.2,3.5,1.1,5,18,4.1,93,94
3.55,2.9,72,7.9,7.3,3.9,2.2,3.5,14,4.7,100,96
3.86,3.8,95,6.8,2.8,0.2,2.1,4.1,19,3.7,100,99
3.96,4.5,99,7,7.6,4,1.1,2,17,6.6,100,100
4,3.2,100,6.4,6,2.3,1.2,4.9,11,3.4,100,100
3.58,2.2,78,6.8,4.5,0.8,0,5.5,16,3.9,97,99
4,4.8,100,8.6,6,1.4,1.7,0,20,2,100,100
4,4.6,96,7.1,4.4,0.9,2.1,0.4,13,4.7,100,100
3.79,2.1,94,7.2,5.5,0.9,2.8,4.5,15,5.3,94,100
3.71,5.5,100,5.3,6.2,2.9,0,2.7,4,1.9,100,88
4,5.3,84,6.6,7,2.2,0.4,5.1,10,6.8,100,95
3.54,3.7,90,6.7,7.7,3.3,2.3,3.5,11,6.1,100,90
3.45,3.6,86,6,9.4,5.3,2.3,4.4,7,7,100,98
4,4.3,100,7,6.5,2.6,2.6,1.5,13,7.7,100,100
3.5,2.2,90,6.5,5.8,0,4.7,3.7,20,2.9,92,97
3.57,3.5,99,7.1,6.7,2.4,0,3.7,14,3.8,100,88
2.73,0.5,68,7.1,6.6,4.6,0.6,1.6,19,4.7,79,80
3.74,4.8,100,5.9,6,2.7,1.8,5,16,4.6,100,91
2.68,1.2,71,6.5,7.8,5.1,1.6,0,21,4.4,77,86
4,5.8,100,7.1,9,3.5,2,3.4,12,5,100,100
4,3,100,8.4,4.5,0,3.6,0.4,9,3.9,99,95
3.46,3.2,98,7.3,8.4,3,4.5,1,16,5.1,100,96
3.54,2.6,84,6.2,5.3,3.2,0.5,5,4,2.5,98,97
3.1,3.1,84,7.5,8.7,4.4,2.4,0.8,15,5.9,83,87
3.91,5.6,98,9,6.9,5.5,3.4,0.7,1,4,100,100
2.77,0.5,74,8.1,5.3,4.2,0.7,4.2,8,6.4,74,88
4,5.4,98,7.7,6,3.5,1.8,0.8,14,3.4,100,96
3.43,4,97,7.9,8.6,3.8,1.1,5,6,3.7,100,94
3.58,1.7,85,8.7,4.3,2.5,0,4.3,10,1.8,82,92
3.65,1.9,97,8.3,3.6,0.6,0.5,1.4,5,5.3,100,100
4,6,100,7.7,7.3,2.9,1.3,5,16,4,100,91
2.97,2.1,60,8.3,7.3,3.3,3.4,0,18,4.4,79,75
3.08,1.8,80,5.7,6.7,1,2,3.9,12,3.5,98,91
3.94,5.2,80,5.2,7.8,4.8,1.9,0.5,23,4.3,100,88
4,4,100,7.2,6.8,4.3,1.4,2,11,3.9,100,98
3.39,2.1,87,7.1,2.4,0.7,1.8,2.1,5,5.2,100,88
3.67,3.8,99,6.3,7.4,4.8,1.9,5.6,5,4.5,100,100
3.38,2,87,8,4,2.3,0,2,11,2.8,100,95
4,5.2,92,4.8,2.4,1.6,2.3,2.8,14,5.1,100,91
4,5.1,92,6.4,9.8,4.4,1.5,2.1,24,1.3,98,100
3.68,4.3,96,6.4,5.8,2.7,3.1,1,7,3.8,100,100
3.53,4,91,5,11.7,5.6,0.3,0.9,9,3.7,100,89
4,6.1,100,8.8,3.5,1.5,3.7,3.6,14,6,100,99
3.37,3.5,96,5.4,2.7,0.2,0.4,2.9,12,4.7,91,100
3.41,1.7,77,6.3,4.5,2.4,3,4.5,9,7.6,100,90
4,4.2,100,8.1,6.2,4,0.9,2.5,12,4.7,100,74
4,6.6,100,7.8,5.4,1.4,2.3,2.6,6,4.5,100,86
2.96,2,84,5.7,4.5,0.8,3.2,4.5,10,4,98,68
3.78,3,93,7.8,7.2,3.1,2.2,2.3,6,2.4,100,94
4,4.1,99,7.3,5.2,0.6,1.2,0.1,17,3.9,100,100
3.96,3.4,94,9.8,7.6,3.3,0.8,4.7,16,0.1,100,100
3.61,2,88,7.5,4.1,2.3,1.1,1.6,12,3,94,97
4,5.2,100,6.8,5.9,3.5,0,3.1,12,6,100,94
4,7,100,6,3.8,0.7,1.8,1.7,13,5.2,100,100
3.67,3.8,88,6.1,12,4.7,3.2,1.1,10,2.6,95,94
3.25,2.1,83,6,6.4,2.5,2.9,0,4,3.9,95,86
2.69,1.2,73,8.6,7,3.9,3.2,3.7,10,3.7,89,94
3.18,3.9,99,7,8,4.2,2.5,0,14,3.3,91,84
4,5.2,100,7.7,3.4,1.1,0,5.6,17,3.9,100,100
4,4.2,100,8.8,7.4,4.1,1,5.1,12,1.9,100,93
3.65,3.5,99,4.2,4.8,0.7,2.2,1.2,9,0.9,100,86
3.85,2.6,95,8.5,3.7,0.7,0.9,6.2,15,2.3,92,88
3.17,1.9,79,7.1,7.8,5.7,1.1,7.1,13,5.7,100,89
4,4.8,97,7.5,7.4,4.5,1.8,2.5,7,4.1,100,89
3.31,4.9,80,6,8.5,5.9,1.6,3.8,3,3.2,90,80
3.24,1.2,71,6.1,3.6,2.2,2.4,3.3,9,2.9,83,93
3.96,5.9,100,7.6,5.3,3,0.5,6,20,3.9,100,100
4,4.4,98,9.9,4.9,3.6,0,0.2,15,3.3,100,100
3.9,5.6,100,8.2,4.3,2.8,0.1,2.5,19,3.9,100,96
3.27,1.5,72,8.5,3.3,1.7,3.2,4.8,12,6.1,85,89
2.88,1.5,66,6.8,5.6,1.5,1.6,4.6,12,5.7,89,82
3.5,3.3,95,6.3,7.9,3.1,1.1,2.9,1,2.9,97,93
3.8,4.3,97,6.1,2.4,1.2,3.2,5.8,2,6.1,100,100
4,6.2,100,6.4,6.1,1.2,0,3.5,14,4.5,100,92
3.56,4.6,90,4.5,5,3.4,2.9,3.2,13,3.9,100,90
3.77,3.1,93,6.1,6.6,2.7,2.1,4.4,1,1.6,100,100
2.82,2,89,6.3,7.5,4.2,2.6,2.9,13,1.9,79,82
4,5.3,100,6.8,6,2.2,2.1,3.1,17,4.8,100,100
3.64,2.1,80,7.2,3.5,1.9,2.7,1.4,14,7,91,91
4,5.9,100,7.4,4.2,3.4,2.2,8.9,9,8,100,100
3.54,3.1,94,7,3.6,1.6,2,2.1,1,4.1,100,92
4,5.9,100,6.3,5.3,1.8,2.1,4.5,14,3.7,100,89
3.82,4.5,88,4.6,7.2,1.9,0.1,6.8,8,4.4,100,100
4,3.3,82,6.3,4.3,2.5,0.5,0.3,15,5.9,99,95
3.52,2.7,86,5.8,8.4,5.5,4.9,4.2,15,2.3,100,100
4,3,89,7.6,2.8,0.7,0.6,3,17,4.7,100,100
4,4.1,100,8.1,7.7,4.7,0.1,6.6,14,3.8,100,97
3.76,3.6,89,8.1,4.6,3.9,1,1.2,10,3.6,100,100
3.56,2.6,86,7.9,10,5.2,0.6,1.5,15,5.2,93,81
3.58,3.3,78,6.8,10.5,7.5,0.2,2.9,7,0.9,96,92
3.17,3.6,80,6.4,9,4.9,2.4,2,19,6.2,100,94
2.2,0.5,68,6.1,6.9,4.2,1.2,2.1,9,1.3,60,72
3.27,4.2,88,5.2,4,0.8,0,7.1,21,0,98,87
4,2,92,8.2,5.4,1,0.6,3.3,11,4.2,100,85
3.3,1.8,78,6.8,6.5,3.3,0,1.4,14,2.9,91,99
3.12,1,67,5.5,3.5,0.3,1,2.2,13,5.4,99,85
2.71,0.8,73,6,5.7,3.7,2.5,3.8,3,1.5,91,84
3.43,1.5,85,6,2.4,0,1.5,3.7,15,2.9,98,95
3.13,2.4,63,7.1,6.3,4.5,2.1,1.8,8,0.1,90,87
4,6.4,100,8.3,4.4,2.3,1.9,0,11,2.6,100,100
3.25,2.7,86,6.6,7.5,3,1.4,2.9,12,0.6,94,97
3.45,3.8,93,4.3,6.9,1.7,1.8,2.8,7,1.6,92,97
4,4.1,88,6.8,1.5,0,2.2,1.7,9,2.6,100,90
3.67,3.7,93,6.8,8.2,4.7,0.1,5.6,18,2.2,100,90
3.92,3.4,92,6.7,7.4,4.8,3,4.1,5,3.2,100,94
3.37,1.7,72,6.2,7,2.3,3.3,3.3,15,6.4,98,83
3.98,5.7,96,7.3,7,3.8,0.6,2.3,10,0,100,100
4,6.2,100,7.1,5.2,2.2,2.3,6.5,17,6.9,100,97
3.13,1,76,7,5.3,3.2,1.5,0.7,16,7.9,79,92
3.46,2,71,7.5,5.1,3.9,1.1,2,9,6.1,93,83
3.46,3.1,77,6.5,7.5,3.6,4,2.1,15,1.3,87,100
3.12,2.1,95,6.4,8.2,4.8,0.9,3.6,9,7.3,80,86
4,4.3,100,8.7,7.1,3.6,0.9,4.3,21,4.4,100,98
3.2,2.4,84,7.7,5.1,2.8,1.6,0.3,13,5,91,97
4,6.7,100,8,4.5,1.7,1.1,1.6,10,3.4,100,100
4,5.3,100,8.5,6,2.1,0,3.9,10,0.7,100,97
3.78,3.8,100,7.6,8.2,4,0.7,1.7,10,7.9,100,97
4,5,100,8.1,2.1,0.5,2.7,2.2,11,2.6,100,100
3.27,5.2,100,5.1,6.7,4.5,1.8,3.3,16,3.3,97,89
3.44,2.7,92,7.2,3.7,2.4,1.8,1,10,2.9,100,87
3.42,2.3,79,6.8,4.8,1.6,2.9,3.6,8,4.5,100,91
3.96,3.6,100,9,5.3,1.2,2,4.2,17,3.3,95,88
4,4.8,100,8.1,6.5,3.8,0.1,3.1,19,0.8,100,86
3.46,3.7,98,6.2,5,2.8,2.2,5.9,8,4,100,87
2.93,1.1,69,7.4,7.8,5.2,1.5,4.5,11,5.4,75,87
3.78,2.3,100,7.2,6.7,0.9,1.3,2.9,18,4.3,100,97
3.59,3.4,85,7.5,6.3,1.9,2.1,2.4,14,0,100,100
3.28,3.4,93,5.8,6.6,2.7,0,6.5,20,3.7,95,100
4,6.5,100,7.4,5.1,1.7,1,1.7,15,0.5,100,93
2.71,1.4,71,6.7,5.8,2.8,1.1,2.5,14,2.5,77,72
4,4.3,100,7.3,5.2,3.3,3.5,2.2,10,2,100,92
4,5.7,100,6.1,5.2,3.5,0.9,3.8,7,4.3,100,100
4,6.9,100,6.3,7.4,5.1,2.3,7.5,6,3,100,100
3.72,2.9,98,8.4,2.7,0.8,0.9,3.5,12,3.1,92,100
3.41,4.2,78,5.7,5.6,3.3,1.1,2.4,19,5.9,99,90
4,4.4,100,5.8,4.7,1.8,2.1,3.4,7,2.1,100,99
4,3.8,90,6.9,6.4,3.4,0.5,0.4,11,4,100,98
3.52,3.4,93,6.1,5.7,3.4,0,2.6,4,4.8,100,93
3.85,4.2,100,5.9,4.9,1.3,0.6,6.4,19,2.8,100,95
2.99,0.5,76,7.1,4.2,1.4,2,4.3,8,4.8,86,88
3.29,4.5,79,5.2,6.9,3.6,1.6,5.5,23,6.4,98,81
3.55,3.7,100,5.8,4.9,2.8,3.4,5,14,3.1,100,98
4,3.2,100,9.5,6.3,2.5,3.1,1.6,20,4.9,100,100
4,6.6,100,7.6,6.2,3.8,2,6.8,3,2,100,100
3.51,2.5,76,6.1,8.8,3.9,1.7,0,1,4.7,100,97
3.4,2.9,100,7.5,4.7,2,2,3.7,10,4.6,100,89
4,6.5,100,7.7,4.4,1.5,0.9,0,12,2.9,100,96
3.77,2.3,90,8.2,4.6,0.9,1.9,0,15,4.8,100,100
3.44,2.7,96,6.8,6.9,2.9,0,4.9,20,4,80,95
4,3.3,100,8.2,4.8,0.7,1.7,1.6,10,4.3,100,100
4,4.8,78,4.6,8,2.9,2.3,5.5,10,5.7,100,94
3.44,3.8,90,5.7,8.4,4.6,2.3,0,11,4.3,100,81
3.72,1.6,90,7.2,5.2,2.3,3.4,2.8,14,3.4,100,100
3.17,2.7,79,7.4,4.4,2,0.4,0.6,6,2.4,80,87
3.14,2.6,86,5.9,8.6,5.8,3.9,2.3,3,7.4,100,95
3.42,3.4,75,7.3,9.9,5.1,5.3,6.1,14,6.5,100,91
4,4.1,96,6.3,3,1.7,2.7,6.6,5,4.4,100,100
3.43,4.1,100,6.7,5,3,3.8,4,18,3.7,100,100
3.32,0.8,73,8.2,6,3.3,2,0,1,6.7,82,81
3.8,5.1,100,8.1,5.1,3.1,0.1,0.6,8,0.8,100,93
3.53,3.9,77,5.8,8,5.5,0,3.3,5,6.2,100,93
4,5.6,100,5.7,8.1,2.9,0,1.4,9,6.4,100,100
4,4.2,96,6.5,5.8,3.2,2.3,4.3,8,5.2,100,91
4,5.2,96,7,7.3,3.8,2.5,6.4,18,1.3,100,100
3.74,4.2,96,6.2,5.6,4.6,2.5,1,26,7.4,100,100
3.92,5.5,100,8.2,5.9,4.2,2.2,1.2,6,6.3,100,94
4,4.3,100,7.4,7.7,3.6,1.5,0.6,9,2.4,100,100
3.94,3.4,100,7.5,5.5,0.5,0,2.5,11,7.8,100,93
4,6.9,100,5.5,5.4,2.1,0,3.1,7,2.9,100,100
4,4.8,97,8.4,6.6,4,1,3,15,2.4,100,94
3.82,4.4,93,3.6,6.8,3.2,0,4.8,5,6.6,100,100
2.82,1.6,75,8,3.9,4,0,3.8,15,7.1,73,64
2.89,1.6,76,8.1,8.9,5.6,1.5,2.9,12,3.2,82,93
3.8,3.9,100,6.5,2.7,1,1.8,3.1,16,4.1,97,100
3.72,3.7,92,8.5,8.5,4.5,1.2,3.2,12,3.5,100,100
3.06,2.6,76,6.9,2.7,2.3,1.7,2.9,16,4.6,86,78
3.73,3.7,96,7.1,6.4,4.2,0,1.6,15,0.5,100,99
4,5.9,100,7.4,5.7,2.7,2.4,0.6,11,2.4,100,91
4,4.5,100,10,8.1,6,2.5,3.3,15,4.7,100,100
3.54,1.8,91,8.6,5.5,3,1,2,19,5.4,89,94
3.78,3.3,93,7.8,5.9,1.8,0,4.1,3,2,100,100
3.49,2.3,83,5.9,6.4,3.4,0.5,3.1,2,5.9,88,90
3.36,2.9,91,7.2,5.2,3.3,2,3,18,0.6,89,81
3.53,2.9,87,6,8.6,4.5,0.3,5,16,3.1,91,95
3.24,2.8,69,8,6.8,3.5,4.4,0.2,19,0.7,91,82
3.32,1.6,68,7.2,9.9,6.5,2.4,6.5,11,4.6,86,76
3.5,3.3,93,5.7,4.5,2.6,2.1,0,21,4.9,97,93
3.57,2.7,96,7.1,2.6,2.7,2.2,5.9,26,2.9,99,100
2.69,0.5,67,6,3.8,1.9,0.1,3.4,18,5.6,92,84
4,6.6,100,7.2,4.7,2.9,1.6,2,15,5.9,100,98
4,5.1,100,6,5.4,3.1,0,0.1,16,5.2,100,100
3.43,2.9,87,7,5.2,3.2,0,1.8,13,4.2,94,98
3.91,3.5,100,7.9,6,2.9,1.1,2.7,14,4.1,100,88
2.92,1.7,76,6.9,6,1.9,1.3,3.4,14,6.5,96,87
4,6,100,6.5,5.8,1.5,2.7,5.9,23,4.3,100,94
4,6.3,100,7.2,6.2,2.2,0,3.1,8,1,100,100
3.66,3.7,89,7.8,6.4,4.5,1.5,3.6,11,4.4,100,100
3.4,5,93,5.7,7.9,4.8,0.8,3.7,12,2.6,100,100
3.5,3.8,97,7.3,7.6,2.7,0,2.3,15,4.9,100,93
3.69,1.5,80,8.6,2.5,1.4,1,2.6,13,2.5,90,100
3.74,2.9,90,7.7,7.3,2.7,0.2,2.8,6,5.8,99,88
2.96,3.7,77,7.1,7.7,5.9,0.6,4.3,12,1.5,80,87
3.42,2.8,93,7.8,7.7,4.3,1,1.2,11,4.3,100,90
3.42,3.2,100,7.5,7.1,3.6,4.3,2,12,1.1,80,99
3.92,3.4,86,7.9,7.4,4.2,2.5,3.7,16,2.7,96,90
3.37,3.4,70,4.6,10.8,5.1,2.8,0.8,18,1.8,100,89
3.76,3.6,100,5.1,3.7,1.1,2.1,3.2,8,1.5,100,100
3.46,1.9,82,8.2,3.2,2.2,1.6,1.9,22,2.6,92,78
3.48,2.4,78,5.2,5.4,2,2.7,4,5,6.2,91,100
3.53,1.6,78,7.5,6.5,3.7,1.1,5.7,8,2,87,88
3.9,5,92,6.6,6.7,3,0,1.9,11,4.9,100,85
2.84,0.5,71,5.8,8,3.9,1.3,4.5,16,2.6,87,87
4,5.2,97,7.4,5,2,1.4,3.4,3,4.6,99,91
3.84,5.6,94,7.2,8.4,4.9,4.5,2.2,23,3,100,87
3.65,3,85,9.5,5.9,2.7,2.7,3,3,3,100,84
2.44,0.5,70,6.3,9,3.8,0.9,5.6,20,3.3,73,80
3.39,3,75,8.7,7.2,4.6,1.2,2.7,10,4.7,100,89
3.64,3.4,100,7.4,6.7,4.5,0.9,5.6,12,7.3,100,97
3.26,2,77,6.2,7.4,3.3,0.5,2.8,1,0.6,100,86
3.51,2.7,70,8,5.9,4,2.2,0.2,16,0.4,100,85
4,5.8,97,7.7,8.9,5.4,0,2.7,11,6.3,100,100
4,4.5,100,7,6.4,3.6,1.4,0,18,5,93,100
3.4,2.1,97,7.3,4.6,1.7,0.4,2.4,5,2.9,82,80
2.83,1.1,74,6.3,9.6,3.7,0,2.3,19,5.6,83,80
3.64,3,88,6,7.2,2.7,0,6.6,3,4.2,89,83
4,3.2,86,7.9,4.2,0,2,6.2,13,5.5,100,100
3.87,4.2,100,6.7,7.1,3.5,3.7,3.2,5,6.2,100,100
3.51,2.7,91,6.9,5.2,3,0,5.4,22,2.3,100,82
4,4.3,98,7.3,7.8,4.5,2.6,2.2,17,6.4,100,96
4,6.4,100,7.3,5.4,1.7,1,0.1,20,3,100,96
4,4.7,100,5.3,3.7,0.5,1,4.1,11,4.3,100,100
3.9,3.4,88,8.5,6.2,3.1,1.9,3.7,10,5.3,100,100
3.82,3.2,97,7.1,5.9,3.4,1.1,1.1,12,3.6,100,94
3.84,3,95,6.8,6.2,2.9,2,1.2,11,4.1,100,100
4,5.3,100,7.5,5.2,2.8,2.9,4.9,10,0.4,100,99
4,2.6,88,7.3,5,1.2,1.7,0,11,7.3,100,91
3.81,3.6,79,7.9,3.2,2.6,1.6,4.1,18,4.3,100,93
3.6,3.6,82,7.6,6.9,2.3,2.7,2.4,17,0.8,100,98
3.56,2.7,90,7.9,5.8,4.4,1,4.1,6,9.5,97,84
3.26,1.4,87,8.6,5.1,3.4,2.9,5,16,0,100,94
3.99,4,100,8.1,5.9,2.4,3.7,1.3,5,4.1,100,93
3.11,3.4,76,6.8,9,5.4,2.8,0.7,19,4.6,97,93
4,4.3,100,5.7,7.9,2.4,2.1,5.9,7,2.6,100,100
3.48,2.7,98,9,7,3.6,2.8,2.9,16,2,97,90
3.76,5.3,100,6.7,5.5,2.5,0.8,3.7,15,1.8,100,100
2.83,2.2,79,6.4,8.4,5.2,2.6,4.8,10,2.8,97,90
4,6.1,93,4.9,7.8,2.9,1.2,1.1,10,4.5,100,97
2.53,0.9,70,7.4,8.9,3,1.1,4.8,11,4.1,75,75
3.88,4.2,100,7.2,5.4,2.6,0.9,4.3,14,2.6,100,100
4,4.2,94,5.2,6.8,3.1,3.2,5.9,16,4.6,100,93
3.52,2.3,96,7.5,7.5,4.6,3.1,5.9,23,1.1,100,99
3.31,4.1,81,6.4,7,4.1,3.2,3.1,21,3.3,92,96
4,5.4,100,10,8.1,2.8,2.1,4.5,15,5,100,100
2.72,0.5,56,6.3,7.3,5.4,0,3.1,13,5.8,90,74
3.82,4.3,100,6.5,4.3,4.1,0,3.3,9,4.8,100,99
2.63,0.5,73,6,5.5,2.1,1.9,0.7,15,2.8,71,72
3.74,2.1,90,8.5,5.1,0.7,1.2,2.6,19,8.4,97,96
3.89,5.9,100,6.6,5.5,2.2,0,0,18,7.8,97,100
3,2.6,77,6.1,7,3.4,1.8,2.7,13,4.4,82,88
3.25,1.7,90,7.8,7.6,3.7,1,5.6,9,3.8,85,82
3.14,3.2,85,5.3,7.9,4.8,3.4,4.6,13,0,77,93
4,6.6,100,7.8,4.9,1.2,1.5,3.2,16,7.6,100,93
2.98,0.8,84,9.1,5.7,2.1,0.9,2.6,18,5.1,86,82
3.66,1.9,80,7.7,1.6,1,0,1.9,13,5.7,93,87
4,5.7,100,7.8,3.9,0.8,1.6,1.2,17,6.1,100,96
4,6.3,100,8,3,1.9,2.6,4.6,17,5.2,100,97
3.96,3.3,94,9.1,6.3,3.3,1.2,0,11,1.1,100,93
3.04,1.6,78,8.5,6.4,4,2.5,0,9,4.7,86,83
4,6.6,100,7.5,5.6,1.4,1.5,4.8,20,2.9,100,100
4,5.9,100,8.1,4.9,1.6,2.5,3.4,16,5.4,100,100
3.82,4.5,100,5.9,3.7,0.1,1.6,3.1,15,5.3,100,97
3.44,2.3,91,7.9,5.9,3.1,0,3.4,9,7.3,96,92
3.56,3.4,93,5.8,6,1.7,3.1,7,2,2.7,100,100
3.13,3.3,87,6.6,6.4,5.3,2.8,3.1,14,0,91,82
3.39,4,73,3.5,5.3,3.4,2.9,3.6,14,3.3,100,90
4,5.7,100,7.5,7,2.5,6.1,7.1,15,7,100,97
4,4.8,100,6.2,4.3,1.8,1.4,2.9,12,0,100,97
3.71,1.9,71,8.3,1,0.6,1.4,6.5,9,6.8,100,83
4,5.6,100,7.5,5.4,0.7,1.3,0,13,4.1,100,96
3.97,4,94,8.3,6.2,1.9,0.8,0.7,18,5.7,100,100
3.71,4.5,100,5.7,5.7,1.8,2.2,1.7,15,6.8,100,91
4,5.7,100,8.2,4.4,1.3,1.1,4.2,5,7.4,100,88
3.46,1.8,83,9.5,8.4,3.4,3.4,6.5,11,1.9,89,96
3.7,3.4,91,7.9,8.1,3.6,1.6,1.8,9,0.5,90,87
3.96,2.7,90,7.9,7,2.1,2.3,5,20,6.3,100,100
2.67,1.1,77,7.2,9.5,5.7,2.1,7.5,11,5.4,88,90
3.98,4,98,6.4,3.3,0.2,2.3,6.1,19,7.3,100,100
4,7.3,100,7.9,5.4,2.9,0.3,2.2,13,3.7,100,100
2.4,0.7,77,5.2,4,2.5,3.2,4.7,10,1.3,75,78
3.96,3.5,94,6.5,5.6,2,2.1,3.7,7,4.3,100,100
3.63,4.5,100,4.9,5.5,1.8,2.2,1.7,10,6.5,97,100
3.43,3.7,89,6.2,5.4,2.8,2.1,3.9,12,3.4,100,90
3.73,3.3,97,7.8,6.2,2.5,0,2.1,6,3.2,100,86
3.19,1.6,92,7.6,4.8,2.2,1.6,3.2,15,2.3,94,87
4,3.8,100,7.1,4.9,0.9,1.6,0.2,8,6.4,100,100
3.77,2.4,75,7.2,2.3,0.4,1.8,0,5,2.1,100,100
2.59,0.5,73,4.7,4.1,2.4,2.8,2.4,5,3.2,92,81
4,5.3,97,6.6,4.9,2.2,2.7,3.6,10,0,100,96
4,4.9,94,6.2,6.5,2.5,2.8,0.7,15,1.1,100,98
3.42,3.6,96,6.2,4.2,2.6,0.2,4.1,20,5.6,89,96
3.87,3.8,90,7.7,6.3,2,1.7,3.1,11,2.2,99,94
3.63,5.1,94,6,3.5,2.5,0,4.3,14,1.7,100,88
3.93,3.8,96,6.3,4.2,1.5,1.6,4.9,12,4.6,100,99
2.98,4.9,88,4.5,6.4,5.1,0,5.7,1,4,96,86
3.58,3.1,79,6.6,1.5,1.6,1.2,4.2,14,2.7,91,96
4,5.5,100,5.7,5.6,2.2,2.5,2.4,12,3.5,100,91
3.94,4,100,7.1,4.5,1.7,4.3,3.4,4,5.9,100,100
3.95,3.8,100,5.9,3,1.7,0.3,7.7,20,4.9,100,100
2.83,1.6,73,7.1,5.2,2.8,1.8,5,15,3.7,81,79
3.97,3.9,99,6.8,6.1,2.6,1.4,3.1,4,5.8,100,94
3.82,2.3,86,9,4.7,2.1,0.9,2.7,15,2.6,100,95
3.72,2.5,78,7.6,5.2,2.4,1.9,1.8,27,4.9,94,92
3.02,2.3,76,4.8,4.2,1.7,1.9,0.6,12,3.9,100,85
2.67,1.9,55,5.5,5.7,3.4,1.6,6.4,15,3.7,84,75
3.94,6.7,100,7.1,8.2,5.9,0,4,9,3.6,100,96
4,5.5,96,5.9,3.8,1.5,1.5,0.5,10,1.7,100,100
3.85,6.4,100,3.5,5.5,3.4,2.3,2.7,20,6.2,100,91
3.26,1.7,86,8.6,4.7,2.9,0,5.5,15,4.9,100,95
2.98,3.6,80,7.9,6.3,3.8,0.5,2.1,17,4.8,99,93
3.05,1.6,85,7.6,6,3.8,0.3,1.4,11,6.7,92,81
3.88,2.5,79,6.3,4.8,3.1,1.3,3.7,14,4.7,95,89
3.77,2.1,76,7.5,6.6,2.7,2.5,4.3,12,3.4,94,92
4,5.4,92,6.2,6.6,2.1,1.2,2.1,15,2.2,100,99
3.94,2.9,85,7.2,4.7,1.7,3.4,1.8,11,2.2,93,92
3.87,5.1,100,5.9,5.8,2.7,1.9,3.9,21,6.7,100,95
4,4.4,100,8.8,3.1,0.9,1.6,0.8,11,7.9,100,95
4,7,100,5.1,6.2,1.9,1.6,1.9,14,2.2,100,100
3.12,1.3,75,8.5,9.6,4.5,0,2.8,3,3.2,98,90
4,5.4,100,7,5.7,2.9,1.4,4.5,18,3,100,100
4,5.2,100,6.4,6.5,4.1,2,2.1,6,1.7,100,95
3.82,2,66,7.2,8.4,5,3.9,4.1,9,4.7,94,94
4,5,100,7.9,5.7,2.5,0.3,5.3,6,2.6,100,100
3.77,4,94,8.6,5.5,3.1,3.2,2,5,8.7,96,93
3.23,3.2,91,7.4,5.9,2.3,2.3,9.4,17,5,97,89
3.27,2.3,81,5.9,5.7,1.6,0.7,5.8,8,3.8,92,85
3.48,2.4,82,7.1,3.5,1.4,0.7,3.5,5,6,91,99
4,6.6,100,9.2,10.2,4.1,3.2,2.6,4,5.6,100,100
3.96,3.5,95,8.6,4.3,3.1,2.2,1.9,18,3.6,100,85
3.91,4.7,100,8.1,7.6,5.6,2.8,6.3,10,3.8,100,95
3.69,2.3,83,8,7.6,4.3,1,3.4,12,8,91,90
3.21,2.3,95,7.8,7.4,1.7,0.2,0.1,17,1.9,84,93
4,5.1,100,8.4,6.4,4.1,0,0,15,2.2,100,100
3.32,1.5,87,6.5,4,2.3,0,3.2,13,0.2,93,85
2.41,2.9,59,5.4,8.3,4.6,0.6,3.3,18,5.2,72,75
3.53,3.6,96,7.1,4.8,2.1,2.6,1.2,6,3.3,100,93
4,3.7,98,6,5,1.2,0.2,0,10,7.3,99,100
3.6,3.2,93,5.7,4.5,1.6,0,0,17,4.3,96,96
3.85,4.1,89,6.1,3.7,1.7,0.7,1.5,21,2.6,100,90
4,4.5,100,10,7.3,1.5,0.8,2.3,22,3.7,100,91
3.86,4.6,94,7.2,1.4,1.9,1.5,4.4,6,4.6,100,96
3.15,2,84,7.4,9.3,4.1,4.8,2.7,12,2.8,97,78
3.61,3.1,89,5.5,9.6,5.5,1.9,5.1,14,4.1,85,98
3.97,5.3,92,4.8,2.9,0.8,1.7,4.2,11,6.6,100,100
3.78,4.8,98,6,9.9,4.7,2,4,15,4,100,100
3.46,1.4,76,8.7,3.5,2.1,4.3,5,23,1.1,94,93
4,4,100,7.4,7.5,3.3,0,0.2,8,5,93,100
3.47,0.5,83,7.7,1,0.3,3.1,1.9,6,5.5,86,86
3.98,3.6,91,7.9,5.2,3.6,2.6,7.8,15,3.6,100,94
4,6.3,100,6.3,1.6,0,0,0,10,4.9,100,100
3.52,2.1,96,8.7,5.4,3.3,0.6,2.4,15,1.9,98,89
3.13,2.2,82,6.2,6.2,3.2,0.3,4,13,1.2,75,74
3.96,4.6,89,8.7,5.1,3.1,0,0,11,4.3,100,100
3.12,1.2,92,7.5,2.3,1.7,0.8,1.5,9,4.3,94,87
3.57,2.6,87,4.9,7.2,3.6,0,7,12,1.4,91,92
3.51,4.4,92,6.1,6.5,3.4,2.2,3.3,10,2.7,100,94
2.72,2.5,87,4.9,6,2.5,3.4,1.9,18,6.9,100,94
3.53,3.1,86,8.4,7,3.8,0.5,3.4,13,5.1,94,77
3.61,4.6,96,7,6.8,2.7,0,1.8,6,5.6,100,91
3.78,4.1,89,4.3,6.5,3.6,3,6.4,19,4.2,100,100
3.95,3.9,100,7.5,6.8,2.6,0,1,11,4.1,100,100
3.64,3,91,6.4,5.2,3.1,0,2,22,4.8,100,88
3.46,4.1,99,5.2,5.8,3.7,0.6,0,11,2,96,98
3.75,3.3,100,9,6.9,2.2,2.5,2.4,8,6.4,100,85
4,4.2,100,7.1,5.5,0.9,1.8,2.7,11,3.6,100,100
3.61,2.8,100,6.6,6.9,3.2,2.9,5.4,11,1.8,100,92
3.39,3.2,89,6.5,6.5,4.6,0.2,1,11,5.6,95,100
2.95,2,75,5.2,5,3.2,2.7,4,9,5.5,86,92
3.19,3.4,87,5.4,7.9,3.3,1.2,3.2,10,4.7,91,95
3.33,2.3,72,8.5,7.2,2.7,0,0,20,3.4,80,93
3.15,1.8,78,6.4,6.8,3.9,3.3,1.5,11,4.6,92,79
4,3.9,91,7,8.3,2.5,1.6,1.5,23,2.6,100,97
3.68,3.8,86,4.5,5.7,2.1,3.4,6.4,17,2.9,100,98
3.33,4.7,94,5.4,6.2,4.5,3.1,4.1,12,4.5,100,88
3.6,2.9,75,7.7,4.7,2,2.9,3.3,15,5.1,89,90
3.91,4.1,94,7.5,7.1,4.1,4.8,0,9,3.6,100,83
4,4.3,100,9.1,7.6,4.5,0,0,17,5.4,100,99
4,4.2,87,8.6,8.2,3.7,4.2,4.5,19,6.3,100,92
3.58,2.3,99,6.7,2.8,0.9,1.2,4.6,15,5.5,79,94
3.98,3.7,99,7.6,4.2,2.8,2.7,1.5,9,7.3,100,100
3.69,4,100,6.6,6.2,2.5,1.7,3.1,15,5.1,100,100
4,3.5,100,9.5,4.5,2.1,2.7,2.9,9,1.1,100,85
3.7,0.5,77,8.4,8.9,3,1.4,3.3,5,4.1,95,85
3.83,3.7,100,7.2,8.1,4,3.6,2.3,13,0.2,98,100
4,6.8,100,7.2,4.5,2.1,2.5,4.6,4,3.7,100,96
3.88,3,100,8.7,7,2.5,0,5.2,10,7,100,99
3.78,2.4,86,7.7,6.3,2.4,2.1,1.1,14,2.6,82,93
4,4.1,91,8.9,8.3,4.5,2.4,0.6,20,4.7,100,100
3.55,4,83,4.4,5.3,2.4,2.4,1.4,9,4.9,100,82
4,5.3,100,7.6,4.4,0.9,0.3,3.1,7,5,100,100
3.35,1.6,89,6.4,1,0.4,1.2,3.7,16,5.6,87,87
4,4.6,100,9.1,7.9,3.3,1.9,4.6,13,5.6,98,95
4,4.4,100,8.9,1,1.7,1.2,4.9,12,5.8,100,93
3.63,3.3,88,7,6.3,3.8,4.2,3.7,5,4.3,100,100
4,4,100,8.8,1.9,0.8,1.3,3.5,17,4.2,100,89
4,5,100,9.1,4.4,2,0.3,6.3,1,6.9,100,100
4,4.8,100,7.1,3.7,0.8,1.4,3,13,4.6,100,100
3.03,1.8,77,10,5.1,3.5,0,4.2,18,4.9,97,85
3.9,4.7,92,7,3.5,3.8,1.6,3.6,13,4.3,99,95
3.75,3.4,95,6.7,6.5,3.3,0.3,2.7,11,3.9,94,95
4,3.6,100,8,6.7,1.2,0.4,2.7,7,6.3,95,100
3.72,3.6,100,6.6,4.3,1.7,2.4,5.6,9,3,100,100
3.64,3.3,100,7.1,7.4,3.2,0,2.8,23,5.7,100,99
4,5.3,100,8.7,5.1,0.3,1.1,2.3,9,2.9,100,100
3.84,3.4,93,7,3.1,2.4,3.1,1.5,14,5,100,100
2.7,1.8,68,5,7.6,5.1,0.1,3.8,8,2.5,90,78
3.6,2.9,95,7.4,4,2.5,1.4,2,10,5.9,76,95
3.87,3.8,84,6.2,2.6,0.6,4,3.7,4,2.7,100,100
4,5.3,100,8,6.9,1.9,3.1,3.4,12,1.5,100,100
4,4.4,96,7.8,5.2,1.9,1,2.1,10,2.1,100,100
3.08,2.2,91,8.8,9.9,6,0.4,0.2,19,3.6,89,93
4,7.2,100,8.1,8.2,5.3,2.3,0.9,8,2.4,100,90
4,3.9,100,8.3,5.4,3.9,1,1.3,10,7.3,100,100
4,5.4,100,6.2,6.1,2.3,3.7,1,17,4.8,100,100
3.25,3.3,93,8,9.1,4.6,2.3,3.9,12,5.7,95,82
4,4.3,100,9.4,4.5,1.1,0,7.3,11,6,100,100
3.77,4.8,85,6.2,8,4.4,0,2,11,0,100,97
4,5.3,100,9.2,5.7,4.2,0.1,2.2,7,3.1,100,90
3.91,5.1,100,6.3,6.4,2.6,0.4,1.8,10,3.4,100,100
3.75,4.8,100,6,9.1,4.5,1.4,4.7,12,5.1,100,96
3.52,3,90,7.4,5.6,2.1,2.2,3.9,6,3.4,100,89
3.4,2.6,83,7.9,1.7,0.9,0,3,7,2.8,100,84
3.76,4,91,8.1,9.3,4.3,0,0.6,18,3,100,97
3.72,4.9,100,5.8,4.6,2.7,0.1,1.1,15,4.9,100,100
3.04,3.2,84,7.5,7.2,3.7,0.9,3.4,14,9.1,76,94
3.38,5.1,89,6.2,9.6,5.5,2.3,3.4,9,5.5,100,92
3.85,5.7,95,5.2,6,1.7,0.1,3,13,5.1,100,97
3.26,2.1,86,5.9,3.4,2.6,2.1,4.3,1,0,100,94
2.86,2.2,81,6.1,8.3,5.2,0.8,0.6,6,1.9,92,92
3.8,3.3,100,7.6,6.9,3.8,0.3,3.6,15,5.4,100,95
4,4,84,8.4,6.5,1.8,1,3.5,9,4.5,100,89
3.45,2.7,96,5.2,5,1.4,1.2,1.1,11,4.7,90,90
4,5.5,100,7.4,6.7,2,3.5,1.8,14,5.5,100,85
4,4.1,100,5.6,5.3,1.7,2,4.4,8,4.1,100,93
3.85,3.6,95,7.8,6.1,3.2,0,0.7,9,7.8,99,100
3.04,1.3,78,6.3,6.1,2.9,3.6,7.9,10,5.4,100,84
3.27,1.5,77,5.7,8,3.2,3.3,4.1,13,5.4,100,94
3.72,3.9,93,8,2.9,1.5,0.1,2.9,4,2.9,100,100
2.68,0.5,64,6.3,6.8,2.7,0,2.5,14,6.5,74,83
4,5,100,6.6,2.2,0,0.7,4.6,12,6.5,100,100
3.77,3.3,84,4.3,5,3,0,2.2,13,5.5,93,100
4,8.4,100,8.1,8.8,4.6,2.5,2.3,8,1,100,100
4,7,100,8,2.6,0.7,2.4,5.9,12,3.4,100,100
3.19,3.2,78,7,7,3.5,1.8,2.1,17,5.2,97,97
2.94,3.3,78,5.2,4.3,1.9,1.1,3.3,15,6.1,93,85
3.89,5,98,8.5,4.2,4,1.9,1.5,18,0.9,100,100
4,6.1,100,6.2,6.6,3,1.1,3.5,7,6.5,100,100
2.83,1,69,6.5,6.6,3.4,1,4.2,15,3.2,71,79
3.2,0.8,82,9.8,3.6,2.9,1.3,6.4,9,8.1,96,87
3.14,2.6,68,6.2,7,4.8,1.7,1.1,1,6.8,81,79
3.54,4.4,100,7.9,4.1,3.3,2.1,0.1,17,1.7,97,95
4,4.2,100,7.7,5.6,1.7,0.1,2.5,16,7.4,100,96
4,5.1,100,7.5,7.6,2.9,1.3,1.8,19,4.3,100,100
3.48,1.7,83,7.3,6.2,2.2,1.5,3,5,5.5,86,100
3.42,0.5,79,7.5,7.2,3,1.4,4,13,1.1,88,85
4,4.8,100,7.3,4.6,2.2,0,7.5,11,4.3,100,100
3.11,2.3,87,6.9,5.5,1.8,1.3,2.1,18,2.2,100,83
3.38,0.5,87,8.8,6.1,3.1,1,0,5,1,84,92
3.46,3.7,92,5.4,6.1,2.9,0.4,2.5,11,3.6,100,83
4,4.7,96,8.2,8.5,4.4,2.3,3.7,12,4.5,100,88
4,3.3,94,8,6.6,2.2,2.6,1.1,16,7.8,100,100
3.55,2.8,91,7.8,2.5,0,1.9,3.5,14,3.2,100,87
3.96,3.3,91,8.3,3.6,2.3,0,3.3,12,4.1,100,100
3.57,2.9,89,6.9,3.2,0.4,0.2,3.5,10,3.6,100,100
2.75,1.5,71,4.8,6.1,3.4,3.3,4.6,12,4.1,83,73
4,2.4,96,6.9,3.6,0.3,3.2,2.8,16,6.3,100,100
3.84,4.3,85,5.8,5.3,1.3,2.3,4.1,8,2,98,89
4,4,98,6.1,3,2.3,0.3,0,11,6.1,100,100
3.57,3.8,88,5.5,7.3,5.1,2.4,1.1,11,5,100,99
3.44,2,95,6.4,3,1.2,3.2,2.3,2,5.3,100,95
3.62,3.2,86,6.3,7.3,2.8,4.4,1,2,1.2,100,100
2.02,0.5,73,4.1,6.4,3.7,0.1,3,5,4.2,59,81
3.48,3.8,85,7.8,7.4,5,4.3,2.3,11,6.9,100,92
4,5.6,100,9.7,7.6,4,0,2.1,15,4.1,100,100
3.08,1.3,79,7.7,6.7,4.4,3.4,4.8,9,6.1,91,90
3.38,2.6,88,6.8,7.1,4.1,0.9,3.2,4,1.1,70,89
3.84,4,98,6.9,6.2,1,2.4,0.8,17,3.6,100,100
4,5.4,100,6.5,8.4,3.3,0,1.8,13,4.6,100,100
2.98,2.8,84,7.1,6.6,4.1,2.9,4.5,11,5.4,87,84
4,2.5,95,7,4.2,1.4,0.4,3.4,13,0,100,100
2.49,0.5,71,6,4.2,1.9,0.3,5.4,7,7,76,81
4,3.7,99,9,2.3,1.6,3.1,4.7,17,6.3,100,84
4,6.6,100,5.2,8.2,4,0,2.2,14,4.1,100,94
4,3.9,99,7.9,8.6,2.7,0.5,5.9,11,3.7,100,100
4,3.5,99,6.9,4.8,2.3,3.4,6,10,2.4,100,100
4,4,100,9.3,2.9,0.9,2,0,12,0,100,100
3.4,3.5,78,7.4,5.4,2.7,2.4,3.1,14,2.6,95,88
3.71,2.3,77,6.6,5,1.9,0.9,1.9,3,1,100,100
3.93,4.7,92,6.7,4.8,3.2,0,2.5,8,6.6,100,100
3.58,3.8,92,7,3.5,1.1,1.3,1.4,10,2.1,100,100
3.54,3.5,100,5.6,7.3,3.1,0.8,1.1,10,2,100,95
3.06,2,61,6.1,5.3,2.1,0.8,4.8,8,5.8,87,71
3.86,5.5,100,4.9,5.4,0.9,1.2,0.7,16,3.3,100,100
4,4.5,89,5.9,4.2,0.8,1.9,3.2,9,4.9,100,95
3.11,2.7,91,7.1,2.7,1,0.6,0.3,7,4.2,77,91
3.89,5,100,7.4,4.8,2.5,2.1,5.5,10,5.6,100,100
3.4,2.8,90,4.6,6.3,3,3.1,3.1,20,2.9,88,94
3.14,2.3,81,6.8,4.9,3.2,2.1,4.5,12,4.4,74,94
3.46,2.4,84,7.7,4.8,3.3,3.3,3.4,10,2.1,94,83
3.23,0.8,59,6.8,3.3,1.7,2.8,2.5,10,5.4,85,80
3.73,4.2,100,6.2,8,4.4,2.7,3.1,3,6.7,97,100
2.65,0.8,77,6.5,4.7,2.1,0.7,6,11,6.6,87,82
3.24,1.7,81,6.4,7.9,3.5,2.8,1.2,13,8.8,70,90
2.73,0.5,79,6.2,4.5,2.6,1.5,0,14,5.9,100,75
4,3.4,91,7.2,3.5,3.4,3.4,1.4,11,4.3,100,100
4,3.3,100,9.8,5.3,2.5,3.6,0.6,8,1.6,99,100
3.7,3,92,6.1,8.4,3.4,2.7,4.9,17,2,95,100
3.25,1.9,69,6.6,5.8,2.8,1.8,2.6,10,5.1,89,84
3.06,1.7,82,6.9,5.4,4,2,4.7,7,7.7,86,94
3.53,4.2,100,6.2,2.7,1.6,1.8,3.1,8,6.4,100,88
4,2.7,100,8.3,4.5,0.1,0.5,3,10,1.9,100,100
3.85,4,100,4.2,3.3,1.3,0.3,3.3,11,0,100,94
3.41,2.2,95,6.4,9.3,4.4,2.3,6,9,5.7,88,84
3.64,3.8,87,8,6.4,2.6,0.6,3.4,14,3.4,97,87
3.91,5.5,100,6.6,5,2.9,1.8,5.2,12,3.5,100,100
3.87,4.4,93,6,5.6,1.2,1,5.1,16,4.5,100,100
4,2.9,100,7.5,4.8,2.9,0.3,2.7,12,6.7,100,91
4,3.9,100,8.1,2.6,1.3,0.6,2.9,10,5.8,100,100
3.17,3.1,82,7.3,3.5,1.5,4.4,2.2,9,3.5,97,87
3.74,3.5,83,6,6.1,2.2,0.6,5.6,10,5.1,100,93
3.32,3,90,7.5,7.9,3.5,0.6,1.1,7,5.4,100,87
3.35,3.3,78,6.5,6.1,3.6,0.3,1.6,11,0,100,84
3.82,3.8,100,7.9,4.5,3.7,1.8,2.4,14,3.3,94,93
4,2,97,8.8,1.5,0.4,1.2,0.7,16,6,100,100
2.43,2,79,3.9,4.5,2.8,0,1.8,13,3.3,73,82
2.81,1.4,71,7.1,3.9,2.5,3.5,5.3,29,1.1,88,76
2.37,1.1,66,4.9,3.8,0.5,0,4.3,14,6.7,73,82
3.69,1.7,89,9.9,8.1,2.8,0.3,2.2,3,4,100,100
4,3.7,95,6.4,6.4,2.4,1.1,4.6,14,0.3,100,100
3.56,2.2,74,7.9,5.2,3.6,2.5,7.2,18,5,90,77
3.5,4.3,98,7,5.1,2.9,0.7,3.6,11,4.6,100,100
3.74,3.6,93,6,4.4,2,0.6,5.8,5,2.7,97,100
2.83,0.5,73,5.9,7.7,4.2,1.7,4.7,3,6.3,79,79
4,4.5,100,8.9,4.9,0,0.9,2.4,12,3.7,100,100
3.75,4.7,87,8.1,5.1,2.7,0,3.4,7,4.3,100,98
4,2,99,9.3,5,0.2,3,4.1,11,5.7,100,93
4,4.1,95,7.1,6.9,1.4,2.3,1.5,10,4.6,100,99
3.65,2.2,86,7.3,6.2,3.6,2.6,0,19,1.5,100,96
4,3.6,98,6.7,3.4,0.9,1.7,1.3,16,2.5,100,100
4,1.6,87,6.7,3.3,0.7,1.4,0,9,2.7,99,84
2.52,0.8,54,5.7,9.5,6.4,3.3,1.5,10,4,91,81
3.83,2.9,100,7.1,3.4,0.8,0.5,0,17,4.4,94,100
3.06,3.3,85,6.1,9.4,5.3,2.2,4.8,13,0,93,82
3.58,2.9,100,7.5,3.6,2.5,1.7,0.6,14,4.2,93,100
3.52,1.7,95,7.2,4.4,2,1.6,4.1,18,4.3,87,91
3.62,2.9,89,7.3,7.1,3.7,0,4.5,8,4.6,94,91
4,3.9,100,9,8.8,4.8,0.3,4.4,17,0,100,100
3.45,3.4,100,7,6.7,1.1,3.9,0,10,1.9,88,91
4,3.8,100,7.9,3.5,2,2.3,5.2,1,5.8,100,100
3.59,2.5,98,9.5,6.3,4.1,0,3.8,6,4.5,95,96
4,5.3,99,8.6,3.5,3.2,0,4.6,7,4.6,100,100
3.67,1.7,82,8.4,6.2,4.5,0,6.7,19,1.6,94,93
3.38,4.2,84,6.6,4.5,3.6,0.3,4.6,11,3,100,85
3.56,5.3,97,7.3,7.9,5.5,2.4,0.6,10,3.3,100,86
3.46,4.2,90,5.4,5.8,3.1,0,4.3,19,3.3,100,93
3.68,3.2,96,7.6,6.7,3.1,3.6,0,8,2.4,94,97
3.76,2.7,85,7.3,5.9,3.3,2.1,2.9,10,0.2,100,100
4,5.1,100,7,6.2,2.6,3.1,2,12,3.2,100,100
3.54,1.4,86,8.2,7.2,4.1,1.6,3,12,3.7,99,93
3.2,2,86,5.6,5,3.2,1.3,0,14,6,89,86
3.63,2.9,93,9,5,4,0.8,0.2,15,3.7,92,88
4,5.4,100,8.1,7.9,4.2,0.9,2.1,8,3.3,100,97
4,4.1,100,6.9,8.4,3.4,1.9,2.6,3,4.3,100,100
3.41,2,96,6.8,9.6,3.6,1.9,2.1,14,3.3,89,100
4,3,92,7.6,5.4,1.3,0,5.9,3,3.5,100,84
3.7,2.6,86,8.8,6.7,2,0,3.8,14,4.2,100,90
3.36,2.4,84,7.1,7.7,4.1,1.1,3.8,16,6.3,84,82
3.79,5,92,7.2,8.3,4.9,3.4,2.2,18,1.9,100,100
3.49,1.4,81,7,3.1,0,1,0.2,11,6.4,100,92
4,5.9,100,9.1,4.8,1.9,0,3,22,3.9,99,98
4,4.7,96,6.6,6.5,2.8,2.1,6.6,5,4.5,100,87
4,5.1,100,7,3.9,1.5,1.2,3.4,19,4.1,100,100
3.69,2.8,92,8.8,4.4,1.6,0.3,5.2,8,6.8,100,85
3.26,3.3,87,7.2,5.1,3.5,0,5.5,12,4.3,92,94
2.85,1.4,67,8.4,8.8,5.2,2,4.1,13,3.1,90,81
3.69,2.7,99,5.9,1.8,0,2.5,3.4,19,6.9,100,100
3.74,4.2,100,6.8,5.5,2.5,1.2,1,7,5.6,100,100
4,5.4,100,8.8,7.1,3.5,0.1,2.6,23,4.4,100,94
2.92,1.8,85,6.2,7.7,4,0,2.3,1,6.6,98,85
3.46,3,85,6.8,7.2,3.3,4.8,3.7,12,3.8,78,82
3.52,3.3,88,7.3,8.1,5.4,1.4,0.2,15,3.4,100,93
2.8,1.4,70,5.8,6.4,2.8,2.3,1.9,17,4.1,79,74
3.65,4.4,93,6.5,7.2,4.8,1.3,3.8,5,3.2,96,87
3.66,2.4,87,7.1,2.4,1.8,1.3,1.6,2,4.5,94,94
3.15,3.2,80,7.1,6.5,2.9,1.2,1.2,19,1.7,100,89
4,2.8,96,8.5,4.4,1,2.1,1.4,13,2,100,85
3.3,2.3,81,8.8,8.4,4.2,2.5,2.5,2,2.5,95,81
3.85,3.5,93,6,5.6,2.6,2.2,0,9,4.2,100,86
3.51,3.2,88,7.1,4.4,3.3,2.8,1.5,8,4.6,99,93
4,2.9,94,7.8,5.2,2.3,1.9,4.9,18,1.9,100,93
3.61,2.4,93,8.8,7.8,3.7,1.4,3.6,10,2.8,85,100
4,4,87,7.9,7,3.4,1.5,3.8,11,3.9,100,99
4,6,100,7.3,4.1,1.3,1.2,0,11,4.5,100,100
4,3.7,94,7.8,2.4,1.4,2.6,2.2,20,3.3,100,100
3.98,5,100,7.8,4.6,2.8,0,2.8,17,2,100,100
3.18,1.4,88,5.9,7.4,3.8,2,3.9,15,0.5,87,87
3.73,3.7,89,7.2,6.6,5.6,1.3,5.2,13,0,100,85
3.16,1.9,88,8.8,5.9,3.3,1.5,4.9,13,3.3,95,80
2.47,1.3,62,6.8,7.3,4.3,1.9,1.8,7,5.6,80,83
4,2.4,93,7.2,4.8,0.4,1.9,1.9,16,1.8,100,98
3.99,5.3,97,6.7,9.5,5.8,2.5,5.8,10,1.8,100,100
3.92,4.9,100,4.2,7.9,3.7,1.4,2.3,6,4.1,100,100
4,3.9,94,7,6.1,2.7,1.2,0.8,11,3.1,100,100
3.03,1.2,71,7.4,4.6,2.6,1,2.6,12,2.5,79,74
3.46,3.2,82,6.4,3.4,1.1,1,5.7,19,4.3,91,81
3.65,4,97,5.6,3.5,1.6,0.3,1.2,16,3.3,100,94
3.64,3.8,83,5.9,9.4,5.7,3.6,2.1,7,1,100,90
2.93,0.7,88,7.9,3.5,1.3,0.9,1.3,17,1.7,89,84
3.86,2.2,97,9.4,3.8,1.3,0,4.9,1,4.4,91,100
3.9,3.4,97,8.7,4.7,1.7,1.2,3.6,14,6.1,100,91
4,4.3,100,5.4,6,1,0,4.9,9,4.3,100,100
3.34,0.5,88,8,6.6,2.8,1.4,6.1,5,3.3,99,93
3.69,3.3,77,6.2,6.5,4.4,0.8,0,6,2.5,91,78
3.78,3.7,90,6.3,5.1,1.9,1,1.5,19,5.6,100,90
4,4.8,100,6.4,5.7,0.7,2.3,2.1,14,7.6,100,88
3.7,4.5,95,7.8,6.9,3.2,1.9,3.1,14,5.9,99,90
3.95,4.4,100,8.2,3.8,2.7,3,4,17,2.1,100,100
3.55,2.3,91,6.9,6.2,4.3,3.8,2,11,4.1,97,87
2.73,0.6,74,6.9,3.9,2.1,1.8,1.6,19,3.3,89,83
4,2.9,96,7.6,7.1,2.4,1.3,4.9,11,4.2,100,97
4,5,100,7.7,7.1,2.6,2,4.1,1,2.7,100,92
4,5.6,100,8.4,5.1,2.9,0.4,3.6,20,6.1,100,99
3.94,4.6,95,5.5,4.4,2.2,0.4,0,1,4.9,100,95
3.65,4.1,91,7,5.1,2,0.7,5.4,11,1.2,100,96
4,4.1,100,5.7,3.1,0,1.2,3.4,16,4,100,91
3.78,2.7,94,6.9,3.8,2,0.7,2.7,1,5,99,96
3.3,3.3,90,6.7,6.6,3.9,2.9,1.4,11,2.4,100,93
4,6,100,6.9,5.4,4.1,2.3,1.7,11,4.1,100,100
3.52,2.1,79,6,6.6,2.1,0.8,1.2,17,4.4,99,84
3.7,5.9,96,5.2,5.6,4.7,0,0,14,4.2,100,94
3.03,3,80,4.5,3.7,2.8,1.3,1.4,5,5.1,98,100
4,5.5,100,6.8,4.3,0.8,2.6,0,9,6.1,100,100
3.56,1.4,81,6.5,1.8,0.3,2,2.9,7,4.3,100,82
3.95,4.4,82,6.2,7,4.6,1.3,0.7,3,0.2,100,80
3.28,2.4,86,8.6,5.3,2.2,1,4.5,9,4.3,100,92
2.96,1.4,78,6,4.8,1,1.2,0,19,4.2,85,81
4,3.8,100,8.7,2.7,0,0,5.4,14,4.7,95,95
4,5,100,8.9,7.3,2.2,1.2,4.7,14,5.3,100,100
3.21,2.2,92,4.7,6.4,3.4,0,0.9,6,2.6,92,85
3.42,1.3,72,7.1,6.2,1.8,0,2.8,2,3,93,89
3.85,3.4,99,6.5,4.5,1.2,1.9,1.3,15,6.5,100,100
3.51,3.4,92,3.5,7.6,2,1.4,4.2,17,2,100,95
4,4.3,94,5.3,9,4.7,0,6.6,13,3.3,100,100
4,4.9,100,7.9,3.8,0.7,2.6,5.4,16,3.6,100,93
4,3.4,94,9.4,5.6,1.8,1.2,1.6,10,1.9,100,96
4,6.3,100,8.1,7.3,4.6,2.1,3.2,12,3.8,100,100
3.49,3.8,80,7.4,6.2,3.5,2.7,6,8,5.4,90,86
3.46,3,81,7,4.5,3.1,0.4,4,14,2.5,96,94
3.23,1.1,74,9,3.8,1.8,0,5,11,4.9,86,90
3.82,3.1,99,9.6,8.3,2.8,0.8,4.3,15,0.8,100,100
3.24,3,95,6.3,3.6,2,0.5,3.2,16,3.7,96,100
3.67,4.9,92,4.6,3.7,1.5,1.5,2.9,10,5.3,100,100
3.68,4.2,86,4.5,4.1,1.2,1.9,0.6,15,2.2,100,88
2.87,1.7,69,8.6,6.9,4,0.7,1.5,9,3.2,86,92
3.49,3.8,100,6.9,6.2,2.7,2.6,1.2,21,3.7,95,91
4,4.5,100,7.2,5.7,3.3,3.7,2.3,19,7.8,100,100
4,5.8,100,4.9,6.5,3,0,3.2,13,5.9,97,100
3.91,4.8,100,6.1,7.9,3.5,0.3,2.8,8,3.3,100,100
3.67,4.6,100,6.6,6.9,2.4,1.1,3.4,13,0,100,98
3.99,3.6,87,7.2,4.8,2.1,0.5,4.3,6,5.4,100,81
4,4.1,95,6.5,5.3,1.6,2,2.2,14,6.6,100,100
4,5.4,100,5.8,2.3,0.7,0.2,4.5,1,2.7,100,100
2.99,1.5,58,6.1,3.2,1.1,0.6,5.3,7,2.5,79,78
3.76,3,91,8.4,3.9,2.3,3.3,3.8,14,0,99,97
3.64,2.3,98,7.3,3.3,0.4,3.2,1.9,19,5.2,100,92
3.99,4.1,100,7.7,2.7,0.7,3,4.9,14,1.9,100,100
3.88,5.3,100,5.9,5.6,4.4,0.4,4,10,5.5,100,100
3.01,2.6,63,3.5,5.6,3.1,2.4,4.2,7,6.2,100,90
3.03,0.5,74,6.4,3,2.1,2.9,6.1,9,1.7,83,83
3.65,2.9,76,6,10.8,6.2,0.1,4.4,3,2.2,99,100
4,4.9,100,7.4,2.6,0.3,0,6.1,10,1.1,91,91
3.64,4.3,94,10,8.5,4.3,2.3,2.7,23,6.5,100,94
4,4.1,100,7.8,5,2.6,0,2.1,13,2.3,100,97
4,3.1,94,10,5.6,4,0.6,5.3,14,1,96,91
3.42,1.6,82,7.7,7.4,3,0,1,3,0,100,94
3.9,4.3,100,6.2,3.1,0,1.5,6.8,19,6.3,96,94
3.56,2.2,77,7.4,8.2,2.9,4,5.6,20,6.7,100,89
4,6.8,100,9.1,5.7,3.3,2.5,3.2,13,2.1,100,96
4,4.4,100,9.2,2.5,0,3.5,5.4,15,3.8,100,99
2.97,2.6,74,6.3,9.9,5.7,2.2,4.3,9,1.3,100,81
3.77,2.6,89,7.3,7.5,3.3,0,0.4,11,0.1,100,87
3.62,3.4,85,5.3,7,3.8,1.4,1.4,25,3.6,100,100
3.81,3.1,100,8,8.1,1.1,1.9,3.6,10,5.6,100,100
4,5.2,100,8.9,6.5,3.8,2.2,3.3,21,3,100,100
4,3.8,91,7,5.9,4.4,2.8,5.6,22,2.2,100,100
3.32,2.4,70,6.2,5,3.2,0.5,3.6,14,5.8,99,96
4,6.3,100,7.4,5.5,2.8,1.7,0.5,11,2.8,100,100
3.8,3.6,100,7.5,6.3,1.5,1.2,1.9,5,3.6,100,92
4,4.7,95,7.1,5.3,2.5,2.6,4.5,15,4.2,100,91
3.5,2.6,100,7.2,6.9,2,1.4,0,12,2.7,96,96
4,4,99,6.8,7.2,3.7,1.6,0.2,11,1.4,100,100
4,4,92,8.2,5.8,1.5,1.6,2.3,10,4.5,100,85
3.36,0.7,68,7.9,7.1,3.6,2,4.9,14,6.4,92,82
4,6.5,100,5.8,5,1.5,1.5,2.6,14,4,100,100
3.84,5.4,98,5.8,6.3,2.4,3.1,3.9,12,5.1,100,88
3.41,2.9,77,6.7,6,3.7,0,3,18,5,90,95
3.45,1.8,80,7.9,4,1.7,2.7,2.7,12,4.3,94,88
3.74,4,92,7.2,7.2,3.8,2.1,1.7,11,1.8,100,96
3.49,3.6,100,6.2,8.9,3.6,1.8,4.7,6,4.5,82,90
3.86,4,100,7.3,3.6,2.4,1.2,0.5,11,5.6,100,100
3.5,3.8,95,6.6,5.1,4.5,3.8,2.5,12,0.9,100,100
3.67,4.3,100,8.1,5.6,2.9,1.5,5.3,1,1.6,100,96
4,5.7,99,7.4,8.7,4.5,3.1,1.5,15,5.7,100,100
3.53,4.4,100,6.6,8.6,5.5,4,0,17,6,100,93
2.92,1.9,80,7.3,4,2.4,0.6,0,23,2.1,86,100
4,5.5,100,8.6,6.9,3.8,1.3,4.3,7,2.6,100,96
4,6,100,6.3,2.7,1.8,0,4.5,11,6.3,100,100
4,8.2,100,7.5,5.1,1.3,0.1,2.3,14,6.3,100,100
2.89,1.8,77,6.9,5.1,2.5,2.3,0.5,12,4.4,83,90
3.88,3.9,88,7.5,3.7,0.8,1.4,2.7,8,5.7,98,85
2.81,0.5,75,6.2,4.9,1.4,0.8,5.4,5,1.3,86,82
3.98,4.3,100,7.1,6.9,3.7,4.7,0.5,12,0.4,100,100
4,2.7,88,8.3,4.4,2,1.2,5.1,18,3.4,100,91
3.93,6.4,100,5.9,8.1,3.9,0,0,12,5.6,100,95
3.01,2.3,70,5.4,7.2,3.2,0.3,0.7,12,3.7,81,94
2.68,1,69,5.5,6.5,5.6,1.7,3.2,14,6,74,74
3.7,2.8,99,5.6,6.3,3.6,1.9,4.9,16,5.3,100,87
3.18,0.5,84,7.7,6.2,4.5,0.6,5.9,14,3.4,98,100
3.83,4.6,98,5.3,4.9,3.4,0.5,5,6,3.1,100,100
2.82,0.5,67,6.6,6.9,3.3,0.6,6.1,14,4.1,87,76
3.76,3.5,94,7.7,7,4.5,3.5,3.4,9,7.9,100,100
2.74,0.5,68,7.5,6.6,3.8,3.3,1.8,8,3.2,56,80
3.22,3,83,6.5,5.3,3.1,1.5,5.4,7,0,100,90
4,6,100,7.2,6.5,3.1,1.9,5.7,12,3.9,100,95
3.98,4,100,7.1,7.4,3.6,1.7,4.9,9,2,100,100
3.28,2.2,84,6.7,7.4,1.8,0.8,4.2,11,1.7,100,100
3.96,3.5,93,6.7,4.5,1.7,2.5,5.8,7,3.8,100,92
3.61,3.5,92,9.7,6.2,4.9,0,3.7,16,5.8,100,93
3.81,4.2,100,8,8,5.6,2,3,10,5.3,100,99
3.67,1.4,94,10,5.4,1.4,2.9,4.5,8,5.8,100,88
4,4.4,91,6.4,3.9,1.8,0.4,4,4,1.4,100,94
2.6,0.5,67,6.9,5.7,4.5,0.9,4.8,20,6,69,77
3.51,2.6,91,5.4,5.7,3.6,0,2.7,4,2.1,100,96
3.28,2.8,81,6,6.2,3.8,0.3,4.8,13,3.9,85,81
4,4.4,100,9.3,5.8,4.1,3.8,4.7,15,6.5,100,92
3.69,3.5,98,6.4,5.7,2.4,0,3.4,10,6.8,100,90
3.47,1.4,96,9.3,6.2,3.3,0.4,1.5,14,3.8,100,100
3.4,2,76,5.5,7.1,3.2,3.4,5.5,14,3.8,97,81
3.4,3.8,100,5.7,4,1.5,1.2,0.6,16,1.6,91,100
3.56,3.4,96,6.6,7,3.3,0.6,1.1,15,3.1,100,75
3.3,2.6,91,6.9,7.1,4.7,1.7,3.3,10,2.9,82,90
3.77,2.8,94,8.1,3.9,2.3,0.7,0,10,3.5,100,79
4,4.5,100,7.5,5.3,3,0.6,6.1,22,4.6,100,99
3.38,2.7,81,6.5,4.2,3.1,1.8,3,17,3.9,100,93
3.45,3.4,92,6.8,7.5,2.4,0.9,6.1,9,1.4,93,91
4,6.8,100,6.6,7,3.8,1.9,6.6,14,3.7,100,100
3.45,1.4,76,5.9,3.8,1.8,4,2.7,14,4.8,100,86
3.04,0.7,60,5.9,7.3,4.8,2.5,5.7,12,7.4,63,86
4,4.7,100,8.2,3.8,3.7,1.9,0.9,21,4.1,100,100
3.3,2.5,92,4.8,6.1,1.4,1.1,3.9,11,1.4,98,87
3.86,3,93,8.9,9.9,5.3,0,2.1,12,3.1,94,100
3.54,2.3,89,6.6,6.2,3.1,3.1,4.4,16,4.3,96,94
3.46,3.1,91,6.1,5.1,1.7,1.1,4.8,7,4.5,94,93
4,5.9,100,7.9,6,4.5,0.2,2.7,9,0,100,100
4,4.7,94,8.8,5.1,3.5,0,4.1,19,4.5,100,100
4,4.8,95,8.3,1.1,0.1,1.6,4.9,12,7.4,100,100
3.04,1.4,69,7.6,4.8,2,1.7,3.4,8,5.8,92,89
3.03,1.8,77,8.3,7.5,3.2,0.7,8.1,13,4.3,88,96
3.1,0.5,81,4.9,2.5,0,2.6,2.7,13,4.1,85,85
3.43,2.3,73,6.4,6.3,2.9,1.9,6.3,19,5.7,82,82
4,4.9,94,5.9,7.2,3,0.2,5.3,17,7.5,100,100
4,4.3,100,8.5,2.1,1,0,0,13,3.8,93,97
3.78,3.2,99,6.5,8.4,3.2,1.3,6,20,3.3,100,100
4,3.5,95,8,7.2,2.8,0.8,5.1,18,5.3,100,100
3.21,2.5,92,7.6,4.6,1,2,3.2,14,3.5,81,97
3.27,3.8,93,6,8.3,4.2,2.6,3.7,8,3.9,100,91
3.9,4.6,100,6.3,8.3,4.1,3,4,21,2.5,100,95
3.4,1.1,81,8.6,5.8,2.4,0.2,5.8,18,5.1,90,100
2.93,3.9,80,6.1,7.2,2.5,0.9,2.2,6,2.9,100,91
4,4.9,100,7.1,6.4,3.9,0.7,6.2,9,2.3,100,97
3.41,2.9,99,6.1,6.1,2.5,0,0.8,5,3.4,100,100
3.84,4.6,100,6.6,4.6,0,2.6,0,7,5.2,100,88
4,7.7,100,6.9,3.3,3.5,1.4,4.2,18,4.1,100,96
4,3.3,95,6.1,5.1,1.6,2.6,5.5,12,5.7,95,100
3.23,4.1,81,5.8,6.1,2.2,1.3,2.6,9,0,100,85
3.2,2.4,66,7.3,5.9,5,2.4,0,16,1.9,90,81
3.16,3.8,100,6,5.9,2.6,0.7,0,16,1.9,100,96
4,4.2,100,6,4.8,2.8,0,3.9,19,2.9,100,93
2.93,3.8,86,5.9,7.1,3.6,2.2,3,15,7.6,90,89
2.94,2,82,6.9,6.5,3.6,0,5.6,15,4.1,91,79
4,3.8,100,8.1,3.3,1.4,0.5,3.1,8,2.1,100,98
4,5.7,100,8.8,7,2.7,1.8,1.5,12,4.9,100,100
4,4.2,95,6.1,5.4,2.9,0.9,3.6,12,3.6,100,100
4,4.9,100,9.6,6.5,3.2,2.6,5,1,1.8,100,92
3.45,3.1,100,5.8,7.8,3.2,0.6,5.7,14,3.2,100,88
3.73,4.6,93,8.3,8.6,6.7,0,2.8,3,4.8,97,96
4,3.9,98,6.1,4,1,1.2,3.1,16,0,100,97
3.01,2.1,69,6,6.7,4.3,0,4.6,10,6.9,83,95
3.54,4,83,6.1,7.3,4.6,1.1,1.5,10,4.3,97,99
3.31,2,88,6.9,9.1,3.5,0,4.5,9,4.3,92,93
3.91,2.6,100,7.7,5.3,1.8,2.4,2.5,9,7.4,100,96
3.65,3.8,100,7.8,8.7,5.3,1.7,2.8,11,5.1,87,100
3.95,3.9,91,5.9,3.6,0,2.2,3,17,0,100,100
3.05,1.7,78,5.8,5.3,1.8,2.6,3.3,7,1.7,88,88
3.28,5.1,100,5.9,5.4,4.6,2.4,6.8,12,2.4,100,92
3.91,4.4,82,6.9,8,2.2,2.3,2.1,23,3.7,85,100
2.89,2.4,83,6.7,6.4,5.2,2.5,2.2,9,4.3,91,83
3.41,1.2,94,5.9,5.6,0.5,2.7,5.9,12,3.7,85,90
3.93,3.3,100,7.3,4.8,1.1,0,3.9,16,3.4,100,100
3.89,2.8,76,9.7,5.2,2,2.5,4.5,23,8.3,100,96
3.33,3.7,95,6.4,6,3.4,1.8,0.9,20,2.2,100,96
4,3,91,6.5,8.6,2.5,2,3.5,11,2.7,100,90
3.1,0.5,77,7.7,5.8,2.1,3.6,4.6,14,4.2,80,84
3.22,2.9,84,6.3,7.9,4.9,2.1,1.7,11,4.2,100,92
3.38,3,84,7.8,7.5,5.1,1.2,4.3,17,4,100,94
4,4.5,81,6.1,4.4,2.2,0,2.6,11,4.4,100,100
3.92,2.5,98,9.2,3.3,0.2,1.1,1.7,21,4.8,100,100
4,6,100,7.4,1.9,0,2.2,5,2,5.1,100,100
2.83,0.6,66,6.3,7,3.2,0.3,5.3,15,2.6,63,72
4,5.5,100,6.3,6,3.8,3,3.3,16,5,100,94
3.39,3.2,76,6.4,7.1,2.9,3.7,3.9,1,4.1,100,95
4,4.8,92,8.6,6.9,2.7,1.7,5.6,4,6.9,100,100
3.68,3.6,94,5.5,4.5,1.6,1.2,2.2,19,3.5,100,85
4,5.2,96,6.2,7.5,3.8,1.1,3.7,15,4.1,100,95
3.45,2.9,90,6.3,9.1,5.3,3.8,2.2,16,4.5,96,100
3.56,1.9,84,7,1.2,0,3.1,1,20,3.7,87,97
4,5.6,100,6.7,7.8,2.7,0,2.2,10,1.5,100,98
3.75,3.3,85,5.2,4,1.3,1.5,0.8,20,4.9,100,97
3.58,3.8,100,6.5,4.4,0.6,3.8,3.9,27,4.2,97,96
3.98,5.4,94,6.9,5,1.1,2.6,1.5,18,1.2,100,95
2.83,2,79,6.2,3.4,3.4,0.3,0.2,14,2.5,96,80
3.81,4.4,100,7.8,5.6,3.4,1.2,4.5,12,4.7,100,100
3.15,2.6,94,8.1,9,5,1.1,4.4,13,4.6,100,86
3.61,3.3,79,6.9,5.9,2.8,0.1,2.3,13,5.8,100,93
3.89,3.6,97,7.3,4,0.2,4.4,4.4,12,0.4,100,86
2.51,1.2,84,4.4,5.5,2.4,3.1,1.4,6,3.4,83,99
3.37,2.3,100,6.5,5.2,0.7,2.1,2.3,14,2,100,100
4,5.5,100,8.2,4.1,1,2,3.8,13,2.8,100,94
3.46,4.8,94,6.5,8.4,3.7,3.3,5.1,19,2.2,100,100
3.51,3.4,76,6.1,4.9,3.1,1,2.2,15,4,100,99
3.81,3.9,82,9.7,6.5,3.7,2.6,1.8,8,0.6,100,91
3.95,3.1,92,9.2,4.6,2.3,4.3,5,7,2.3,87,100
4,5.5,100,7.6,7.5,4,2,4.2,12,3.5,100,91
3.6,3.2,100,8.4,4.9,2.2,2.6,3.3,8,3,100,97
3.24,3.8,89,4.3,7.2,4.5,1.4,5.4,13,2.8,92,94
3.73,5.2,100,6.1,5.5,3.3,0.9,6.9,9,6.4,100,99
3.06,2.3,89,6.4,4.9,2.5,0.2,3.7,18,3.5,91,90
4,5.8,100,6.7,6.1,3.1,1.7,1.8,15,5,100,97
2.96,1.2,85,6.4,3.4,2.8,0,4,17,5.8,100,88
3.67,5.9,100,3.9,5.4,5.2,0.6,1.4,11,5.3,100,100
3.7,2.9,89,7.5,6.3,3.2,0.8,5.5,13,4.2,100,85
3.75,3.1,93,7.7,2.5,2.8,2.3,1.6,17,4,100,96
3.18,0.7,77,8.9,5.2,2.4,0.5,2.6,14,3.5,83,93
3.08,2.8,79,6.1,6.6,4.1,1.5,1.3,16,6.5,99,100
2.9,1.9,86,6,7.6,3.9,0,3.4,9,5.5,91,100
3.2,2.6,79,3.8,4.6,2.4,1.6,3.4,16,1.2,90,84
3.61,3.3,86,6.6,6,1.1,2.7,4.5,9,1.5,100,97
4,4.9,100,8.1,5.4,1.4,1.1,3.2,22,4.7,100,100
4,3.8,100,6.3,3.7,2.5,0,3.1,13,4.2,100,86
3.69,4,86,9.6,7.5,4.8,1.8,1.9,18,4.8,99,89
3.01,1.9,80,6.7,7.2,2.4,3.9,2.4,10,4.2,81,76
3.66,2.2,80,7.2,4.1,1.9,1.1,0.2,11,1.6,100,91
4,6.2,100,5.4,3.1,0.2,1.8,5.8,11,5.4,100,100
3.21,2.4,82,7.3,9.8,5.1,0.2,2.8,3,4,96,86
4,6,100,4.6,6.1,3.7,0.9,6.3,1,4.9,100,99
4,3.1,91,7.8,8.3,4,0.8,2.8,11,5.1,100,94
4,3.5,95,7.9,6.1,4.2,2.2,0,3,3.4,100,100
4,5.1,100,8.6,2.1,2.6,0.5,2.1,13,5.7,100,100
4,5.4,100,5.8,7.4,2.9,1,3,11,5.3,100,93
3.07,3.3,87,7.2,8.5,5,1.8,3.1,1,3.8,94,100
3.58,2.9,84,7.7,6.7,3.1,0,4.4,9,4,95,95
3.82,3.4,91,7.5,5.4,3.7,2.5,3.3,12,7.1,98,100
3.44,4,79,6,5.9,4.1,0,2.3,19,5.9,100,85
3.68,4.8,96,4.1,8.2,3.8,0,1.2,10,5.6,100,93
4,3.5,84,7.4,5.9,2.6,0,2.2,4,4.7,100,95
3.94,4.4,100,6.8,5.6,2.7,3.3,4.2,3,5.2,100,100
4,6,100,6.3,7.3,4,3.2,4.7,9,3.7,100,95
3.89,4.1,100,7.9,8.8,4,0.5,1.7,7,3.6,100,95
3.97,4,95,6.9,8.5,4.6,3.6,5,11,3,100,89
2.75,1.2,70,5.4,6,3.6,3.6,4.1,13,3.6,97,89
2.4,0.5,60,4.7,5,3.7,1.7,1.2,15,3.1,65,65
4,4.1,100,5.6,5.8,2.1,4.2,3.5,15,6.4,100,85
4,3.4,99,9.9,3.8,1.9,3.2,3.7,9,4,100,100
3.27,2.7,81,7.9,5.6,4,1.3,0.9,15,3.4,92,83
4,3.9,99,7.2,6.5,1.9,2.3,0.3,4,1.7,100,100
3.55,3.4,77,6.8,6.8,2.8,0.6,3.9,13,3,95,92
4,5.2,100,6.7,8.4,4.9,1.1,2.1,13,3.7,100,92
3.88,3.6,87,8.4,6.1,4.6,1.3,6,13,8.2,100,92
3.14,2.4,80,6.4,8.4,3.3,0.3,6.4,7,5.2,99,82
4,5,100,7.7,6.6,2.4,1.8,3.9,7,2.1,100,95
3.79,3.2,87,6.6,5.2,2.6,0,4.9,15,3.3,100,84
4,4.3,100,9.3,6.5,4.1,1.7,1,10,4.5,100,98
3.73,2.8,98,7.9,5.8,2.7,1,0.3,15,4.5,100,100
3.5,2.5,97,8.5,4.4,2,2.5,2.7,9,0,100,100
4,3.6,92,6.3,10.3,4.6,0.9,0.4,26,4,100,96
3.94,3.5,86,8.3,5.6,3.1,1.9,3.6,11,3.4,100,97
4,4.2,94,6.6,3.6,1.9,1.1,1.4,18,6,100,96
3.18,3.1,80,7.1,8.4,3.5,0.1,3.4,24,2.3,90,83
2.8,0.7,71,9,6.6,4.3,1.7,2.7,18,2.1,100,77
3.66,2.9,86,5.7,5.2,1.3,1.5,4.3,10,5.8,98,94
4,4.7,95,7.2,6.3,2.5,2.7,3.7,12,2.6,100,100
3.67,3.1,96,7.5,5.3,2.4,3.4,2.2,1,0.3,100,97
3.99,3.1,86,7.6,5.3,3.5,4.4,0.3,1,2.5,100,96
4,5,98,6.5,6.6,3.7,2,3.3,12,5.6,100,100
3.49,2.4,79,9.5,3.6,2,2,0,9,5.7,100,88
2.86,1.2,79,5.4,3.6,0.6,1.8,5.5,6,5,88,84
3.55,3.3,91,8.8,8.2,4.3,0.4,4.1,12,3.6,100,100
3.57,2.8,90,8.5,6.2,1.1,1,4.7,9,4,100,100
3.54,2.1,90,9.3,4.9,3.2,2.1,1.1,7,3,86,89
3.6,3.2,88,5.1,5.3,2.6,3.1,3.7,17,7.2,100,99
4,4.2,100,6,5.4,3,3,1.7,6,2.9,100,97
4,3.5,97,8.8,8.6,5.3,1.2,3.3,15,5.1,100,89
3.48,4,88,4.7,8.6,7.4,0.5,1,13,2.9,100,99
4,6.2,100,5.1,2.2,0.3,3.4,2.8,19,5.7,100,97
3.42,3,86,6.4,5.3,4.3,0.7,0.2,10,4.5,90,96
3.84,3.9,89,7.2,3.9,2.6,0,2.7,5,3.8,100,85
3.23,2.7,84,8.9,6.6,4.4,1.8,0,9,1.6,93,89
3.39,2.2,77,6.8,9.2,4.2,1.1,6.5,12,5.1,76,84
3.38,2.6,74,6.3,8.3,4.9,1.4,3.3,17,2.6,92,98
3.23,2.8,68,7.4,6.3,3.2,1.2,3,16,4.7,100,84
4,4,100,7.6,6.1,1.5,1.4,4.4,11,2.8,100,100
4,7,100,7.5,7.7,4.2,1.4,0.4,12,5.5,100,100
3.39,2.4,100,6.8,6.6,3,2.2,1.4,15,5.7,100,90
3.6,2.9,100,4.7,4.8,2.4,1.7,4.1,17,3.4,100,100
4,3.4,97,5.9,4.3,2.1,1.5,3.3,14,2.8,100,99
4,4.1,100,8.7,5.7,4.3,2.1,1.6,13,6.5,95,100
3.62,3.9,85,7.2,7.5,5.2,2.5,4.3,13,4.1,89,95
4,5.4,100,6.6,3.7,1,0,3.6,13,2.4,100,100
3.28,0.5,72,8.3,7.1,3.7,0.6,4,13,3.9,93,90
2.78,0.5,71,5.6,5.2,2.2,0,3.8,7,3.9,84,87
3.74,2.8,86,6.7,3.2,0.6,1.4,1.6,4,3.8,98,98
3.69,5.1,100,7.2,4.9,3,0.8,2.8,8,3.9,100,98
2.77,1.2,67,6.5,5.1,1.6,0.3,0,10,2.4,69,85
3.34,0.5,100,7.1,2.8,0.4,1.5,2,15,3.3,91,95
3.66,4.4,100,6.8,5,1.6,0.2,2.5,11,2.5,100,99
3.75,3.9,100,5.3,2,1.3,2.1,4.3,13,8.5,100,74
3.6,1.9,74,7.2,5.2,1.8,1.4,4,12,3.1,79,81
3.26,2,70,5.4,4.7,0.8,1.1,1.5,14,2.8,82,92
3.67,2,86,7.2,5.9,2.2,1.7,1.5,10,2.2,100,95
4,3.7,97,8.6,4.5,1.7,2.2,5.6,8,8,100,88
3.13,2.6,100,6.7,7.5,3.4,1.4,2.4,4,3.4,94,91
3.57,4.2,98,5.6,5.2,3.7,1.1,3.2,14,3.4,98,97
2.81,0.5,70,6.8,6.1,3.2,1.2,4.6,1,4.5,77,91
3.48,2.2,94,6,5.2,2.4,2.5,2.8,13,2,91,94
3.61,1.8,85,7.7,6.6,2.4,0,2.7,16,2.3,96,100
3.68,3.1,94,6.8,2.1,1.5,1.4,2.4,11,3,100,99
3.88,2.7,100,9.1,3.3,1.6,3.2,2,14,4.4,100,96
4,4.7,96,8.4,9,3.9,2.6,3.3,10,4.9,100,93
2.7,0.7,86,6.8,1,0.2,1.9,0,12,2.7,88,84
3.76,3.6,100,7.9,6.7,2.7,2.2,2.3,11,4.4,100,100
3.95,4.3,91,6.5,4.5,2.3,4.4,4.1,15,2.9,100,100
4,6.3,100,7,7,3.7,1.7,3.8,11,3.1,100,100
3.81,2.8,88,6.6,5.4,0.7,0.9,5.8,6,5.7,100,96
3.93,4,85,7.9,6.2,2.8,3.1,4.7,14,3.7,100,83
2.49,0.8,70,8.7,8,3.3,1.7,3.8,11,1.8,71,85
2.91,0.5,71,8,2.4,0,0,3.1,9,1.6,67,91
4,4.8,100,8.1,3.8,1.2,1.8,2.1,15,5.7,100,98
3.72,3.5,100,8.1,6.6,2.7,2.2,4,22,2.3,100,100
4,5.3,100,7.7,6.1,3.6,0.3,3.6,14,4.3,100,98
2.8,1.4,87,5.6,6.8,3.1,4.1,2.3,16,7.2,100,84
4,4.3,100,9,8,3.6,0.7,1.3,13,3.9,100,100
4,6.3,99,9.2,5.2,1.2,0.8,2.9,19,3.9,100,94
4,4.1,100,6.7,1.5,0.4,2.7,5.3,15,5.2,100,100
3.91,3.9,90,6.6,5.5,2.9,2.3,3.2,9,5.5,100,91
4,3.5,100,7.7,4.3,1,1.7,3.1,15,4,100,93
3.34,1.1,80,7.7,4.2,1.5,2.1,3.8,14,3,97,95
4,5.5,100,6.8,7.3,4.2,1,4,10,4.9,100,100
3.22,2.6,86,5.5,6.5,3.1,0.9,3.5,18,0,100,88
4,4.3,100,7.4,4.3,1.9,0.1,2.9,6,4.6,100,97
3.16,1.2,89,7.7,4.6,1.8,4,2,14,7.7,89,88
3.07,1.7,68,7.9,5.3,3.7,0,5,10,5.7,85,78
3.52,5.7,100,7.4,5.5,3.1,1.4,2.1,4,4.6,100,100
3.77,3,91,6.7,2.2,1,0,6.1,13,4.5,99,89
4,5.7,100,8.2,3.1,0,1.3,3.3,10,8,100,92
3.08,3.4,93,7.1,8.4,5.6,2.1,3.1,9,1.9,94,92
3.2,0.7,64,6.4,2.9,1,1.5,4.5,7,2,80,99
3.75,4.8,100,6.8,8.7,3.6,3.9,1.7,22,4,100,100
3.08,2.6,77,4.9,7.8,5.1,2.1,4.1,1,3.1,96,93
4,4.5,98,6.8,6.3,3,1.5,3.2,1,4.8,100,99
3.64,3.5,78,7.8,4.1,1.9,2.4,3.8,15,2.7,100,93
3.49,1.2,89,7.4,3.2,0.7,0.9,1.6,14,5.4,83,78
4,3.7,100,8.8,4,0.6,1.3,1.6,5,1.9,100,100
4,6.8,100,6.7,6,3.4,0,0,9,2,100,100
3.64,4.2,87,7.6,8,5,2.7,2.1,15,5.6,94,100
3.84,3.4,100,8,6.2,2.2,2,2,11,2.5,100,100
4,5.1,100,9.8,4.4,2,2.5,1.7,16,0.4,100,100
4,3.8,93,7.2,5.2,3.8,3.4,2.8,12,4.2,100,100
3.63,3.8,86,5.7,3,1.8,1.6,3.1,9,3.8,89,79
3.23,1.9,85,8,7.9,3.2,1.1,4,5,3.2,99,87
3.68,3.9,100,9.2,7,2.9,1.9,4.1,12,4.9,100,99
4,5.1,100,6.6,6,2.2,1.4,4.3,9,6.5,100,100
3.05,2.2,76,8,5.3,2.8,0.6,4.4,17,2.8,93,95
4,5.6,100,8.5,6.8,5.4,1.1,3.6,17,5.5,100,100
3.83,3.4,100,8.2,6.4,3.7,2.1,3.1,11,2.2,100,100
3.39,2.2,83,7.2,7.3,4.4,0.4,4.9,12,7.9,97,90
4,5,100,6.2,3,1.4,0,4.4,10,2.1,100,91
3.18,3.1,94,6.9,5.6,4.4,0,0,9,3.9,89,97
3.83,4.6,100,7.6,4.7,3.8,2.1,2.7,7,2.1,100,97
3.89,3.1,87,8.1,4.4,0.6,1.4,0,12,5.8,100,95
4,3.4,100,7.4,5.2,3.6,1.7,0,11,4.8,100,100
3.84,4.2,98,6.5,5.4,2,1.3,2,19,4.6,100,95
4,3.9,100,7.7,3,0.5,2,2.7,10,4.1,100,100
2.61,0.5,74,8,6.7,3,2.7,2.2,24,1.8,80,81
3.62,1.8,92,7.5,7,3.6,2.4,0,21,3.4,100,91
3.95,4.9,100,6,5.7,3,0,4.6,8,2,98,100
3.83,3.3,90,6.8,5.8,2.6,0.4,1.6,12,5.1,100,100
3.61,2.7,81,8.1,5.2,2.3,2,4,4,3.2,100,87
2.44,1.5,66,5.3,8.8,6.5,0.6,1.6,10,2.5,77,75
3.21,1.9,70,4.5,5.2,1,2.9,2,14,3.3,80,91
3.08,0.5,80,8.8,6.6,4.1,3.2,3.9,13,0.9,86,93
3.37,3.3,87,7.6,5.7,2.8,3.2,2.3,8,1.6,97,82
3.89,2.6,90,7.7,2.8,1.5,1.3,3.3,12,3,100,99
3.59,2.1,90,5.7,6,2.7,2.1,3.6,15,2.4,84,100
3.85,3.4,100,7.9,3,0.7,1.4,0.1,11,2.1,100,80
4,4,100,7.3,4.3,1.9,3.5,4,19,6.3,97,100
4,6.6,100,5.1,4.7,2.7,1.5,1.1,12,6.2,100,100
3.43,1.2,89,8.7,3.4,0.5,3.7,0.8,4,3.5,81,94
3.8,5.2,97,7.2,4.2,3.6,0,1.5,4,3.2,100,91
3.97,5,100,6.5,5.2,1.4,0.7,4.6,10,2.7,100,100
3.28,2.3,77,6.5,3.6,0.6,1.1,0,6,2.4,85,88
4,3.8,100,4.6,3.6,1.2,4.5,4.3,4,5.5,100,89
3.23,2.8,84,7.7,7.2,6.1,0,3.7,10,4.8,90,74
4,3.8,100,7.3,3.5,0,1.8,3.1,16,3.2,100,93
4,5.8,100,6.8,5.7,3.5,2.1,3.5,10,0.7,100,86
4,4.4,100,8.5,6.3,1.7,3,2.4,14,1.8,100,96
3.89,4.3,97,5.3,5.9,2.3,0.7,4.4,19,3.1,100,92
2.92,2.9,96,6.3,8.5,3.7,0,2.1,14,8.2,90,83
3.05,1.3,82,6,6.8,3.6,2.8,0,7,2,85,83
4,3.2,98,6.7,6.1,1.8,3,2.8,12,4.5,99,100
4,5.3,100,7.1,4.4,0.8,1.3,4.6,10,0,100,99
3.24,1.2,73,7.5,6.2,3.7,1.5,4,15,3.7,86,75
3.15,1.9,88,6.6,6.8,3.6,0,6.6,13,4.7,82,89
3.6,3.7,86,5.9,4.4,2.4,3.9,2.5,11,4.8,100,100
3.67,2,99,9,9,3.5,3,2.7,12,3.2,98,100
4,2.3,97,9.9,5,2.1,0.2,2.5,10,8.7,100,100
3.31,2.9,100,7.2,4.6,1.6,2.8,1.4,4,2.6,100,96
3.28,1.5,81,6.1,6.3,2.8,0,2.1,2,1.4,90,100
3.53,2,83,8.8,5.3,3.6,1.2,0.9,16,5.5,93,90
3.96,4.6,100,5.3,7.9,3.3,1.2,0,17,2.6,100,100
2.88,1.5,65,6.6,5.4,3.6,0,1.8,13,3.6,100,84
2.99,1.1,72,6.2,3.2,1.7,1.4,3,17,6.6,92,78
3.52,2.6,77,5.6,8,5.2,1.6,4.3,21,3.1,100,97
3.79,4.6,90,6.7,3.8,2.3,2.5,1.8,10,0.4,100,87
3.58,3.2,94,6,7.5,2.6,3.9,1.9,8,5.3,100,88
4,2.8,100,7,3.5,0.8,2.1,5.1,16,3.6,100,97
3.89,3.6,81,7,1.6,2.5,4.5,0.3,19,2.5,100,89
2.32,0.9,68,6.3,6.8,3.6,1.7,2.7,9,5.2,81,77
3.39,4.2,93,6.6,7.6,3.9,0.5,4.9,19,3.1,98,87
4,4.1,94,6.7,7.6,5.1,0.6,1.6,10,4,100,100
3.67,2.9,96,8,5,3.6,1.4,0,13,3.2,94,96
4,5,100,6.8,6.1,3.2,0.6,6.4,10,2.2,100,100
3.59,1.8,92,8,4.5,2.1,2.6,4.6,13,3.2,100,92
4,5.2,100,7.7,3.6,1.8,1.3,4.7,7,3.2,100,100
3.7,3.7,88,7.7,6,4.3,1.9,2.8,17,2.5,100,83
3.98,3,92,8.7,7.4,4.2,0.2,4.3,4,6.7,100,93
4,3.5,83,5.7,5.3,1.2,2.5,0,7,2.7,96,99
3.51,3.3,86,6.4,7.5,3.9,0.7,2.1,18,7.4,100,84
4,5.3,100,9.1,4.7,3.8,3,4.9,23,5.2,100,96
3.53,1.9,80,6.7,4.8,1.1,0.7,0.2,9,3.3,92,97
3.19,2.4,97,3.6,7.5,3.6,0.6,2.3,20,2.9,90,98
4,5.1,100,6.8,5.9,1.2,0.3,3.6,18,3.3,100,95
3.51,2.6,94,7.2,1.9,0,0,1.4,14,4.3,100,100
4,4.9,100,3.9,5.5,2.6,3.2,3,10,5.8,100,100
4,6,100,8.6,6.9,3.2,3.2,3.8,19,7.8,100,95
3.24,2.9,92,6.1,5,2.6,2.6,3.6,11,2.1,83,92
3.59,4.5,100,7.4,10.8,7.1,1.1,2.2,14,2.6,100,100
3.05,1.8,87,6.7,6.4,3.4,0,1.3,1,1.3,78,96
3.8,4.6,81,5.5,5,3,2.6,3.8,10,1.8,100,95
4,3.8,98,5.7,5.5,3.4,0.3,3.7,9,4.7,100,100
3.63,4.2,90,5.9,6.6,2.1,0.5,3.6,13,3.6,100,100
3.22,2.5,81,8.3,6,4.2,1.5,3.2,10,4.1,93,77
2.61,1,82,6.8,4.9,3.3,2.5,3.7,9,6.6,84,75
3.36,4.3,81,6.4,6.7,3.3,2.4,4.8,12,5.6,100,81
2.63,0.5,85,5.9,4.9,1.9,2.6,3.6,8,6.1,74,77
4,3,100,8.4,1.9,0.5,0,3.2,4,3.9,100,92
3.9,4.9,100,8.8,4.4,2,1.3,1.9,10,2.6,100,97
4,3.8,100,8.4,5.2,3.2,2.1,5.8,11,1.5,100,100
4,6.4,100,7.6,4.3,2.1,0,0.8,16,3,100,97
4,5,100,7.3,9.2,3.2,1.4,2.6,11,4,100,97
3.22,2.5,90,5.5,5.1,2.5,1.5,2,14,2.4,100,93
3.87,3.5,83,6.7,5.3,3.4,0,0,8,3,100,99
3.96,3.4,100,6.2,6.7,1.3,1.9,3.7,12,1.3,100,99
2.45,1.1,76,4.8,7.2,3.1,2.4,2.6,3,2.7,78,81
3.59,2.1,99,8.3,5.7,1.8,1.1,3.1,9,4.9,97,79
3.73,2.7,92,6.2,2.5,0.5,3.4,2.6,1,3,90,99
2.96,0.5,78,8.4,7,2.6,2.6,4.5,6,6.4,80,88
3.56,3.6,84,8.1,9.1,5.1,0.8,4.8,6,4.6,100,100
4,3.1,96,7.7,3.8,0.6,2.2,0.8,15,4.9,100,100
3.23,1,81,7.7,3.9,3,0,6.5,14,6.1,100,93
3.93,4.1,99,6.3,7,4,3.6,2.5,17,2.2,100,86
4,4.6,100,9.2,11.4,6.3,2.1,4.2,5,4.5,100,91
4,3.8,100,7.1,5.4,2.1,2,3.4,16,5.5,100,100
4,3,91,7.4,4.4,1.9,0.5,3.2,9,2.8,100,100
3.97,4.4,100,6.2,3.7,1,0,4.1,21,0,100,96
3.33,4.5,90,5.9,7.3,4.5,2.7,5.6,11,0.7,100,85
4,4,100,7.6,3.5,1.5,2.1,4.6,20,2.2,100,98
3.88,2.3,81,7.3,5.2,2.2,1.9,2.5,26,3.3,100,84
4,3.9,96,6.1,4.7,0,2.4,2.8,14,5.9,100,92
3.53,5.3,91,5.3,8.7,4.1,0.8,1.9,21,6.1,100,98
3.26,2.6,81,5.5,6.6,4.5,1.3,4.4,10,4.3,99,78
4,6.6,100,8.4,8.6,4.1,1.6,4.2,19,4.3,100,100
3.88,2.7,100,6.3,4.3,0.4,0.3,2.3,12,2.6,100,99
3.11,3.5,90,6.6,7.5,3.7,2.1,5.7,15,5.2,100,92
3.61,2.5,93,8.7,3.8,0.3,1.2,5.1,15,3.9,100,93
3.99,3.8,71,5.7,4.8,2.9,1.3,6.6,11,1.2,100,94
2.66,0.9,74,6.1,5.6,3.1,1.7,1.4,5,4.9,94,74
3.54,2.7,85,6.1,7.3,3.3,1.6,2.8,5,6,100,100
3.54,1.9,84,8.9,5.2,3.6,1.6,2.6,18,6.6,100,94
3.85,3.7,100,9.4,4.6,2.8,0,8.2,13,7.5,100,100
4,5,100,7.9,3.4,0,1.2,3,17,2.2,100,100
3.92,4.5,97,7.9,5.7,3.6,1.5,5.5,9,6,100,95
2.72,0.5,63,6.3,6.9,2.9,0.2,5.1,10,2.8,76,71
4,6.6,100,9.3,3.5,1.4,0.6,2.8,10,0.7,100,100
4,3.9,98,7.3,3.7,0.4,3.8,3.1,4,0,100,100
3.97,2.3,85,8,8.5,5.1,2.3,4,10,4.6,100,89
3.21,3.7,74,6.9,7,4.6,1.3,5.5,10,6.2,97,85
3.77,3.8,91,6.7,6.6,3.9,0.4,2.7,12,2.8,100,91
4,2.5,98,9,4,1.8,1.4,2,11,4.8,100,97
3.84,3.8,94,7.6,3,0,4.2,4.9,19,1.8,100,97
3.48,2.6,86,8.7,5.7,3.9,1.1,0.7,9,6.8,100,89
3.61,2.9,80,7.3,6.1,3.4,1.3,3.5,16,3,100,100
3.13,2.5,63,6,6.1,2.2,0,5.1,14,2,93,79
2.77,1.4,67,6.3,6.1,4.5,0.2,3.9,12,5.1,90,76
2.86,3.7,83,7.1,6.5,4.1,1.2,1.9,16,4.4,92,81
3.62,4.4,100,6.2,6.7,3.1,1.8,1,10,4.1,100,100
3.5,4.3,100,5.7,3.4,2.9,4.3,5.4,9,3.6,100,100
4,4.7,96,8.4,8.1,2.9,0.9,2.6,10,5.7,100,100
3.13,4,100,6.3,8.1,3.8,1.3,1.2,13,3.3,97,89
3.6,2.7,96,7.2,2.7,1.5,2,5.3,3,4.9,100,92
4,4.8,100,7.4,3.9,3.4,1.2,4.6,11,2.2,100,100
3.17,1.5,83,6.3,4.4,1.4,2.1,0.9,15,3.8,100,84
3.4,2.1,75,8.7,6.5,4.8,3,8,12,0.5,93,93
2.88,2.1,59,5.7,7.8,3.6,3.8,1.9,13,4,86,84
3.87,5.1,100,7.3,5.3,1.8,0,4.6,14,4.1,100,99
4,4.9,92,7.3,6,2.9,0,7,12,3,100,100
3.47,4.2,98,6.9,3.8,1.5,1,4.8,4,2.7,99,94
3.78,5.1,100,5.4,10,5.1,1.9,3.5,19,5.9,100,100
2.81,2.2,65,8,9.1,5.2,0.8,0.1,25,2.1,92,90
3.77,4,98,7.9,7.5,3.8,1.1,7.1,20,3.4,89,98
3.32,3.3,92,6.2,9.5,5.1,2,4.7,11,4.7,100,89
4,4.8,87,7.8,4.8,3,0,0.2,8,2.8,92,89
3.74,3.3,96,7.4,8.4,3.9,0,6.1,20,3.3,96,100
3.19,2.9,97,5.5,7.3,4.6,2.7,3.1,13,4.7,96,97
3.23,4.3,94,6,6.2,2.8,0.6,2.4,17,2.1,100,87
4,4.8,100,8.4,5.7,2.9,3.7,1.9,7,5.2,100,96
2.93,2.5,76,7.4,4.9,4.2,1.8,3.3,15,5.1,81,79
3.17,3.4,96,6.3,7.9,3.8,3.7,4.6,14,5.5,93,96
2.91,1.9,86,6,2.5,1.7,3.2,2,19,3.5,81,95
3.33,0.5,78,6.4,1.8,0,1.1,3.3,16,5.6,92,82
3.81,3.8,96,6.5,5,2.5,0,9.8,13,4.1,100,91
4,4.4,100,6,1,0,2.1,4,21,2.8,100,99
3.46,3.9,94,4.9,3,1.3,1.1,4.9,11,4.4,100,99
2.95,0.6,70,8.4,4.8,1.5,1.3,1.1,20,2.2,80,87
4,3,92,8.2,4.5,1.9,1.1,0.3,15,5,100,100
2.52,0.5,66,5.5,6.7,4,0,5.9,16,4.7,82,62
3.88,5.6,95,7.2,6.3,4.4,2.1,5.4,27,3.1,100,95
2.99,1.9,77,5.9,6.7,3.6,0.5,6.4,1,4.2,93,93
4,5.4,100,6.7,6.3,3.7,0.4,2.8,5,3.6,100,100
4,4.9,96,6.6,4.8,3.8,1.2,5.5,18,5.7,100,98
2.98,2.1,91,6.5,2.8,0,2.9,0,17,4.4,73,84
3.58,1.8,91,9.4,4.3,2.8,1.3,4.1,13,5.5,100,88
3.9,4,95,6.5,4.2,0.1,0.2,5.1,18,3.7,91,100
3.16,2.2,81,6,6.1,3.6,1.7,1.6,6,9,96,96
3.7,3.7,100,6.1,6,0,3.2,5.1,22,6.8,100,99
3.36,2.8,83,8.3,6.7,2.5,2.6,2.6,19,2,99,75
2.13,0.8,55,5,6.4,3.6,0,2.8,20,5.5,78,75
2.65,0.5,66,6.1,4.8,1.1,1.8,2.5,4,3.4,82,76
4,3.8,100,8.7,4.7,4.2,3.1,6.2,17,4,100,100
3.34,2.7,83,7.3,7.8,3.6,1.7,2.1,12,3.3,100,91
3.42,2.7,77,7.2,5.4,3.4,0,1.8,24,4.7,86,99
4,4.5,100,9.6,6.9,3.8,0,1.3,13,1.2,100,100
4,5.3,98,7.3,4.4,2.3,0.3,2.3,8,2.9,100,99
3.67,3.1,87,6.2,5.3,3,0,3.4,15,2.8,100,94
3.28,3,95,6.7,5.6,2.8,0,4.3,4,3.2,95,100
3.65,4.3,100,5.6,5.9,2.8,0,1.5,17,0.3,100,93
3.29,1.5,87,8.5,4.8,1.8,1.2,3.7,10,2.8,93,96
3.96,3.8,95,7.7,3.9,0.9,0.8,4.2,11,3.7,100,100
4,4.3,100,8.3,3.3,2.3,1.3,1.1,13,2.7,100,100
4,4.5,100,8.5,8,2.2,2.2,3.1,10,3.1,100,100
3.34,0.6,77,6.5,5,1.7,0,2.8,20,4.3,87,89
3.62,2.4,91,5.9,7.6,4.1,3.6,3.1,11,6.4,87,100
3.32,2.2,78,6.9,3.6,1,2.7,1.9,15,5.4,96,91
3.3,3.6,95,6,4.5,2.5,0,2.7,15,5.1,100,97
4,4.2,96,7.2,7.7,4.5,1.9,3.1,12,8.1,100,99
4,5.7,100,8.4,7.5,4.2,0.8,6.7,8,4,100,100
3.44,2.8,98,6.8,9.2,4.6,1.7,3.1,1,5.8,88,92
3.94,2.8,100,7.2,7.4,1.9,2,5.7,18,4.3,100,100
4,5.2,100,6.9,8.8,4,0.8,5.8,7,1.3,100,87
4,3.9,96,8,2.1,1.2,1.1,0.4,22,4.5,94,100
4,5.4,100,6.2,4.8,2.4,0.7,2.4,9,4.5,100,96
3.45,3.9,97,4.4,5.9,2.5,1.8,5.8,18,1.7,88,92
3.11,1.8,74,7.6,4.4,1.9,1.3,3.4,13,1.5,93,80
3.61,1.5,80,8.2,5.2,2.3,1.9,2.8,20,4.3,94,90
3.27,1.2,73,7.5,2.5,2.1,1.1,4.5,14,2.1,92,98
4,4.5,92,6.2,5.4,1.3,0,5.1,14,6.3,100,99
3.88,5.3,100,5.6,4.8,4.1,1.3,2.9,6,4.2,100,92
4,6.3,100,7.6,3.6,2.5,2.3,2.4,16,2.8,100,100
3.95,4.8,100,7.2,4.9,3.1,2.8,0,17,5.7,100,100
4,5.2,100,6.8,5.9,3,0,3.1,13,1.6,100,98
4,2.6,88,9.2,4,2.9,1.5,2.2,18,5.6,100,100
3.52,1.8,74,5.9,4.6,2.9,2.9,1,14,7,98,76
3.97,4.8,100,9.1,6.7,2.3,0.8,2.6,18,4.1,100,92
3.73,4.1,89,7,7.8,4.9,3.1,2.2,13,2.7,100,98
3.13,3.7,83,4.8,7.4,3.9,0,3.3,18,6,89,77
4,4.1,100,6.8,4.3,2.8,0.2,2.4,13,6.3,100,100
3.77,4,92,8.2,5,2.1,0,3.9,22,3.4,100,91
4,5.4,100,6.6,5.4,2.6,1.6,3.3,10,3.2,100,93
3.68,5.4,97,5.2,5.4,3.4,1,5.5,12,4.2,100,99
3.37,4.3,88,6.8,7.9,5,3,1.9,9,1.8,100,95
3.9,4.8,100,6,1.4,0.7,2.7,6.6,10,7.6,100,100
3.8,4.3,100,7.6,7.3,3.8,0.9,5.1,9,4.8,100,100
3.51,2.8,88,7.9,7,4.5,2.4,6,22,1.1,91,95
4,4.6,100,5.7,3.3,0.6,0.4,3.5,22,0,100,100
2.83,1.4,83,6.2,6.5,2.5,2.6,2.4,11,0,80,78
4,5.1,100,7.9,4.7,1.2,0,1.9,19,6,100,91
2.97,1.7,76,6,6,3.4,4.9,6.5,11,2.6,86,74
3.47,3.9,99,5.7,4,2.3,2.2,5.2,14,0.2,97,100
3.43,2.2,80,5.6,7.2,2.6,3.7,1,20,2.4,100,85
3.92,4.3,100,7.4,3.6,2.2,2.5,5,11,5.4,100,94
3.66,3.4,99,7.4,7.7,3.9,0.5,1.3,7,6.4,100,96
3.39,1.1,78,6.2,4.2,3.1,0,3.6,14,4.3,86,84
3.92,4.1,87,7,7.2,3.1,0.5,4.7,8,0.3,99,92
4,2.6,86,8.8,7.2,3,2.4,5.9,12,5.9,100,94
3.75,4.8,100,5.8,4.4,3.7,0,3.5,14,2.5,100,100
3.35,3.5,72,4.7,5.9,2.4,4,2.7,15,8.8,100,96
3.5,4.1,95,7.5,8.8,5.4,1.2,3.1,15,1.8,100,88
3.76,2.1,89,6.9,4.7,0.9,4.5,5.1,14,4.4,100,82
3.55,2.6,100,6.1,3.6,0.2,0.7,4.6,16,2.7,100,99
3.72,2.8,98,7.8,1.9,0.1,2.3,3,20,5.9,100,86
4,4.8,100,8,2.7,0,2.2,0,16,3.4,100,98
4,6,100,4.4,8.8,3.8,0,0,17,3.8,100,100
3.85,2.3,79,6.2,5.3,3.6,2,3.5,8,4.6,99,100
4,5.1,100,9.8,8,4.6,2.2,0.6,13,0,100,89
3,0.5,77,7.7,5.6,1.2,2.5,1.9,14,5.6,88,90
3.42,1.7,85,7.8,5.7,3.9,3.2,2.5,24,5.7,84,78
3.52,2.1,78,8.4,4.2,2.9,0,7.2,1,3.1,99,88
2.73,1.5,85,7,4.5,3,2.2,3.2,16,5.8,78,85
3.08,1.1,72,8,7.2,3.7,0,4.4,15,3.3,83,78
4,4.1,100,7.9,3.2,1.7,0.2,4,16,1.2,100,100
3.08,3.2,72,7.6,9.5,6.7,0.1,0,5,0,92,82
3.71,4.1,86,6.6,9.4,4.8,1.8,2.2,13,6,100,94
3.96,4.5,86,7.2,4.9,2,2.4,0.6,21,0.3,100,97
4,3.9,100,6.3,3.3,1.2,1.1,6.5,6,3.1,100,100
3.75,4.5,90,7,5.9,2.7,1.4,0,16,3.9,100,100
3.51,3.4,95,5.6,6,3.1,0,2.2,9,2.4,100,91
2.9,1.7,81,6.1,7.9,4.4,1.9,2.5,20,2.7,90,80
4,5.1,100,6.7,5.9,1,0.9,1,16,0,98,100
3.23,2.6,90,5.9,6.7,3.2,0.1,3.2,14,3.3,93,87
3.47,2.1,78,6.4,5.9,0.5,0,2.9,8,5.5,100,91
3.79,3.2,82,6.8,7,3.5,0.2,3.3,11,1.5,89,100
3.09,2.1,72,7.5,4.7,2.6,1.2,4,10,4.1,80,88
3.33,2.9,90,8.1,11.4,5.7,2.2,3.5,8,4.8,100,90
3.92,4,84,6.4,3.4,0.5,0.2,3.8,11,4.6,100,89
4,4,99,8.6,6.6,4.9,1,5.2,2,3.6,100,85
3.49,2.2,90,8.1,6,0.2,3.4,0,16,2,99,92
3.88,2.8,100,7.6,2.9,0.8,3,4.4,10,0,99,100
4,5.1,100,7.2,2.4,0.3,0.8,0.9,8,7.3,98,100
3.68,4.2,100,7.4,5.5,3.2,0.9,1.7,5,0.6,99,100
4,6.6,100,8.4,4.2,1,3.9,3.2,14,2.2,100,95
3.65,5.3,100,8.5,4.9,0.8,1.7,3.8,22,3.4,100,98
4,5.2,100,8.6,2.9,3.1,1.1,4.1,10,2.4,100,100
3.04,1.4,80,7,7.6,3.5,1.4,1.1,19,6.5,89,88
4,4.6,100,7.7,5.2,2.9,0.3,6.3,15,5.3,95,100
3.23,3.4,88,8.6,5.1,2.6,0,2.2,11,3.1,100,91
2.97,2.7,85,6.3,10.6,5.5,1.1,1.6,22,1.7,91,78
3.95,3.8,100,6.6,6.3,3,3.1,0.5,3,2.9,100,93
4,4.9,92,7,7.5,4,1.2,0.3,13,4.5,100,100
4,4.3,100,8.1,5.9,3,1.2,0.2,10,5.9,100,100
3.95,2.2,75,8.1,5.1,1.2,2.3,3.6,14,0,100,94
4,4.6,86,6.7,8.5,3.6,1.7,4.2,6,4.6,100,93
3.4,2.5,84,5.2,1.8,1.8,0,1.3,16,0.9,100,93
4,3.8,100,7.3,7,2.7,1.9,0.7,4,6.6,94,100
4,3,100,5.9,8.2,3.3,0,2.6,15,6.4,100,100
3.7,3.2,90,5.2,3.6,0,3.1,3.2,9,3.6,100,82
3.84,4.6,95,5.5,2.6,0.4,2.2,3.5,14,4,100,96
3.23,1.9,87,7.4,5.8,4.2,2.1,1.1,8,5.9,76,92
4,6.4,100,8.6,7.6,1.8,4.2,2.7,8,3.9,100,97
2.86,0.8,73,7,3.8,1.9,0.1,6.1,20,2.7,93,89
3.41,2.6,81,7.3,7.8,3,2.4,0.6,21,3.1,95,96
3.81,4.1,100,8.4,5.7,2.2,1.7,2.9,6,4.4,100,90
3.65,4.4,100,5.1,8.9,3.4,2.2,4,13,2,99,100
3.35,3.3,72,7.6,5.3,2.7,0.9,1.1,16,4.3,100,84
3.56,3.4,94,7,4.2,3.1,2.2,4.2,12,6,100,99
3.89,4.1,100,7.7,4.7,1.7,1.4,0.3,12,5.3,100,100
3.89,3.2,89,6.4,4.3,3.1,2.8,4.3,16,9.4,100,94
3.81,5.6,100,6,10.7,4.5,1.9,3.1,15,3.1,100,100
4,4.8,100,7.2,5.7,1.9,2.7,0.2,10,5.9,100,100
4,4.8,100,9,8.1,4.2,0.6,4.4,15,1.6,100,100
3.07,2.1,69,8,6.6,2.7,0.9,1.2,11,4.8,88,90
3.37,3.4,82,6.4,6.1,3.9,0,2.7,10,6.3,93,85
3.53,3,99,5.4,5.8,3,3.2,4.3,8,4.1,100,100
2.59,2,69,5,5.8,2.7,3.8,1.1,8,2.2,88,79
4,4,99,8.6,8.6,3.3,0.5,1.9,13,1.4,100,100
3.23,2.7,76,5.9,6.2,4.6,1.8,5.3,4,3.3,94,95
4,4.5,100,6.6,5.3,3.2,3.3,0,4,6.4,100,98
3.43,1.9,82,8.6,6.1,3.5,1.7,5.8,11,0.6,91,81
4,6.1,100,5.1,4.4,2.2,1.7,0.1,12,3.5,100,91
3.18,2.2,86,8.8,6.4,5.2,0.4,1.6,7,4.2,100,84
3.15,3.8,89,6.7,3.6,3.8,1.6,3.6,21,1,86,98
3.9,4.7,80,5.6,3.7,2.9,0.2,4.2,8,6,100,100
3.79,2.6,79,6.7,6.9,2.6,3.4,3.6,9,4.9,86,100
3.33,4.8,88,6.1,7.3,4.3,0,3.1,8,5.7,100,88
3.39,1.7,73,7.5,5.9,1.9,0,2.1,17,6.9,95,89
4,5.7,100,6.2,2.4,0.1,1.8,6.1,20,5.2,96,97
3.35,3.5,100,4.7,5.8,2.9,0,4.5,7,6.7,90,83
3.51,2.6,63,6.7,9.5,4.6,0,5.4,16,2.1,96,83
3.2,3.1,70,5.4,10.1,5.2,4.9,2.2,13,4.4,77,80
4,4.7,100,7.2,6.7,2.6,2.3,0,8,4.4,100,88
2.83,2.6,82,5.6,6.1,2.9,1.2,5,13,0,93,83
3.7,2.4,86,6.4,7.2,3.6,2.2,3.7,5,7.1,100,95
3.49,3.2,92,7.2,5.8,2.4,2,3.4,11,4.9,94,91
3.27,1.7,89,6.7,6.4,3.6,0.6,1.9,7,3,100,89
4,6.2,100,7.3,5.2,2.7,1.1,2.3,10,5.5,100,99
3.54,2.7,93,7.8,8.6,4.3,1.1,1.8,12,5.4,99,86
4,4.7,100,5.6,5.3,3.9,1,3.1,19,5.8,100,100
3.72,3.8,83,6.9,8.8,4,0.9,0.7,12,3.9,100,84
3.54,2,81,3.5,5.2,2.5,2.5,4.5,7,3.8,100,83
3.14,3.5,93,7.3,7.1,5.7,1.2,7.1,12,8.3,100,100
3.93,4.7,96,6.6,5.8,3.5,2.7,1.8,2,5.2,100,98
3.76,3.2,85,5.8,5.2,3.2,0.5,0,16,3.3,100,79
4,5.3,100,7.4,4,1.7,2.1,2.8,8,4.1,100,100
3.82,5,99,8.4,5,2.7,0,3.6,21,4.4,100,100
4,4.9,90,6.4,5.2,3,2.1,3.9,17,0.4,100,94
3.69,2.8,100,5.9,4.2,1.6,2.6,6.2,13,1.1,100,100
3.18,1.9,92,7.2,5.3,2.4,0,4.6,11,4.2,86,83
3.23,2.6,84,5.4,6.5,2.6,1.8,0,10,9,80,83
3.67,3.8,81,6.2,5.6,2.9,2.5,0.5,10,3.9,100,88
4,4.3,100,8.5,3.6,0.2,1.1,3.8,12,3.1,100,100
2.79,0.5,70,7.1,5.6,2.6,2.6,2.1,10,2.5,84,91
3.79,3.5,88,4.7,5.8,2.2,0.6,6,15,8.1,100,95
3.47,3.7,100,4.8,5.9,2.8,1.9,1.1,19,5.8,87,98
3.88,3.1,100,7.2,6.6,4.4,1.6,4.9,13,2.9,100,100
4,5.4,83,8,7.8,5.9,1.7,1.7,18,1.3,96,86
3.16,4.1,94,5.1,7.1,3.8,2.9,3.5,5,6.1,100,75
4,5.5,100,7.5,5.4,0.9,1.6,1.3,14,6.4,100,100
4,3.2,98,8.6,5,2.3,0.9,4.1,12,4.2,91,100
4,4.9,100,9.3,5.9,3.7,3.8,5.1,5,2.7,100,94
4,6,100,7.4,6.2,3.5,3.7,3.5,11,5.6,100,93
4,5.5,96,7.6,6.6,4.3,4.1,6.8,16,4.8,100,97
3.27,1.9,85,4.4,4.9,2.7,3,1.6,1,0.7,77,88
4,3.1,100,9.5,3.6,2.3,2.4,3.2,11,4.1,94,96
3.13,3,96,6.3,8.1,5.4,3.3,4.7,10,5.8,100,89
3.28,4.2,89,5.9,6.2,2.9,0.7,1.1,13,3.8,96,76
3.85,4.5,100,6.7,3,1.3,0.5,3.1,17,2.9,100,90
3.74,2.2,99,8.8,6.9,5,0,4.3,15,0.4,92,100
4,3.6,98,9.6,2.5,0.6,0.6,4.9,17,2.6,100,100
3.06,0.5,70,7.2,1.3,0,1.2,5.3,18,3.3,79,75
4,5.7,100,8.2,5.9,4,0,1.3,10,3.2,100,100
3.41,2.7,94,7.1,7,4.2,1.5,3.6,1,7.1,98,96
3.65,3.6,85,5.8,4.8,3.4,0.2,0.4,15,2.9,100,85
4,3,100,8.8,3.6,0.8,0,1.6,7,0.1,100,96
3.89,5.2,96,6.3,4.9,2.7,0,2.7,13,4.4,100,100
2.89,0.5,82,8.8,4.3,2.4,0,5.3,5,1.8,97,89
4,3.5,92,8.6,5.5,2,0.7,4.1,8,4,100,100
3.64,3.3,85,7.7,7.1,4.9,3.1,3.1,15,2.9,96,91
3.91,2.8,100,9.2,3.6,1.2,0,3.9,10,2.2,99,84
4,6.1,100,9.7,7.9,3.3,4.4,4,4,0,100,100
2.91,2.2,68,6.8,6.5,4.6,2.4,3.7,5,2.9,79,84
3.81,4.7,92,6,8.3,3.4,1.4,1.8,18,6.9,100,100
3.48,4,94,4.8,7.3,4.7,0.4,1.1,10,3.5,100,100
4,5.4,100,9.7,5.2,3.6,1,2.6,10,3.8,100,85
3.21,2.5,90,6.5,5.7,3.4,0.3,1.4,9,7,83,100
3.8,2.4,82,8.4,6.5,3.4,1.1,4.2,4,6.8,98,95
4,5.1,92,6.1,8.2,3.7,0.8,6.1,11,2.8,100,97
3.88,4.1,95,8.8,6.2,2.2,2.4,4.1,18,3.9,100,85
3.08,1.2,73,6.2,3.9,0.8,0,0,8,5.2,100,83
3.41,2.7,81,5.6,8.7,4.2,1.9,1.7,3,2.6,88,90
3.62,4.1,84,6.7,5.2,4.5,1.3,3,16,3.4,86,100
4,4.8,100,6.4,6.5,3.2,1,0.1,12,4.3,100,93
3.69,2.5,93,7.7,5.4,2,0,3.1,13,2.9,98,94
3.06,0.5,69,6.9,3.9,0.5,0.8,3.9,14,6,88,81
3.59,4.3,98,7.8,4,2.9,1.4,5.8,3,5,100,91
2.82,1.7,77,6.7,2.6,0.8,2,6.6,11,5.3,98,80
2.68,0.5,74,6.2,3.4,0.6,2.1,0.6,13,6,70,68
2.72,0.5,64,6.3,7.1,2.8,2.6,2.8,12,5.8,81,80
4,4.7,100,9.5,7,1.7,1.4,2.8,12,4.8,100,95
3.81,3.7,81,7.3,5.5,3.3,1.4,1.6,18,2.7,80,97
3.25,3.2,76,4.6,4,2.6,1.2,3.2,14,6.5,100,96
4,5.6,100,6.4,5.9,1.9,2.2,2.8,15,2,100,96
4,4.5,100,7.1,6.3,0.2,1.5,4.2,11,2.3,100,97
4,5.9,100,9.2,5.8,1.5,2.5,5.7,1,4.5,100,100
3.59,1.4,90,8.2,3.7,1.6,2.7,3.3,10,5.5,85,92
3.55,3.4,97,5.9,7.4,1,2.6,2,12,5.5,100,100
3.35,1.1,76,9.9,6.1,2.3,0.9,0.9,11,7.2,91,96
3.74,3.2,100,7,3.2,1.1,0,7.1,12,3.9,100,100
4,3.1,99,8.5,7.9,2.6,1.7,4.8,13,5.1,98,95
3.81,4.4,100,5.6,5.2,3.2,1.8,3.8,17,6.3,100,93
3.48,3.6,91,4.1,3.9,1.6,0,2.7,8,2.2,100,99
3.56,4.4,100,5.3,7.3,3.4,3.4,6.2,11,3.9,100,94
3.85,4.6,76,3.5,3.8,0.8,2.1,2.7,20,2.9,100,93
4,6.7,100,9.5,4.1,1.1,3.4,0,4,6.1,100,99
4,3,83,7.3,5.6,2.6,1.7,3.5,11,6.5,92,100
3.07,2.1,85,5.9,8.1,3.8,1.8,0.5,1,3.5,81,90
3.41,3.9,88,7.5,4.3,4.1,2,3.5,11,5.4,100,82
3.49,2.3,88,7.2,8.5,5.2,0.9,5.7,13,4.2,89,85
4,5.7,100,7.7,4.9,2.2,0,0,3,4.1,100,100
3.62,3.1,89,8.5,4.7,2.6,0,1.2,13,3.5,99,100
3.36,2.7,92,6.7,3.4,1.3,4.5,4.7,9,6.1,100,100
3.98,2.8,88,5.9,1,0.9,1.2,2,17,6.3,95,90
4,4.6,100,8,5.1,3.1,0,3.8,14,5.7,100,100
4,3.3,100,8,6.1,1.6,3.8,3.8,9,4,100,100
3.03,2.5,80,7.1,8.6,4.6,3.2,4.8,11,5.3,81,80
4,6,100,9.6,3.4,0.6,3,1.7,20,6.4,100,90
3.24,2.2,86,6.5,4.8,3.5,0,0,11,6.2,85,97
3.74,3.6,100,5.9,5.3,1.3,3.2,3.8,5,4.7,99,97
4,4.5,90,7.5,6.2,1.6,0,0,6,1.8,100,100
2.2,1.1,73,6.2,7.8,3.6,1.3,4.9,11,3.4,84,82
4,4.2,94,7.6,3.6,1.8,1.3,2.9,18,7.2,100,98
3.48,1.9,90,6,4,2,2.2,2.4,10,1.7,95,87
3.99,4.7,100,6.5,6.6,1.6,1.7,4.4,7,6.8,100,100
3.39,2.1,76,9.3,7,5.5,0.8,0,12,3.8,95,94
4,4.5,90,6.5,5.5,1.9,3.7,2.6,14,3.3,100,93
3.96,5.2,100,6,3.8,2.9,3.7,3.9,15,0,100,100
4,4.8,97,8.4,5.1,2.5,2,3.5,3,4.6,100,100
3.51,3.9,99,5.7,6.8,3.1,1.3,2,14,5.5,97,94
3.22,3.2,90,6.2,4.9,1.9,3.5,2,13,2.4,100,91
3.66,2.6,100,7.7,6.1,2.5,2.9,6.1,10,1.2,100,97
4,5.7,100,8.1,4.9,3.4,0,4.8,18,5.5,100,100
3.9,2.5,100,8.5,3.5,1.5,4.4,1.7,14,5.6,100,93
3.31,1.9,80,6.1,8,4.4,0.3,5.7,8,6,91,85
3.93,4.5,90,7.7,8.4,4.6,0.9,4.5,14,3.9,100,100
3.02,2.3,70,6.4,7,3.7,0,4,3,5.7,83,90
3.14,2.1,86,6.3,7,2.9,0.8,4.1,10,4.6,87,83
3.81,1.3,91,8.4,1,0,3,0.7,10,4,100,96
3.59,2.8,87,6.3,5.8,3.4,1.5,6,15,7.3,79,100
3.75,3.4,83,7.3,7.4,2.2,1.8,4.9,27,2.5,90,90
3.88,3.9,91,7.2,6.9,2.4,0.4,3.5,11,3.5,100,96
4,4.9,100,5.7,3.8,0,2.4,3.5,19,4.4,100,100
3.8,4.3,95,8.2,6.3,3.5,0,2.8,19,2.5,100,95
3.74,3.2,90,7.7,4.8,0.6,1.1,1.9,5,5.4,100,100
3.04,3.2,78,4.6,6.5,3,1.3,4.1,19,5.9,93,90
4,4.3,95,7.3,5.4,4.2,1.1,1.4,8,4.8,100,100
4,5.4,100,6.1,6.3,2.1,1.8,3.3,12,4,100,95
3.67,3.7,87,8.3,6.6,4.6,0,3.2,23,6,91,92
3.58,2.8,87,5.3,5.6,1.7,2.7,3.8,15,5.3,90,84
3.2,2,82,6.6,4.8,3.7,0.1,4.9,9,6.1,76,84
3.32,1.3,85,7.4,5.7,0.8,4,3.8,14,3.4,85,87
4,4.5,89,7.1,7,4.3,2,4.4,4,7,100,85
4,4.4,96,7.9,5.8,4.1,2.3,0,17,7,100,100
3.74,4.4,94,5.2,5.7,3.5,0.6,3.9,9,4.2,100,93
3.85,3.3,98,9,4.8,2.2,0.9,3.2,1,2.2,100,93
4,5.6,100,7.6,3.7,0.7,3.2,3.7,10,2.3,100,97
3.62,2.8,90,8.6,6.8,2.2,0,1.9,9,4.3,100,98
3.98,4.9,100,8,7.6,4.5,1.5,5.3,14,2.3,100,90
3.58,3.4,87,7,3.4,3,1.5,3.5,6,2.1,100,95
3.26,2.6,91,5.5,2,0.5,2.1,1.5,14,2.5,100,91
4,4.4,100,6.3,7.4,1.1,1.8,1.9,9,8.3,100,100
4,4.1,93,8.9,7.9,4.7,2.1,4.8,12,4.2,100,100
3.84,4,100,8.7,7.6,3.5,0.8,2.8,17,4.2,100,100
4,3.6,94,6.3,3.5,0.9,4.8,3,17,5.3,96,90
3.35,3.4,89,3.6,2,0.2,1.5,2.6,18,1.4,100,86
4,7.1,100,6.7,4.3,1.9,2.9,5,8,2.5,100,100
4,5.3,100,6.7,3.2,0,2.9,4,13,4.1,100,100
4,4.6,100,6.7,5,2.6,0,0.6,14,4.9,100,100
3.89,3.7,97,7.6,11.8,6.5,0,1,18,2,100,98
4,5,100,8.1,2.7,0.4,0.4,3,10,5.2,100,87
4,4.3,94,8.2,4.2,2.5,0.8,1.7,5,3.8,100,96
3.39,3.5,86,7.5,8.8,4.8,1.9,0,16,5.3,88,97
3.64,3,77,4.8,8,3.9,1.9,1.5,19,5.9,100,100
3.22,3.4,100,6.6,5.6,2.6,0.5,2.4,14,5.4,97,95
3.5,0.5,97,9.8,4.9,2.6,0,2.2,7,7.2,89,88
4,3.8,100,7.4,1.8,1.1,3.6,4.4,23,4.3,100,100
4,2.8,100,7.4,6.9,2.4,2.6,0,13,4.3,94,100
4,5.9,100,7.4,7.2,3.2,2.4,1.5,9,2.3,100,100
3.2,3.5,93,7.5,7,4.5,2.1,4.6,17,6.1,96,92
2.81,1.7,72,4.1,5,1.9,2.3,1.7,20,2.4,94,76
3.86,3.4,97,6.7,5.2,2.5,0,0.6,4,3.5,98,100
3.21,1.9,92,7,6.4,1.4,0,1.6,15,5.1,100,83
4,4.2,100,8.5,4.9,3.1,2.3,3.9,18,4.1,100,98
3.58,3.9,94,7.1,6.3,4,0,2.5,11,4.5,87,100
3.74,4.9,98,5,5.8,3.7,2.1,1.6,13,4.9,90,100
3.49,2.3,89,7.5,4.4,1,2.5,4,11,4.3,100,88
3.66,3.6,87,6,6.1,3,3.8,3.7,20,4,84,90
3.4,1.5,85,5.5,5,1.8,1.1,0.5,6,5,96,88
3.51,4.6,80,6,6.2,4.3,0.1,3.2,11,6.5,95,91
3.9,4.3,87,7.7,7.4,2.6,2.9,0.4,23,3.7,99,91
4,4.2,100,8.5,3,0.5,1.2,5.3,9,2.1,100,96
3.9,3.5,85,7.6,6.9,2.5,0,5.5,4,5.3,100,89
3.46,4.1,100,7.8,10.3,3.5,0,2.4,12,5.8,97,85
4,5.9,100,7.6,5.2,3.2,2.3,5.1,17,4.2,100,98
3.5,3.1,99,7.1,5.4,2,2.5,1.5,12,4.3,100,93
3.78,3.7,100,7.8,4.7,1.9,1.5,2.7,10,1.5,100,97
2.93,1.9,79,4.1,6.7,1.3,1.4,1.8,15,6.6,83,81
3.16,2.2,88,7.1,4.9,2.2,1.5,3,24,2.6,96,79
3.24,3.6,100,5.7,4.8,1.5,1.3,3.1,11,3.8,90,87
3.97,5.2,100,8.4,7.6,4.3,0,3,22,1.4,100,95
3.71,3.1,76,6.8,4.3,1.4,1,2.8,14,5.4,100,82
3.52,3.1,86,7,6.9,3,1.3,3.3,8,4.1,96,96
3.25,2.9,89,5.2,6,2.9,2.8,5.5,20,4.4,96,85
3.5,2.7,89,8.2,7.8,4.2,0.5,0,10,2.2,100,92
3.73,3.9,86,7.8,7.7,4.4,0.9,6.8,4,2.3,100,89
3.53,1.3,63,7.7,6.1,3.8,2.1,2.3,13,8.7,98,84
4,5.4,100,6,6,3.3,0.6,2.8,10,4.3,100,97
3.39,2.5,81,6.1,4.9,1.2,0.6,5.7,21,7.6,93,86
4,4.6,100,7.3,4.9,1.2,0,4.2,14,3.1,100,98
3.43,1.6,82,6.2,6,1.5,3.2,4.1,9,2.4,85,92
4,4.5,97,7.5,9.1,3.9,2.1,5.5,16,4.1,100,100
3.92,4.5,87,4.4,5.3,2.9,2.6,2.7,12,3.5,99,89
4,4.1,93,6.4,7.3,4.1,0.8,4.8,14,3.6,100,85
3.33,2,79,9.2,7.1,4.3,3.9,0.5,1,1.5,96,95
3.77,3.9,100,7.5,3.4,1.7,1.9,3.8,6,8.1,100,98
3.5,1.7,82,7.2,6.5,2.8,2.3,4.1,13,3.7,95,93
3.9,3.1,100,9.4,6.7,2.8,1.9,5.3,6,8.8,100,94
3.83,5,88,4.2,4,2.3,1.7,4.4,9,2.7,100,100
4,4.7,98,6,4.6,2,1.7,3.4,17,5.3,100,100
3.77,3.5,86,6.5,7,4.6,0.5,2.4,15,4.8,100,92
3.14,2,78,8,4.1,2.9,2,2.3,18,3.5,82,78
4,4.5,99,8.1,5.8,2.8,1.9,2.4,12,5.8,100,100
3.7,3.5,89,6,3.2,1.6,1,0.4,9,2.5,100,85
2.62,0.5,64,8.2,7,3.8,1.1,6.5,19,4.1,72,94
4,4.7,100,6.5,4.6,1.3,1.6,5,12,0,100,100
4,3.5,94,8.5,7,3.5,0.2,3.5,7,6.2,100,95
4,5.3,100,5.8,7,3.5,1.7,4.6,20,3,100,100
3.61,1.9,91,6.9,7,2.2,2.8,4.5,12,4.3,92,87
2.73,0.5,81,6.4,5.3,3.3,0,1,17,4.1,92,91
4,3.9,90,8.3,5.2,3.1,3,4.3,13,2.1,100,92
3.86,3.9,100,6.4,6.5,2.7,0.5,5.5,17,5.7,100,90
2.91,1,75,6.9,5.6,2.8,1.4,1.6,15,6.4,90,75
3.65,2,100,7.6,7.3,2.9,2.7,0,10,7.6,100,99
4,7.6,100,7.7,6.7,3,1.1,0.7,10,4.1,100,100
3.46,3,82,8.1,8.2,2.9,2.2,2.8,16,7.3,100,92
4,4.6,100,7.3,4,1.1,0.3,0.6,13,6.2,100,96
3.58,2.5,95,6.5,3.8,2.6,2.1,2.7,12,3.5,83,93
2.05,0.5,60,6.6,6.6,3.2,2.5,1.7,10,0,66,74
3.54,3.2,97,7,5.8,2.9,0.8,3,11,6.1,93,100
3.56,3.1,100,7.3,7.8,4.2,1.7,2,4,3.2,89,93
3.45,2.9,90,6.8,7.5,3.7,1.8,2.9,15,5,100,95
3.88,3.3,86,7,3.9,1.5,1.2,4.2,9,2.8,100,100
3.61,3.9,100,5.2,4.4,2.6,0.7,1.1,13,2.5,100,100
3.58,3.3,99,7.8,5.1,2.3,1.1,3.6,12,6.8,100,92
3.33,1.6,78,7.2,2.9,2.8,1.4,1.3,13,0,95,89
3.79,4.2,97,8.2,5.9,2.8,1.5,3,12,1.9,100,100
2.72,0.6,76,7,6.2,3.7,1.9,2.8,14,0,82,71
2.3,0.5,60,4.9,7.1,3.1,1.7,3.7,8,4.1,88,70
3.64,4.6,98,6.6,5.2,4.6,1,3.4,12,1.9,100,98
3.53,4.3,100,6.8,6.2,3.2,1,5.5,12,1.6,100,100
3.8,3.4,100,7.9,6.5,1.6,2.3,2.9,8,2.8,100,100
2.97,1.4,70,4.5,5.9,2.1,1.8,1.7,7,4.4,82,75
3.15,2.4,71,7,7.9,3.7,1.7,4.9,9,5.3,92,78
3.24,3.1,90,7.6,3.8,0.4,1.2,3.7,13,5.5,88,100
2.79,1.1,85,6.2,1.8,0.8,0.1,4.8,7,7,85,77
3.06,2.4,79,7.1,6,2.8,1.3,2.8,17,2.6,87,77
3.68,4.5,100,6.2,7.7,4.2,1.6,0.4,9,4.9,100,84
3.56,5.6,96,6.1,6.5,4.8,0.6,7.5,12,2.7,100,91
3.54,2.9,84,6.5,5.3,2.5,5.3,1.8,15,3.1,100,100
4,4.6,94,6.1,3.9,4.4,2.8,0.7,5,4.1,100,100
3.35,0.6,82,7.8,5.5,2.9,1.5,4.4,19,3.5,81,90
4,4.5,90,6.1,3,0.5,2.2,1.1,8,5.9,100,100
3.46,2.3,85,5.9,7.5,2.8,1.6,2.2,19,4,97,100
4,4,100,9.1,4.2,1.9,1.3,3.2,15,5.4,100,96
3.7,3.1,82,8.2,6.9,4.2,3.7,2.7,3,0.3,97,82
3.72,5.5,100,4.8,5.7,2.8,1.8,2.3,11,3.8,100,88
3.83,2.2,84,6.1,3.2,0.9,0.2,6.2,8,8.2,100,89
4,4.4,95,7.3,4.5,0.6,1.8,2.8,20,2.4,100,98
3.42,3.1,90,7.4,3.4,2.8,1.6,1.2,13,6.3,100,100
3.71,3.3,85,5.2,4.4,0,1.4,5,2,5.9,100,100
3.68,3.2,90,8.4,5,2,2,1.6,18,5.6,100,89
3.43,2.2,92,8,7.7,3.1,1.2,2.8,15,5.3,89,97
4,3.5,95,7.6,1,1.2,0,1.2,14,0,100,100
3.2,3.4,99,8.6,4.4,4.3,2.2,3.4,12,4.5,99,82
3.79,3.9,92,7.5,7.2,4.6,0.9,3.1,5,1.1,100,93
3.76,3.6,90,7.5,4.9,1.3,1.3,2.9,20,2.7,100,82
4,4.7,100,8.9,4.7,2.4,1.3,3.3,11,2.1,100,100
3.76,4.9,100,8.3,8,4.3,2.3,4.6,19,3.4,100,96
3.03,1.9,70,6,7,2.8,2.3,4.4,12,4.3,84,84
4,4.8,100,7.8,4.5,0.7,0.7,0.9,11,7.7,100,100
3.47,1.7,91,6.2,5.7,2.6,2.3,1.7,3,5.1,94,100
4,4.4,100,7.6,4.6,1.5,0.5,4.8,8,3.3,100,100
3.87,4.4,98,7.6,6.8,4.5,3.5,1.4,19,2.8,100,100
2.57,0.6,83,5.3,6.6,3.7,0,4,16,7,86,82
3.82,3.6,99,6.9,4.1,2.3,2.3,4.7,15,4.9,100,97
3.7,2.8,90,7.3,5.1,3,1.7,0,15,9.1,100,100
3.62,2.4,100,6.5,4.4,0.8,2.5,2.2,12,2.7,100,93
4,5.5,100,7.4,4.1,1.7,1,4.6,10,6,100,90
3.7,2.5,72,8,7.2,5.1,3.5,2.7,8,2.9,95,78
3.05,2.3,80,7,6.4,2.9,1.1,2.2,10,3.6,85,93
3.78,3.6,96,7.3,7.7,4.2,2.9,4.7,13,5.4,94,96
3.92,4.5,100,8.7,5.8,3.1,0,5.2,8,4.5,95,100
3.32,3.3,79,7.6,7.6,4.8,1.3,1.6,12,2.7,99,80
4,5.2,100,7.2,3.5,0,3.1,6.5,12,4.4,100,98
3.96,4.3,94,5.9,6.7,2.5,1.8,0,11,2.9,93,100
2.71,0.5,74,7.8,8.5,5.3,5,0,4,7.9,86,95
3.74,2.7,81,7.4,5.8,4.2,4.2,2.1,7,4.4,95,89
2.95,2.7,68,8.5,7.5,4.8,0,2.3,11,5.8,84,91
3.92,4.2,84,7.1,5.3,2.8,5.6,2.4,1,4.8,100,95
2.87,0.5,60,4.8,3.7,2,2.6,1.9,17,3.4,71,78
4,7.3,100,5,4.9,1.3,2.2,1.5,18,5.1,100,100
4,4.3,100,7.9,4.9,1.2,0,2.6,16,3.5,100,100
3.5,3.7,86,6.3,7.9,4,2.8,1.8,13,2.5,100,93
3.83,5.3,100,7.5,5.4,3.6,3,4.4,6,4,95,82
4,7,100,7.1,5.9,2.7,1,3.1,14,3.9,100,95
4,4.8,100,6.8,6.6,3.6,3.5,2.6,19,5.6,100,96
3.83,4.9,100,6.9,6.4,3,0,2.9,6,0.9,100,100
3.45,3.7,89,6,7.4,4.2,1.6,5.2,25,0,100,82
3.19,3.3,93,7,7.2,4.2,3.4,2,16,5.6,100,91
3.54,2.8,96,6.3,4,1.2,0.6,0.5,7,2.7,91,95
3.46,2.3,82,6.6,7.5,3.2,1,1,7,0,100,94
3.07,2.5,76,6.6,2.3,0.3,0.8,2.5,9,0,91,94
2.72,1.5,80,6.7,5.8,3,1,4,12,5.5,89,74
3.96,3.4,87,8.1,8,3.7,1.4,4.8,10,3.6,97,95
3.32,1,86,6.8,2.8,0.8,1,6.3,1,6,90,87
3.81,3.8,100,8.2,4.3,2.2,4.8,4.5,5,3.6,100,96
3.95,3.4,94,8.8,6.7,2.8,0.7,1.2,12,1.8,99,95
3.57,3.7,97,8,4.5,3.2,1.2,2.6,13,5.5,94,96
3.59,2.7,95,7.6,6.2,2.4,0.3,0,17,4.8,100,100
4,8.1,100,7.4,3.4,1,0,2.4,9,2.1,100,93
3.85,5.5,100,8,6.2,2.7,2.1,1.8,13,2.1,100,93
3.49,1.6,72,7.1,1.8,0.3,3.5,0,12,5.1,87,84
3.77,3.8,100,8.2,6.9,2.5,4.1,7.2,8,3.2,100,100
3.97,2.6,100,7.7,3.6,2.1,2.5,2.2,15,3.1,100,97
3.27,2,83,6.6,6.5,2.6,1.5,0,14,5.1,98,87
3.16,1.5,77,8.1,3.6,2,3.3,2.5,24,3.1,89,100
3.76,4.1,100,7.1,5.7,0.5,1.4,6.3,17,3.8,100,94
3.37,2.5,77,6.9,5.2,2.3,3.2,6.8,4,2.1,100,82
4,5,96,6.4,9.5,4.2,0.7,3.1,17,2.7,100,86
4,5,97,7.2,6.7,4.7,3.7,3.2,5,7.8,100,100
4,5.6,98,8.2,9,6.5,1.3,5.5,19,3.5,100,100
3.13,2.2,83,8.1,9.8,5.3,3.3,2.7,11,4.9,100,87
4,4.2,100,7.4,2.3,1,3.8,3.9,14,5.1,100,95
3.92,4.4,100,7.7,4.4,2.2,1.8,4.7,19,6,100,100
4,2.8,98,8.5,6.4,2.8,1.6,0.8,14,4.4,100,98
3.31,2.3,87,6.8,4.5,2.7,3.3,6.1,16,4.3,83,96
4,5.9,100,5.7,6.5,2.9,2.5,1.2,9,5.9,100,90
2.97,3.8,90,8.6,9.6,6.4,3.2,1.7,7,0.8,100,88
4,4.5,100,6.4,2.4,1.2,2.6,3.2,12,8.4,100,94
3.4,2.3,82,6.2,5.9,1.7,2,4.9,15,3.3,100,87
3.26,1.7,75,4.8,6.8,5.3,2.6,4.4,11,6.2,94,80
3.43,2.6,73,7.7,5.8,1.9,1.8,2.9,20,1.6,94,93
3.72,3.3,87,5.1,6.6,3.4,0.1,3.6,15,5.2,100,87
3.03,1.9,79,6.1,6.9,4.4,2.1,5.1,10,6,87,97
4,3.5,98,7.7,5.2,3.5,0.9,3,11,4.7,100,100
3.09,1,85,7.9,6.5,3.1,0.5,1.4,9,1.2,78,81
2.77,1.8,75,6.2,6.2,4.2,1.1,1.8,14,4.8,90,79
4,4.5,100,6.8,5.9,1.5,0,4.8,10,7.2,100,100
3.88,4.4,100,6,6.6,2.1,0,1.4,13,6.4,100,100
3.3,2.9,88,6.3,8.6,3.6,2.4,0,20,3.5,100,98
3.49,2,77,7.3,3.3,0,0.8,2.4,14,3.2,88,71
3.13,2,86,6.4,7.4,4.9,1.9,2.8,12,3.2,100,87
3.71,2.9,88,6.7,5.9,3.3,1.3,4.7,11,4.5,95,88
3.92,4.5,94,5.2,5.6,3,2.8,0.1,19,0,100,86
4,4.9,100,8.4,3.7,0.4,0.9,3.7,14,1.6,100,100
3.78,2.8,73,7.6,4.4,0.9,0,5.3,16,8.2,100,92
3.18,1.8,99,8,6.7,2.2,2.6,1.4,9,3.4,83,88
3.51,3.9,99,8.5,7,4,0,3.2,5,1.1,100,100
3.45,2.3,79,6,1.3,0,1.8,0,18,6.2,80,94
3.11,2.7,74,6.6,6.5,4,1.8,4.7,17,8.8,91,82
3.98,5.5,100,4.7,7.2,2.3,2.3,4.6,7,6.6,98,100
4,4.7,100,10,3.6,2.5,4.6,3,16,4.9,100,100
3.77,3.7,98,6.8,7.1,3.2,1,0.3,19,0.2,100,94
3.25,1.6,87,8.2,5.7,3.2,2.1,4.3,10,5.4,100,92
3.95,3.8,87,5.5,3.6,1.7,2.3,2.5,12,3.1,100,100
3.95,5.1,100,8.2,7.2,3.7,1.6,0,22,3.3,100,94
4,2.9,100,9.2,4.9,0,0.4,4.6,18,0.9,100,100
4,5.5,100,6.9,5.5,2.1,0,5.3,8,1.8,100,100
3.92,5.4,100,5.8,5.7,3,0.6,5.7,9,5.6,100,100
4,6,100,6.8,3.7,2.3,0,0.4,11,5,100,86
3.21,4,98,4.3,3,0.1,0,0,13,5.1,84,84
4,4.4,92,7,5.3,3.9,1.6,2.2,15,2.4,100,92
4,5.6,100,8,3.5,0.9,0,4,6,3.7,100,95
4,4.2,99,7,5.6,2.7,2.3,1.1,9,3.9,100,100
3.25,2.7,81,6.7,3.2,3,0,0,3,2.1,88,100
3.29,2.8,93,7.6,7.5,2.8,2.6,4.4,16,6.4,100,83
3.82,3.9,96,7.7,6.1,4.6,0.2,2.3,12,3.8,94,93
3.05,1.6,88,5,5.5,2.7,2.4,4.2,11,3.8,93,97
3.76,3.3,92,7.1,7,3.4,1.8,3,10,2.4,100,98
4,5.1,100,9.9,7.3,2.7,2.2,2.7,11,6.2,100,100
2.09,0.5,62,5.4,5.7,3.7,1,2.9,14,1.9,65,72
4,5.8,93,6.9,4.9,4.9,0.9,2.3,6,3.4,100,97
3.56,5.2,100,9.3,7.3,3,3.8,2.1,8,4.3,100,100
4,2.8,98,8.3,5.5,4,0.2,0.8,7,0.9,100,96
3.67,4.3,90,6.4,8.4,5,0.5,4,1,2.9,94,89
3.18,3.5,74,7.2,8.3,4.8,0,5.5,21,5.3,100,87
3.72,5.3,100,7,1.3,2.2,0.6,2,15,7.7,100,92
4,5,100,6.1,5.5,4.4,0,6.7,8,8.8,100,100
3.14,1.4,76,6.9,5.6,3.2,3.7,3.8,13,2,94,89
3.75,4.4,100,6.7,4.4,4.5,2.4,3.5,6,4.5,100,100
3.47,3.2,89,7.1,5.1,3.7,0.7,4.3,15,5.9,100,81
3.8,3.6,93,6.1,6.3,3.2,2.5,5,24,4.1,94,100
2.44,2.4,68,5.5,6.4,3.5,0,2.1,17,5.4,88,74
4,6.1,100,7,6.6,3.2,0.1,4.1,2,0.1,100,100
4,5.1,93,9.1,6.7,3.2,2.4,5.1,4,2.9,100,96
3.51,2.4,100,7.1,3.6,2.6,0,2.2,5,0.8,98,94
3.45,1.5,93,6.6,3.9,2.4,0.7,3,10,2.4,93,100
2.88,2.9,65,7.9,9.3,5.4,2.7,1.5,12,0,89,70
3.83,4.2,100,6.8,8.3,3.5,2,2,19,0.7,100,91
4,3.9,100,9.2,3.7,1.9,0,2.3,5,3.7,100,89
4,5.4,100,7,5.7,2.4,1,1.2,12,4.1,100,100
3.72,4.7,88,7.8,8.4,4.4,0.7,2.9,1,7.1,100,98
4,5,100,6.1,5,1.7,0.6,3.7,7,5.2,100,100
4,4,93,7.6,3.3,0.6,0.7,3.9,5,0.7,100,99
3.04,1.4,77,7.3,2.9,0.7,3.1,1.4,1,2.4,95,77
4,3.2,100,6.9,5.6,0.2,0.5,1.8,16,6.9,100,100
4,5.1,100,6.4,4,0.9,3,4.7,9,3.5,100,98
3.43,3.4,100,6.2,4.5,1,2.6,1.8,13,1.3,100,87
3.73,4.3,91,7.3,8.3,4.9,2.8,4.6,5,4,100,97
3.5,3,86,7.8,4.7,2.7,2.2,1.5,18,4.9,100,94
3.65,2,70,6.8,5.4,2.3,2.2,3.8,7,7.1,88,92
4,3.3,100,7.3,3.2,0.6,1.8,4.5,18,5.3,100,100
3.79,4,100,7,5.2,2.6,0.8,0,17,5.6,100,96
3.38,2.5,100,7.1,3.6,0.2,3.6,4.7,13,0,85,99
3.96,3.1,91,6.8,4.1,2.2,1,5.6,14,0,100,93
3.17,2.1,81,7,7.5,5.9,1.4,2.4,7,2.8,88,94
4,5.2,100,10,7.4,3.8,2.4,3.7,4,5.5,100,100
3.32,3.1,99,7.4,4.9,2.5,2.1,1.3,13,4.9,100,100
4,5.7,100,7.8,6.4,3.8,0,3.7,13,5.9,100,100
4,5.8,100,7.5,2.7,2,1.3,7.9,10,4.8,100,100
3.55,3.4,90,6.7,5.8,1.6,1.2,0,8,5.3,91,100
3.1,2,78,8.6,9,5.4,3.2,2,8,5.8,98,86
2.36,0.5,74,6.7,4.9,1.1,2.1,4.6,5,5.6,74,68
3.3,1.3,87,8.3,5.8,2.3,3.8,5.5,17,3.5,100,96
3.38,1.4,76,6.6,4.5,3.3,1.4,0.2,9,2.5,83,81
4,5.6,100,5.8,4.7,1.4,1.4,1.7,7,1,100,100
3.7,3.7,86,7.4,6.1,3.8,1.4,1.8,15,4.6,100,82
3.55,4.1,86,5.7,4.1,2.3,2.1,1.7,9,5.5,90,100
2.37,0.5,70,7.6,7.4,3.8,5.1,2.8,9,4.7,71,92
3.2,1.7,84,5.6,8.7,3.7,1.6,0.1,18,5.3,100,91
4,4.8,100,6.6,7.2,2.4,0.3,2.5,6,5,100,96
3.55,3.9,92,5.3,9.1,5.4,1.9,1.1,7,6.1,100,94
3.58,3.3,91,10,4.8,1.8,0.6,2.9,3,3.1,100,99
3.55,4.3,81,5,7.5,4.8,0.8,1.6,12,4.3,94,96
4,6,100,7,6.5,4.6,1.8,2.7,9,3.2,100,93
3.39,3.2,98,8.4,8.2,5.5,3.9,0.9,21,5.5,100,100
3.33,3.6,100,8.2,7.2,3.1,1.1,4.9,9,2.7,89,87
4,3.8,94,8,6.8,1.6,1.9,2.3,15,1.7,100,92
3.55,7.1,100,6.6,7.9,5.9,1.5,3,8,3.2,100,91
3.3,0.5,60,8.6,2.9,2.3,2.4,2.7,16,5.4,84,87
4,4.5,100,8.1,4,1.6,0,3,19,0.4,100,100
4,3.3,94,7.3,6.6,2.5,1.1,3,9,2.5,100,97
3.84,4.4,100,7.3,6.8,1.3,1.3,4.6,11,3.9,100,100
3.42,2.5,88,6.6,8.2,3.6,1.8,2.4,11,3.7,100,90
3.17,3.4,90,5.9,6.4,1.9,2.5,1.6,13,1.9,99,89
4,4.6,92,8.5,4.4,2.4,3.3,3.1,17,2.2,100,95
4,8.2,100,8.6,6.3,4.3,1.6,1.8,9,3.6,100,100
3.97,4.7,99,5.9,5.1,3.7,3.5,2.9,17,5.9,100,94
3.62,2.2,91,6.8,5,2.8,2.5,0.9,13,6,100,92
3.2,2.9,99,6.8,7.2,3.1,3,5.1,20,2.9,100,95
3.61,2.8,81,7,7.7,2.8,2.1,1.4,14,4.2,86,100
3.6,0.8,89,7.1,5.6,2.2,1.9,5.4,5,0.8,86,78
3.47,3,88,8.1,5.5,2.8,3.3,2.9,16,4.8,93,93
3.97,4.6,93,6.1,5.2,3.5,2.1,4.7,12,3.4,91,99
3.21,1.6,75,6,5.5,2.6,2.2,1.5,11,3.8,100,80
3.87,5.1,90,8.5,6.6,3.4,0.3,0,15,7.8,100,91
3.9,4.2,96,6.4,2.7,1.5,1.5,0,8,4.3,100,90
4,2.4,94,5.5,6,1.9,1.1,8,11,4.4,100,100
3.93,3.3,96,6.4,4.2,1.7,2.7,1.8,9,1.9,100,86
4,5.9,100,6.6,6,2,2.2,5.2,15,4.1,100,92
3.98,4.6,100,8.9,7.7,4.7,2.3,0.4,10,0.1,100,94
3.87,3.5,100,8.1,7.3,3.9,1.2,3.4,13,4.3,100,94
3.86,3.1,89,8.4,3.4,1.2,1,3.7,13,5.4,94,95
4,3.6,100,8,6.1,3.5,1.9,8.7,14,4.2,100,95
3.42,2.7,91,8.1,6,2.2,3.1,2.4,10,5.8,100,91
2.48,0.5,66,6.2,4.6,1.8,0.3,1.6,18,1.1,75,69
4,6.6,100,6.8,2.3,0.6,0.9,3.7,17,3.5,100,88
3.94,3.7,90,5.8,7.4,4.3,4.1,1.2,21,5.9,100,98
3.45,4.1,94,6.7,4.3,0.8,0.2,3.8,7,2.6,100,100
3.7,3.4,85,7.8,7.3,2.7,3,2.9,13,5.5,100,94
3.42,2.4,85,7.2,5.8,1.4,0,1.5,4,6.3,89,90
3.76,3.2,88,8.6,6.9,4,0.7,4,6,2,90,94
2.85,1.1,84,5.6,4.6,2.3,2.6,3.2,16,3.5,88,82
4,6.9,100,7.6,5.3,2.6,0.8,4.5,11,1.5,100,100
2.98,1.6,74,5.5,5,2.6,1,6.3,7,3.1,76,94
3.83,2,91,7.1,6.9,3.3,0,2,16,3.2,98,100
3.57,2.8,100,7.9,7,2.8,0.3,2.2,14,3.4,98,100
4,5.4,99,6.7,7.2,2.7,0,0.3,1,4.8,100,100
3.77,3.5,86,7.7,4.5,2,0,4,18,3.9,100,97
3.27,1.6,86,5.8,2.8,0.4,2.4,1.7,12,4.6,76,88
3.75,5.4,100,5,3.6,1.1,0,3.7,9,4.8,100,99
4,4.6,95,7.7,4.6,3.9,1.9,5.3,5,3.6,100,100
3.93,4.3,100,9.1,3.9,2.3,1.4,1.6,14,5,100,100
4,4.6,98,5.8,4.8,1.8,0.1,2.1,10,2.7,100,100
4,7.1,100,8.5,4.2,0.7,0,5,11,5.9,100,100
4,6.8,100,7.1,3.8,0.2,2.3,4.4,12,2.8,100,94
3.17,2.5,86,5.4,3.8,1.7,2.4,4.2,15,2.8,95,100
4,5.9,100,5.6,6.5,4.1,3,2.2,13,3.5,100,98
3.72,4.1,100,7,4.7,2,1.3,0.1,20,2.3,100,100
3.82,4.2,90,6.5,5.9,3.4,0.9,1.6,3,4.2,98,94
2.91,1,66,5.4,5.7,1.9,0,1,9,3.3,95,86
3.22,3.2,81,5,5.2,3.8,1.5,4.2,17,5.7,100,87
3.04,2.3,85,6,3.9,2.3,0,3.6,22,0.8,88,89
4,4.7,100,7.2,3.6,1,0.8,1.8,18,2,100,100
4,5.1,93,7,3.8,2.4,1.1,2.1,15,2.8,100,97
2.23,0.5,65,6.4,6.3,5.6,0.2,4,16,3,84,69
3.43,3.5,98,7.2,6.7,5.5,3.3,2.4,16,4.1,100,98
3.91,5.2,100,8.2,6.2,3.5,4.7,1.8,9,7.9,100,100
3.83,3.2,100,7.5,6.4,2.6,3.4,7,15,3.2,100,95
4,4.6,87,6.9,7.1,3.3,3.3,1.9,7,2.3,100,95
4,4,96,8.1,8.2,3.3,2.1,4.3,13,6.4,100,100
3.44,4,95,5.8,5.8,2.7,2.7,3.8,10,1.9,100,95
3.57,3.1,93,6.7,6.8,3.5,2.5,0,14,6.7,100,95
3.31,1.7,72,6.8,5.8,3.1,1,1.6,9,5,92,100
3.32,1.8,82,5.5,5.1,2.3,3.1,4.6,12,4.2,94,78
4,4.6,100,6.5,6.5,1,0.8,2.7,7,9.3,100,94
3.1,3.5,89,4.5,5.4,2.1,3,0.1,10,2.5,96,93
4,3.3,97,9.3,7.4,4,2.6,3.8,18,1.7,100,97
3.63,2.9,89,5.9,4.4,2.8,1.3,1.8,3,0,96,89
3.47,3,87,8.9,6.8,3.3,0,3.9,12,3.5,93,78
4,5.1,100,7,6.2,2.4,2.5,8.4,19,2.7,100,93
3.3,3,84,7.7,5.5,1.2,0.3,3.8,16,3,97,84
3.38,1.5,67,6.4,6.2,2.4,2.1,4.2,12,6.1,84,86
4,4.6,100,7.2,4.1,1.3,1.9,2.5,16,4.7,100,100
3.72,3.2,80,7.8,4,1.2,1.7,0.8,8,2.5,100,95
3.68,3.5,89,7.8,7.5,4.6,1.8,5,16,6.4,100,100
3.97,5.9,100,7.9,5.3,2.2,1.2,1.8,18,4.8,100,98
4,3.5,94,6.6,6.2,1.7,0.4,2.5,13,6,90,100
3.81,3.9,100,6.4,9.5,5.2,2.2,6.6,17,2.3,100,97
2.54,1.7,78,5.1,7.9,4,4.1,2.3,7,3.8,71,73
3.66,3.2,91,7.6,7.6,2.2,2.8,5.4,6,3.2,99,100
4,4.4,100,8.3,3.2,3.4,2.4,3.8,16,4.8,100,93
3.19,1.2,71,8.9,4.8,2.4,0.9,1.9,24,7.8,96,92
3.82,3.8,100,7.4,4.8,1.8,5.1,3.7,12,1.7,100,98
3.98,3.7,87,6.1,5.7,3.5,2.2,1.6,16,6.1,100,100
3.98,3.6,99,5,4.2,2.3,1.9,4.8,1,4.8,100,98
4,5.1,100,8.3,3.8,2.9,2.5,5.5,15,3.4,100,100
3.56,4,94,4.8,6.9,4.3,0.2,3.1,10,5.1,100,100
4,5.7,100,6.6,8.3,4.2,1.8,5.7,22,1.6,100,100
3.7,2,74,6.7,5.9,2,2.6,3.3,16,5,100,98
3.15,3.7,83,6.9,5.6,3.5,1.6,4.8,12,1.9,100,88
4,3.6,83,7,4.4,1.1,0,8.9,9,4,100,100
3.3,1.9,78,7.2,8.1,3.5,2.5,8,18,0,91,86
3.5,4.9,92,4.1,4.2,3,1.2,2.6,19,3.7,96,92
4,7,100,7,6.2,3.4,3.1,3.6,8,4.2,100,100
3.22,3.5,80,4.3,5.7,2.4,1.5,0.9,18,4.6,92,91
3.55,4.3,100,7.9,8.9,5.9,0.4,4.6,17,1.8,100,92
3.98,3.6,87,6.3,5.4,1.4,1.8,3.8,13,4,92,98
3.35,2.4,70,4.4,5.5,4.3,1.7,1.5,16,3.5,87,89
2.37,0.8,63,6,3.1,1.3,2.7,5.4,15,4.9,72,87
3.7,2.4,82,6.3,7.4,3.6,2.1,2.5,7,5.2,83,87
3.11,1.4,77,8.4,4.7,3.7,0.6,2,14,5,85,90
4,6.1,100,7.2,6.9,2.9,2.2,3.8,11,4.3,100,100
3.5,3.3,97,7.4,5.6,2.1,2.7,2.1,7,2.9,100,92
3.85,3,100,8.4,6.9,3,0.5,2.9,8,6.9,100,100
4,4.8,92,6.9,5.6,3.2,1.8,6.5,4,2.5,100,94
2.81,1.8,78,7.9,9.1,5.5,0.1,1.8,3,6.5,94,92
3.88,2.3,96,7.8,3.1,1.5,3.4,4.4,9,0,100,100
3.8,3.6,83,5.5,4.5,2,2.8,1.8,18,1.8,100,100
4,5,100,8.8,6.2,3.2,0.9,1.1,6,3.2,100,99
3.6,4.3,100,5.3,4.3,2.4,0.8,2.8,6,6.2,97,96
3.97,3.9,98,8.1,5.9,2.6,1.4,8.4,22,2.3,100,97
3.8,3.6,78,5.2,6,4.4,1.4,4.6,7,5.6,96,98
4,4.1,96,7.7,3.3,0,1.2,3.9,12,4.1,100,100
4,3.8,100,9.2,7,1.9,1.4,2,15,4.6,100,99
3.05,2,92,6.7,1.7,0.2,0.1,2.2,11,3.1,75,97
3.68,3.6,82,6.7,4,1,0.1,0,12,3.6,100,93
2.84,1.9,68,7.7,7.5,6.4,0.1,6.6,8,3,94,87
3.35,3.6,92,6.6,5.7,3.7,1.8,3.5,9,6.4,100,90
3.37,2.8,78,9.2,8,4.2,2.9,3.4,14,5,83,89
4,7.3,100,7.2,5.2,2.7,4.3,3.4,6,2.1,100,93
3.32,3.4,93,6.6,7.8,3.9,3.6,7.2,19,7.1,100,93
3.19,1.4,81,6.4,3.6,0.2,0.5,3.6,3,4.4,86,95
3.56,3.3,80,5.9,7.3,4.4,3.1,2.6,13,4,98,100
3.8,4.3,100,6.2,3.4,1.6,1.7,6.6,7,2.4,100,90
4,6,100,6.6,5.8,2,2.2,2.7,14,4.5,100,90
3.14,2.6,76,6.4,7,3.6,3.6,0,7,2.9,92,89
2.62,1.1,76,6.2,4.5,3.3,3.2,0,15,2.1,99,77
4,4.7,100,9.5,4.7,2.9,0.7,2.6,16,1.1,100,100
3.33,1.4,84,5.8,1,0.8,1.1,3.6,17,4.5,96,89
2.92,2.8,90,7.2,4.3,2.9,1.4,4.6,10,2.7,84,85
3.04,3.1,90,7.7,6.8,4.2,1.7,1.2,20,6,93,87
3.65,3.4,94,7.8,3.7,2,2,2.5,12,6.5,100,100
3.65,4.5,93,6.9,6.8,4.8,3.5,1.4,12,2,100,94
3.74,2.5,94,6.7,6.2,1.5,1.4,5.2,15,5.6,98,93
3.64,3.1,90,7.5,7,2.8,1,5.6,4,6.7,100,88
3.44,3.5,93,7.3,7.3,5.1,1.7,6.9,11,6.3,99,98
3.88,3.7,100,6.7,5.8,1.8,0.8,3.7,14,7.3,100,100
3.27,3.6,79,5.1,8.9,4.4,3.5,6.7,9,2.3,99,83
3.36,4.2,88,6.4,9.5,5.8,0,1.6,12,4.2,98,85
3.71,4.8,98,5.6,6.5,3.1,0,3.4,20,0.5,100,99
4,4.1,98,6.2,6.3,2,0.4,0.9,8,6,96,100
3.75,4.2,100,7,5.5,1.6,0,4.1,16,4.6,100,95
2.67,1.1,74,7.4,6.3,4.8,1.9,3.6,9,4.8,90,73
3.82,3.6,94,9.1,7.5,4.7,0,0,12,2.3,100,95
3.99,4.2,89,6.4,7.3,5,4.2,5.2,15,3.3,100,94
4,4.6,100,7.9,7.2,2.8,1.8,4.7,16,1.9,100,100
3.4,2.5,86,7.4,6.7,4.4,1.1,1.9,14,1.2,98,81
4,2.5,88,8.6,4.8,2.7,0,3.6,16,4.4,89,100
3.76,2.6,87,7.7,5.7,1.5,1.7,0,11,5.2,100,92
3.32,4.3,95,5.8,7.8,4.5,3.8,1.5,10,2.2,100,94
4,5.1,95,4.9,10.8,5.3,0,6.3,17,5.1,100,100
3.72,2.9,80,7.4,3.3,1.3,2.5,0.7,3,5.2,100,83
4,4.9,97,6.4,3.6,1.2,0.4,3,10,0.6,100,100
3.42,3.7,100,5.8,7.2,2.9,3,0.2,11,1.9,100,95
3.49,3.3,89,5.5,5.7,4.2,0.5,3.7,13,6.4,91,92
3.56,3.2,89,7.2,5.7,1.1,3.5,4.1,17,6.5,94,92
4,4.6,100,8.8,4.7,3.1,2.3,4.4,13,5.4,100,100
3.77,4,90,6.5,5.6,1.9,0.2,3.9,11,4.4,100,93
4,6.9,100,7.7,4.7,3.9,0.3,5.9,16,3.6,100,100
3.21,2.2,94,6.9,4.7,1.6,1.2,1.9,13,3,100,87
3.41,4.3,92,5.5,5.4,4,0.1,0.9,13,1.6,100,93
3.81,2.7,96,7.9,7.9,2.6,0,1.8,20,6.3,97,99
3.31,2.2,97,5.7,3.1,1.4,3.1,0.3,17,3.6,99,95
3.58,3.5,90,7,4.9,2.9,0,3.2,25,2.4,100,96
3.83,3.7,89,6.6,3.6,0,3.6,2.7,2,1.3,100,89
4,7.9,100,8.1,4.3,2,0.9,4,18,4.2,100,86
2.95,3.2,81,5.7,7.1,3.3,2.1,0,19,4.5,100,86
2.99,1.8,87,7.5,2.2,0.1,4.5,3,9,1.7,87,100
4,3.9,100,6,2.1,0,2.4,5.4,11,1,100,98
3.45,0.5,91,6.4,3,0,0.7,4.1,12,3.1,87,87
3.53,3.4,84,3.5,6.3,4.8,3.8,0,10,6.4,89,80
3.55,3.5,94,9.5,6.2,2.7,0,3,10,6,100,85
4,4.7,100,7.7,6.1,2,1.8,1.5,29,3,100,100
3.9,5,100,6.1,7.9,4.2,3.2,3,12,4.6,100,87
2.97,2.7,96,5.7,6,2.2,0.9,2.2,15,2.5,95,95
3.65,3.3,82,6.4,3.9,3.2,0.1,6.5,14,5.2,100,82
3.43,2.4,97,7.9,5.2,2.8,0,3.2,12,3.2,100,100
3.62,1.8,96,4.7,4.8,2.1,1.4,3.6,6,6.2,99,100
3.55,4,100,6.8,7.9,3.2,0,2.9,17,3.9,99,88
3.72,1.6,93,9.1,6.3,4,0,3.9,12,1.3,76,84
2.97,2.9,83,5.6,2.7,2.5,0.7,2.6,4,0.5,79,91
3.37,2,98,7.1,3.9,2.1,0.9,4.5,13,1.5,94,98
4,4.3,100,9.6,4.5,2.3,1.9,2.2,14,5.9,100,99
4,6.2,100,7.8,1,0,1.1,5.8,18,1.3,100,100
2.54,1.5,75,7.2,7.4,3.2,0.6,4,5,3.4,82,78
3.15,0.7,73,7.6,2.1,1,3.1,2.7,11,6.8,84,77
3.84,3.3,89,6.5,7.2,3.7,2,4.7,9,5.9,100,100
3.78,3.5,87,8.6,4.4,2.7,3.9,4,8,2.2,100,99
3.63,3.8,88,6.5,7.8,3,1.5,4.7,13,1.3,100,90
2.53,2.8,73,4.6,6.6,3.9,0,3.2,10,5.9,82,72
3.78,3.2,100,6.5,3.8,1.4,0.6,2.5,15,9.1,100,97
3.7,4.1,100,5.8,7,3.4,0,3.3,8,3.3,100,90
3.87,5.1,100,6.7,5,3.2,1.7,2,11,1.9,100,87
2.78,0.6,72,6.7,6.2,2.5,1.7,5,13,6.3,92,83
3.68,2.9,95,8.4,3.8,1.4,0,5.9,14,6.1,100,96
3.94,3.8,100,7.8,6,3.7,1.2,4.2,13,2.5,94,100
3.22,2.1,71,7.3,6.8,3.9,2.1,5.8,12,3.3,90,88
4,6.1,100,7,4.7,3,0.2,5.3,9,5,100,100
3.28,2.5,74,5.7,4,1.2,5.7,2.5,20,3.9,96,93
3.76,3.4,95,4.4,5.4,2,0.8,4.7,13,8.1,100,98
4,4.3,92,7.1,2.9,2.7,1.2,0.4,6,0.4,100,100
3.46,2.6,95,8,8.1,3.8,0.6,3.4,2,6.6,89,95
2.74,0.7,74,6.9,4.4,0.4,0,0.6,18,3.7,66,75
3.57,2.9,89,6.4,2.8,2,0.5,2.8,6,1.9,100,93
4,5,100,7.6,2.8,2.2,0.8,0.1,13,5.6,100,100
3.98,3,91,6.9,6.7,2.7,2,5.2,6,3.5,100,100
3.74,2.2,88,9,4.7,0.8,1.6,2.2,13,5.9,100,98
4,4.9,100,8.5,6.2,2.5,0,4.8,14,6.2,100,93
3.75,3,91,8.2,3.6,2.3,2.1,2.8,16,3.5,100,94
3.8,2.7,95,7.9,6.4,1.2,1.6,0,12,1.1,100,100
3.67,3.7,93,5.5,4.7,2.6,3.1,2,12,7.4,100,87
4,4.7,96,7.8,5.3,2,4.1,1.9,7,3.2,100,97
4,7.1,100,7.5,6.8,3.5,2.3,3,11,2.1,100,97
4,4.7,100,7.7,6.4,1.5,2.4,6,12,2.1,100,100
4,5.2,100,7.6,6.1,2.9,0.5,6.3,12,5.1,100,96
3.65,2.7,97,7.5,5.1,1.6,1.3,2.5,11,8,100,100
3.74,2,78,10,4.8,1.9,0,0.5,7,6.3,94,91
3.77,3.6,91,6.9,4.8,3.2,0.9,1.5,6,0.8,100,95
3.59,3.7,100,8.1,3.4,3.2,2.2,4,20,5.2,93,98
2.94,1.9,79,6.4,5.2,2.2,3.6,2.8,15,4.8,87,84
3.5,3.2,92,7.9,3.7,2.4,1.2,0,24,4.3,89,98
4,4.1,100,8.1,4,0.6,1.1,2,14,0.8,100,86
3.96,4,90,7.4,8.1,4.9,0.9,5.6,15,4.9,100,88
4,4.3,100,9,6.9,3.8,0.3,3.6,7,7.8,100,99
3.46,3.9,92,5.9,5.5,3.8,0.2,3.1,19,3.5,100,97
3.26,2.7,89,6.4,4.6,0.4,0.4,2.2,3,3.5,100,94
3.88,2.7,82,7.3,5.5,1.9,3.1,2.1,15,3.6,100,100
3.37,1.7,87,8.1,3.9,2.3,1.2,4.1,13,2.2,82,85
4,6.2,99,7.2,5.5,0,0,3.3,19,1.3,100,91
3.66,3.5,95,8.5,6.8,4.1,0.2,4.5,11,3.8,100,96
2.95,3.2,85,6.2,6.4,5,0,4.1,12,3.2,100,80
3.16,2.1,68,5.6,8,5.9,1,3,2,2.4,100,91
4,7.9,100,7.4,2.4,1.2,0.6,3.8,3,3.9,100,93
3.13,1.9,84,6.9,7.6,3,1.7,1.8,14,4.3,86,79
3,2.9,84,7.7,9.1,4.8,2.5,2.9,18,5.3,98,93
4,4.1,99,7,6.3,2.4,0.5,5.7,13,5.5,100,100
4,4.4,86,6.6,5.6,1.9,1.2,3,11,0,100,96
4,4.9,100,6.9,4.5,0,2.9,2.6,14,4.5,100,100
4,6.2,100,7,7.2,4.5,0.6,3.4,13,5.9,100,91
4,4.3,96,6.6,6.3,2.8,0,0.7,15,4.2,100,96
2.99,1.9,76,6.8,3.7,1.7,2,3.4,7,3.3,94,90
3.19,3.1,92,6.5,6,3.2,3,6.4,13,6.6,84,96
3.8,4,96,8,6.5,3,2.9,1.4,7,5.3,100,98
4,6.6,100,7.2,2.4,3.1,0.6,3.5,18,5.2,100,92
3.4,1.4,84,9.7,4.8,2.5,0.1,3,7,5.3,74,97
3.86,5.3,84,7.2,8.4,5.2,1.2,2.9,11,3.4,100,88
3.21,3.8,75,6.3,5.5,2.6,1.5,2.9,15,5.1,96,81
4,4.8,98,10,7.7,5.2,1.5,4.4,5,2.9,100,98
3.66,3.3,95,7.5,7.3,3.6,0.7,0.8,8,5,98,86
3.39,2.2,81,8.2,5.5,3.3,3,4.4,23,8.7,86,70
4,4.6,100,7.7,4.1,2.6,3.2,3.1,17,5.7,100,100
3.74,4.5,93,7.7,8.7,4.3,0,0,14,5.1,92,94
3.95,5,100,7.6,7.3,3,0.3,3.8,15,0.5,100,96
3.9,3.5,92,5.7,3.7,1.4,1.2,3.2,3,6.1,100,91
3.98,2.6,92,7.4,4.3,1.4,1.4,1.3,15,1.7,100,100
3.16,1.2,65,5.4,7.4,3.4,2.1,3.3,22,0.9,78,76
3.89,4.7,100,6.8,4.5,1.4,1,0.4,10,7.9,100,100
3.44,4.1,99,6.1,6.3,2.7,1.2,1.6,21,4.5,100,91
3.21,2.1,80,7.4,8,4.4,0,3.1,10,4.6,97,93
3.52,2.7,65,7.4,5.9,3.3,3.1,0,13,5.9,100,94
3.77,2.8,95,7.6,5.3,1.7,0,0.7,5,8.1,100,94
2.88,1.3,79,7.3,6.7,4.9,0,1,14,3.3,82,85
3.44,2.3,87,6.3,7.1,3.6,0,3.2,13,4.9,97,82
3.78,1.8,86,6.7,7.2,4.3,0.4,3.9,11,4.6,96,95
3.65,2.9,98,8.1,2.6,0,2.8,1.2,8,5.3,100,100
3.88,2.4,100,8.3,4.8,3.3,2.8,1.1,13,3.5,100,97
2.69,1.1,73,5.6,7.3,4.1,0.8,3.3,9,4.2,75,81
3.68,6.5,87,5.2,8.4,5.4,0,3.2,18,6.2,100,100
4,5.4,100,6.1,2.6,0.6,1.9,1.6,13,2.4,100,97
3.36,2.3,92,8.3,5.7,4.6,1.1,6.7,10,5.8,95,93
3.37,3.9,83,8.5,6.3,5.3,2.6,3.4,17,2.9,100,100
3.97,4.1,98,5.9,2.7,0,0,2.7,10,5,100,99
4,5.3,100,7.4,6.9,3.5,1.1,2.2,17,3.5,100,98
3.54,2.3,83,9.2,8.9,3.7,2.4,5,13,5.9,100,87
4,5.1,100,7.5,5.2,2.3,2.7,4.1,2,3.7,100,100
3.59,2.7,98,8.7,3.1,2.1,3.3,0,15,5.2,100,100
3.31,1.5,69,8.2,6.6,3.8,3.3,1.6,12,3.6,96,100
4,4.6,100,5.9,6.4,1.9,1.3,2.1,15,1.8,100,100
3.81,5.4,99,6.8,4.7,2.5,2.7,3,13,4.4,100,100
4,7.4,100,7,8.3,4,2.8,4.3,13,2.7,100,100
3.44,1.7,77,7.1,8.6,5.4,0,0.9,12,1.6,82,96
4,4.5,100,8.1,7.4,3.6,2.3,2.8,26,1.7,100,91
3.73,2.9,92,7.5,8.2,3,1.2,6.4,15,2.7,100,89
3.57,4.7,91,3.5,2.8,2,2.3,3.1,3,5.2,100,100
3.34,1.3,87,5.4,5.4,1.3,2.1,1.6,4,3.4,94,74
2.89,1.6,76,4.4,7.4,4.5,2.9,0.3,14,2.2,93,77
3.29,2.3,70,7.2,4.5,2.6,2.3,2,9,4.1,100,95
4,3.6,98,7.3,7.4,4.5,1.1,0.8,17,5.2,100,90
3.94,2.5,88,7.3,7.3,2.3,1.8,2.2,14,4.4,99,99
3.65,4.5,99,5.8,6.4,1.8,0.4,4.1,14,4.3,100,87
4,5,100,7.8,4,3.4,3.2,3.1,7,5,100,88
4,4.4,100,7.9,4.8,2.7,2.7,2,15,0.8,100,100
4,5.9,100,5.5,5.1,1,0,0,13,1.5,100,100
3.53,4.1,98,5.2,8.5,5.5,1.9,4.7,7,5.1,100,90
2.87,1.7,83,7,4.9,1.9,3.5,2.3,7,1.9,77,75
4,5.5,100,9.2,5.3,4.2,2.5,3.2,20,2.8,100,100
3.53,2.6,94,9,6.2,4.1,2.1,1.2,15,8.2,99,100
4,4.9,100,7.7,2.3,0.9,2.3,2.2,10,3,100,100
4,5.9,100,6.1,2.3,1.3,1.7,1.8,9,4.3,100,98
4,4.2,93,8.1,3.8,2.3,0.5,0.3,12,6,100,100
3.22,1.3,74,6.5,3.4,1.5,1,1.2,13,1.8,87,92
2.37,2.1,66,6.1,7.5,5.4,0.6,3,5,1.3,82,79
3.61,5.5,100,4.4,4.5,2.5,2,3.6,11,5.1,100,90
3.67,3.2,75,7.1,8.3,4.1,3.2,1.6,2,6.9,100,94
3.95,3.6,100,6.2,5.5,3.6,2.9,0.6,12,4.2,100,98
4,4.6,100,7.1,7.9,3.2,0,2.3,19,4.1,100,100
3.14,4.5,87,4.2,5.3,2.9,0.4,4.6,5,6.7,90,80
3.83,3.9,82,7.2,8.2,4.7,0.7,1.1,11,4.8,100,87
3,3.2,87,4.1,5.2,1.6,1.8,3,11,3.1,95,100
3.34,3,85,8.3,7.3,5.4,0.3,1.7,6,4.7,94,95
4,4.8,100,7.6,3.5,0.9,2.6,5.3,10,3.1,100,100
4,4.3,78,6.7,6.4,4,0,2,5,4.6,100,87
3.94,3.1,94,7.7,4.1,0.7,2.5,4.3,7,6.2,100,100
4,5.1,96,5.8,5.1,2.3,2.2,5,13,5,100,100
3.83,3.3,100,7.1,5,2.9,0,6.1,14,1,94,100
3.63,2.2,90,8,5.2,2.1,1.4,0.3,10,4.6,100,97
2.73,2.4,75,3.5,5.9,2.5,0.9,0.2,19,3.3,83,97
3.96,2,97,6.5,5.9,0.7,0.1,5.3,16,4.4,100,100
3.76,3.1,90,7,4.4,1.3,2.4,5,22,5.8,100,100
3.56,5.4,100,6.8,6.5,3.5,1.9,1.8,11,4.5,100,100
3.35,2.3,90,8.7,6.3,2.8,0.5,0,7,2.7,87,87
4,3.8,100,5.7,3.7,1.8,3.7,3.2,11,4.8,100,98
3.24,2.5,81,6.3,5.7,4.8,1.1,0,22,4,91,93
3.62,3.1,100,4.7,3.6,1,0.4,1.3,7,0.9,100,100
3.48,1.2,78,8.8,6.6,2.3,1.7,3.4,16,4.6,92,79
3.18,3.2,84,6.7,6.5,2,3.6,3.6,7,4.2,98,83
3.79,3.2,100,6.5,4.4,3.7,0.1,6.2,10,6,100,99
4,4.3,96,6.9,6.7,2.9,1.7,2.3,9,2.6,100,91
3.74,3.8,100,7.8,3,2.6,1.2,1,7,5.6,100,100
3.71,1.7,93,7.4,3.6,0,1.9,4.8,16,2.8,96,100
4,5.1,100,10,7.6,4.1,0.3,3.8,19,5.6,100,100
3.33,3.8,94,7.5,3.4,2.5,2.1,2.3,17,3,100,100
3.6,3.8,98,6.4,7.2,3,1.9,3.1,12,3.8,100,100
3.62,3.5,87,6.3,6.8,1.7,2.6,2.2,5,1.7,100,100
3.7,2.7,85,6.5,4.3,1.4,2.1,4.4,13,5.5,100,89
3.45,3.8,81,5.2,8.2,5,2.7,6.4,15,3.7,92,96
4,4.2,100,7,4.9,0.1,2,1.5,12,3.4,100,100
3.3,0.9,87,7.9,2.8,1.2,2.7,3.8,19,5.8,95,88
2.83,2.7,84,6.3,6.7,5,2.5,0,11,3.6,86,91
2.96,3.1,80,6,5.8,3.8,2.1,0.9,9,2.9,100,68
4,3.9,95,8.8,5.3,2.3,2.3,4.1,17,4.3,100,99
3.76,5.3,93,5.3,7.7,4.7,1.9,2.9,16,0.5,100,100
2.97,2.3,81,4.5,5.8,3.5,0.6,0.8,19,3.7,87,77
3.27,2.8,72,5.6,5.7,3.1,1.6,3,15,4.4,94,87
3.4,2.7,80,5.2,5.5,3.1,0.8,4.8,8,3.7,100,98
2.89,2.3,73,7.5,5.9,3.5,2.2,0.1,1,3.6,86,82
3.61,3,91,6.6,5.7,3.6,0,6.5,3,1.4,100,91
3.38,4.7,86,6.7,8.2,6.1,1.1,4.1,9,7.1,100,85
3.68,1.9,100,8.4,3.1,2.5,0,4.2,19,4.1,100,95
3.88,4.1,100,6.2,5.3,2.6,1.5,3,18,0.5,100,99
2.96,0.9,80,7.9,1.6,0.9,0.3,6.5,10,2.9,81,87
3.98,2.7,94,8.8,6.6,2.7,3.7,4.9,16,6.1,100,100
3.37,3,87,6.5,7.9,5.6,0,2.3,5,0.5,87,91
4,6,100,7.9,7.2,4.3,1,4.5,18,2.3,100,95
3.63,3.1,100,6.7,4.6,2,3.5,1.5,11,4.7,100,100
2.93,0.5,73,8.1,5.5,2.8,3,2.4,15,3.4,94,79
2.52,0.5,66,5.1,5.4,0.9,3,5.9,15,0.1,82,73
3.56,3.6,97,5,2.7,1.3,0,3.8,14,6.3,100,85
4,4.4,89,6.5,4.1,3,1.2,4.3,6,2.6,100,92
4,4.1,100,5.9,5.2,2.1,0.2,5.3,9,4.9,100,84
4,3.8,100,6.4,3.6,1.2,2.1,4.1,17,4,100,97
4,5.2,98,6.7,6.9,3.5,2.4,1.4,15,3.7,100,89
3.71,2.7,97,7.9,6.6,2.7,3.1,6.3,7,3.6,99,89
4,4.8,100,6.5,2.1,0.4,1.6,4,14,3.8,100,97
2.98,1.1,77,6,3.7,0,0.7,4.2,7,3.6,75,88
3.43,2.1,88,6.6,3.7,1.9,0.6,3.1,6,6.3,100,83
3.12,0.8,66,6.1,3.5,0.4,1.5,5.2,9,4.2,87,69
3.87,3.1,97,5.9,1.5,0,2.1,6.8,12,4.6,100,99
3.2,3.4,73,5.1,7.7,4.5,2.4,2.2,6,7.9,100,94
4,3.7,96,7.1,5.7,2.7,1.8,5.1,16,3.3,99,100
3.53,3.6,99,6.3,4.1,2.4,0,3.1,8,2.2,100,100
3.56,2.1,89,8.2,3.9,2.5,1.7,0,12,5.2,93,100
3.18,3.2,100,5.3,5,1.1,2,0.2,14,0,92,91
2.84,1.3,69,6.3,5.9,3.4,0,3.8,21,0.1,78,83
4,5.5,100,9.2,6.8,2.6,1.8,5,15,6.8,100,97
3.36,3,72,5.9,4,1.7,1.5,4.2,10,4.9,89,82
3.47,2.8,85,6.7,6.5,1.9,2.5,4.5,7,3.3,92,90
4,5.9,100,5.5,2.9,1,0.5,8.2,6,1.4,100,98
3.02,1.6,90,5.4,7,2.2,1.4,4.1,7,6,94,92
3.21,1.8,85,8.9,5.6,2.4,1.1,2.5,11,2.8,88,78
3.93,1.9,91,7.2,5.7,2.2,1.7,2.7,18,5.4,100,88
3.51,3.4,85,7.2,4.7,2.9,0.3,6.3,11,6.5,100,99
3.6,4.1,91,5,6.6,2.7,2.6,0.5,9,2.8,100,95
3.56,4.6,94,7.4,7,3.1,0,5.5,13,0,95,95
4,7.4,100,8.4,6.8,4.2,2.1,3,20,7.4,100,89
3.23,0.5,65,8.4,4.1,3.7,4.9,1.3,8,4.4,85,85
4,4.4,93,7.8,5.9,4.2,1.2,0.1,14,2.2,100,96
3.67,2.7,100,5.6,3.2,1.5,3,6,10,3.7,95,97
3.7,2.6,89,7.4,5.5,2,0.9,1.3,13,1.7,100,93
3.31,2.6,75,7.8,6.2,3.8,3.5,3.1,15,1,85,79
2.92,2.1,73,4.8,6.3,3.8,1.3,1.1,19,6.7,84,82
4,6,100,5.7,4.1,1.8,1.6,6.9,12,3.5,100,100
3.79,4.8,97,8.1,8.5,3.7,1.6,3.2,18,5.8,100,92
3.94,3.5,100,8.1,4.5,1.4,0,0.3,14,2.6,100,93
4,5.5,100,5.1,6.7,3.5,2.2,2.1,6,7,100,100
3.6,1.2,77,8,5.1,2.8,1.4,5.8,11,3.7,98,79
3.02,1.5,78,7.1,3.7,0.7,1.3,1,24,4.4,87,86
2.94,0.5,67,7.9,3.9,2.1,0,2.3,11,1.1,98,78
3.49,2.5,79,6.2,9.5,6.1,3.7,5.4,10,7.5,91,97
4,3.7,99,7.8,4.7,3.1,4.5,3.7,10,1.6,100,96
3.66,3.7,100,8,10.2,6.3,0,0.6,10,3.7,100,90
3.84,3.7,100,6.6,2.7,0.6,1.7,3.4,5,0.2,100,92
3.04,1.4,73,7,8,3.9,1.7,2.7,1,3.8,85,95
4,4.7,100,6.2,5.3,0,3.8,3.1,8,7.2,100,100
4,3.9,100,9,5.8,2.8,0.6,4.9,10,2.9,100,100
3.94,4.6,93,6.9,8.3,3.7,3.4,3.5,15,3.6,100,96
2.4,0.7,68,5.9,8,4.1,0.4,2.8,10,5,75,79
4,4,100,6.1,2.9,1.6,1.4,2.7,13,8.5,100,90
3.13,1.7,80,7.2,7.5,4.4,2.9,5.2,6,3.2,82,87
3.44,2.9,84,7.9,5.6,2,2.2,1.6,3,6.3,93,92
4,4.3,97,5.4,6.3,2.6,1.6,0,14,7.1,100,100
4,3.6,94,9.2,5.4,2.2,1.9,2.5,15,3.4,100,100
3.17,2.2,89,7.4,4.3,1.1,2.9,3.8,17,5.8,85,83
3.29,3.5,79,7.6,8.2,5.2,1.4,2.2,18,0,93,84
2.76,1.2,69,6.9,6.1,2.9,2,1.9,19,4,85,73
3.97,5.2,100,7,5.9,4.4,3.2,2.3,15,4.1,100,99
3.51,3.2,84,6.8,7.1,4.4,1.6,3,9,5.7,100,95
4,5.2,100,8.2,2.6,1.3,0.9,0.4,13,4.5,100,100
3.55,2.7,83,7,7,4.6,2.4,4.3,10,3.6,100,93
3.17,2.7,78,7.9,5.9,3.6,3.1,0,11,6.8,98,81
3.35,2.4,79,6.5,3.4,1.2,3.1,4.1,14,4.7,88,84
4,4.8,95,7.2,5.2,3.5,2.4,3.6,18,5.2,100,100
3.84,2.4,100,6,4.6,1.3,3.5,4,16,4.8,100,100
3.96,4.5,96,8.5,7.8,5.2,1.7,0,12,8.1,100,97
3.38,2.9,86,6,6.5,4,0.9,3.6,12,1,100,95
2.75,0.5,77,6.6,4,2.7,0,1.9,14,2.9,94,77
3.31,2.6,86,6.6,7.3,4.7,0.2,6.2,18,3.7,100,87
3.43,1.7,91,6.6,4.8,0.4,2.1,3.7,21,3.6,95,94
3.53,3.6,93,7.9,6.1,1.7,2.1,0.6,13,7.2,100,95
3.18,1.7,71,6.6,5.8,2.4,3.4,0,11,2,90,89
4,4.9,92,8.7,8.8,6.2,2.4,1.8,13,3.2,100,99
3.51,3.4,81,6,4.9,1.2,2.1,4.6,17,6,94,95
4,3.2,92,7.2,2.4,0.2,0.8,5.3,15,2.3,100,94
3.71,4.5,73,6.1,3.2,0.6,3,3.4,9,0,100,100
3.89,4.9,100,7.5,6.3,4.2,4.6,3.2,12,2.2,100,100
4,3.5,99,7,6,1.9,1.1,2.3,12,1.8,100,100
3.32,2.3,77,6.8,6.5,2.6,0.5,3,9,4.3,94,91
2.84,0.8,64,8.4,6.9,3.9,0.6,5.4,9,4.4,84,82
3.49,2.5,97,6.2,7.7,2.6,3.6,2.3,6,4.3,100,93
3.6,2.6,95,7.7,6.6,3.1,2.5,4.3,11,1.6,94,100
3.37,3.7,89,6.1,7,3.6,1.6,1.9,18,4.1,100,96
3.61,3,85,7.1,5.5,2.2,2.2,5,17,5.5,99,89
3.7,4.5,98,5.6,4.1,2.6,0,4.2,12,5.1,100,97
2.85,2.6,73,6.2,5.1,3.2,3.7,4.9,21,5.1,91,87
3.51,3.4,92,6.9,7,4.1,2.4,6.8,12,2.4,93,96
4,5.3,100,9.2,4.5,1.6,2.6,0,10,8.3,100,96
3.99,4,83,7.1,3.7,0,0.9,4.5,2,6.4,100,91
3.61,3.4,88,9,6,3.8,0,3.9,13,6.3,99,100
3.73,2.6,76,7.3,7.3,4.2,1.8,3.9,8,6.4,99,94
3.52,2.6,99,6.5,6.2,3.1,2.2,3.5,19,4.9,100,92
3.07,2.2,100,8.8,6.4,3.2,1.7,3.5,6,5.4,91,100
3.17,2.7,81,7.5,5,2,2.7,3.7,18,2.6,97,93
3.88,4.6,97,6.2,4.9,3.6,0.4,4.8,13,1.2,100,98
3.71,3.2,84,7.6,4.4,4.1,0.4,4.7,6,3.3,99,92
3.22,1.5,93,6.6,4.8,2.9,0.5,3,4,5.9,100,98
3.82,6.2,85,4.6,8.9,6.5,0.1,2.6,14,3.7,100,100
4,4,100,8.1,2.1,0.5,1,3,7,3.7,100,96
3.81,1.4,91,8.3,5.9,3,1.1,2.2,2,2.9,94,90
3.86,2.8,92,9.2,5.3,1,1.7,6.6,22,4.6,100,98
3.88,3.7,93,7.5,8,4.1,2.7,0.5,16,3.7,100,96
4,6.1,100,6.7,4,0.4,2,4.5,6,2.1,100,93
3.12,1.8,78,8,5,0.8,0,4.5,3,3.3,97,84
4,5,100,8,3.8,1.9,2.5,1.9,18,4.7,100,96
4,5.6,98,9,5.7,3.2,0.1,3.6,5,3.7,100,96
3.2,2.6,75,6.9,5.6,1.9,0,5.5,12,1.9,86,93
4,3.1,98,6.8,4.3,1.9,2.6,2.3,14,4.4,100,100
3.32,1.9,73,6.1,5,2.5,2.8,5.6,9,2.2,93,100
3.88,3.2,94,7.6,7.6,2.4,3.3,5.2,7,4.1,100,87
3.2,3.4,75,5.1,8.1,5,1.9,1.6,2,4.1,98,92
3.95,4.5,100,7.9,8.9,3.8,3.4,0.8,14,3.4,100,100
3.93,5.1,93,7.7,3.1,2.3,0,3.3,24,1.3,100,89
3.71,2.4,91,7.7,8.1,5.9,1,0.5,6,2.4,100,81
3.05,0.5,77,7.2,7,3.5,2.7,0,7,2.9,72,80
3.89,3.5,95,8.8,4.4,1.3,1.5,2,16,5.3,100,91
4,3.9,82,8,3.7,3.2,2.2,7.3,1,2.9,100,93
4,3.9,91,6.3,6.3,3.6,2.1,2.1,8,4.9,100,100
3.67,3,87,6.3,7.8,1.8,2.7,3.8,13,3.4,100,84
3.97,3.7,91,5.9,4.5,1.2,4,4.4,8,6.4,97,95
4,5.8,100,7.7,6.6,2.9,2.1,2.9,15,5.7,100,99
3.68,4.1,100,5.8,4.5,2.3,2.3,2.3,14,9,100,100
3.08,2.9,90,8.3,8.3,5,0.3,5.5,13,2.5,86,90
3.67,2.7,100,8.6,6.9,3.9,0.9,3.1,8,2.2,100,99
3.34,3.2,68,5.9,6.1,1.8,1.7,2.8,10,6,86,90
3.72,6,100,6.8,7.7,3.4,1.3,4.6,12,5.2,100,93
2.85,3.2,84,7,8.2,4.7,0,0.9,13,3,98,86
4,3.5,100,8.1,3.8,0.7,2.8,0.5,19,3.8,98,100
3.42,2.8,92,8.9,2.3,1.3,0.8,0,16,6.2,96,90
4,5.1,100,5,3.7,2.8,1.5,4.1,10,4.8,100,94
4,6.4,100,6.6,6,2.9,0,2.7,15,5.1,100,100
4,4.2,92,6.7,6.7,2.7,2.4,4.7,15,2,100,95
3.77,3.6,98,5.3,6.9,2.3,1.2,3.1,9,4.4,100,100
3.79,3.6,93,6.4,4.2,2.3,2.3,0.3,15,2.3,96,86
2.61,0.5,74,7.5,4.6,3.4,0,2.3,11,1.3,65,86
3.85,4.6,87,6.7,8.6,4.5,0.5,4.8,13,2.1,100,98
3.55,3.7,97,5.1,4.1,2.1,2.6,2.5,17,1.3,100,99
3.47,4.1,87,10,7.6,6.5,1.4,5.4,17,6.9,100,84
3.26,2.4,94,7.3,8.1,5.7,4.3,2.1,8,4.2,91,86
3.13,2.9,83,7.1,7.2,4.8,1.9,4.4,6,3.7,95,96
3.03,2.9,81,5.7,8.3,3.7,2.6,0,21,2.5,87,94
3.91,5,100,7.3,9.8,5.8,2.4,2.5,21,4.5,100,100
3.08,2.9,89,6.8,4.5,2.4,0.6,2.2,16,2.4,96,89
4,6.6,100,4.7,6.3,1.6,1.1,0.2,11,5.3,100,100
4,4.1,94,5.7,5.2,2,2.4,5.2,11,2.8,100,100
3.43,1.6,90,8,5.6,1.3,2.1,1.7,7,1.8,95,94
4,3.3,95,9.3,7.6,3,0,1.5,13,4.7,100,98
3.25,2.5,93,7.4,5.9,3.2,2.8,5.6,11,0,90,96
3.11,0.5,83,8.3,6.8,3.1,1.7,3.3,12,4.9,80,84
4,5.9,97,6.8,5.3,2.8,0,4.6,6,3.1,100,100
3.62,4.6,100,6.9,7.1,3,0.7,0,17,1.4,100,87
4,4.3,100,8.3,8.5,5.4,2.4,1.4,14,3.5,100,99
3.93,3.7,100,9,7.9,3.7,0.7,7.2,14,4.4,100,89
3.61,1.4,98,8.6,9,4.2,0.8,4.7,3,3.7,100,98
3.24,2.8,77,5.7,6.8,3.1,2.5,0.9,4,3.5,96,92
4,4.8,100,6.9,3.3,0.4,0.6,3.5,7,1.1,100,100
3.47,1.9,92,7.3,3,0.1,2.4,1,16,6.5,96,86
2.68,0.5,61,6.7,5.4,5.9,0,5.8,10,0,79,83
3.95,3.2,84,7.5,4.1,2,2.5,0,7,4.4,100,93
3.56,3.3,100,8,6,1.9,3,3.6,15,5.2,100,91
4,3.7,100,8.2,7.4,3.2,1.7,3.5,10,6.6,100,92
3.95,4.6,100,9,5.7,3.6,1.5,0.8,14,6.5,100,90
3.54,4.5,97,6.6,7,3.8,0.1,2.5,7,6.2,100,98
3.36,3.9,88,5.4,8.3,5.5,2.7,3.8,12,3.3,100,89
3.76,5.3,100,7.4,8.9,5.1,1.7,0,19,4.6,100,95
3.58,1.2,95,9.3,7.3,1.6,3,0.4,18,5.4,92,93
3.43,4.3,89,6.4,8.2,4.3,2.2,2.7,8,4.6,98,93
4,4.4,100,7.8,4.4,2.2,3.3,1.3,11,5.1,97,92
3.39,1.6,79,7.8,5.5,2.6,2.6,2.1,16,3.6,97,90
3.47,1.2,72,7.2,5.9,1.2,2.8,3,12,6,96,86
3.45,2.4,85,7,1.6,0.3,1.9,1.2,14,3.8,87,100
3.13,2.5,85,5.9,5.1,2.8,1.1,2.9,19,3.7,93,92
3.48,4.6,96,4.3,5.3,1.4,1.5,3.6,13,0.2,100,95
3.12,2.6,81,5.7,8.8,4.2,1,4.6,9,7.3,87,71
3.11,2.2,89,6.5,6.1,2.4,2.2,0.5,18,2.4,93,74
3.67,2.6,97,8.3,5.6,3.3,0,1.7,8,4.4,99,86
3.96,5.2,100,6.9,8.5,4.9,1.9,4.2,12,4.3,100,100
3.91,3.5,100,6.4,4.1,0.6,1.8,0,9,4.4,100,100
3.89,3.2,86,5.9,5.1,1.7,1.7,3.2,6,4.4,100,95
3.99,3.3,100,7.8,6,3.1,0.5,3.1,11,6,96,100
4,5.4,100,8.6,6.4,3.3,0,0,12,4.5,100,100
2.43,2.4,79,8.3,6.4,4.5,0.5,2,11,4.6,85,90
4,5.5,100,7.7,10.1,4.1,1.4,3.7,17,5.3,100,98
3.91,3.8,100,5.2,6.1,2.9,1.4,2.6,8,3.5,100,100
3.36,3.3,85,6.6,7,3.3,1.3,2.1,14,2.6,91,90
4,7.3,100,9.3,6,3.3,1.5,3.3,6,2,100,100
4,1.9,92,8.3,4.6,0.6,0.3,5,24,6.2,98,100
3.76,3,79,5.2,4,2.6,1.8,4.1,9,2.2,100,91
2.75,1.7,68,6.9,4.1,3.2,0,1.5,4,6.2,75,86
3.85,4.9,91,7.4,6.5,3.5,3,0.1,11,6.5,100,100
3.97,6,100,6.1,6.9,1.4,1.1,4,13,4.3,100,100
4,6,100,4.2,5.3,0.9,3.4,0.6,16,1.5,100,100
4,5.3,100,7.1,4.4,2.4,1.3,1.9,17,3.4,100,90
2.68,3.2,86,6.1,9.4,5.8,2,3.4,15,2.8,88,86
4,3,100,6.1,3.8,1.6,3.7,5.3,16,4,100,84
3.02,1,62,6.6,8.1,4.6,1.9,5.6,18,4.1,71,75
4,6.6,94,6.8,8.8,5.2,0.6,3.1,13,6.3,94,100
4,4.2,100,7,7,2.9,2.7,2,8,6,100,92
3.1,2.8,92,5.9,2.9,1.8,1.9,0.6,12,3.5,81,93
4,5.5,96,6.7,5.1,3.6,0,6.9,8,6.9,100,100
3.02,2,74,4.9,6,3.1,0,2.4,17,1.7,85,87
4,4.1,92,7.4,3.3,1.5,0.5,4.4,18,4.5,100,100
3.57,3.2,91,3.6,3.5,1.8,3.5,3.4,18,2.1,100,86
4,4.5,100,6.7,6.8,3.5,1.7,2,6,7.4,100,100
4,3.4,97,8.1,6.1,4.2,1.4,1.9,17,3.3,100,99
2.79,1.3,77,5.7,8,2.3,3.1,0.2,9,6.9,91,86
4,3.6,99,7.9,5.1,2.7,3.9,5.2,14,5.9,87,100
3.85,5.1,99,8.4,6.5,3.8,1.6,2.8,16,4,100,93
3.37,3.5,83,3.5,5.9,2.5,2.4,5.9,5,6,86,97
3.98,4.7,100,6.8,3.6,2.4,2.4,2.1,16,5.4,100,100
3.02,1.9,75,3.5,5.3,1.7,3,2.4,4,1.1,94,95
4,3.5,95,6.9,5,1.6,1.4,0.7,11,2.7,100,85
3.26,2.6,66,7,9.4,6.8,3.1,2.4,17,2.2,87,85
3.77,4.6,100,4,5.8,2.5,0,0.5,19,0.6,100,92
3.52,3.5,85,9.3,8.3,4.8,2,3.8,16,3.8,94,100
3.26,4.5,79,7.3,10,5.3,0.3,3.2,9,6.5,97,96
4,5.1,97,6,8.5,2.5,0.8,5.9,9,1.9,100,100
4,4.5,100,8.8,5.1,3.4,3.4,0.1,11,4.4,100,97
3.55,3.9,100,4.8,4.4,3,1,5.4,12,3.1,100,100
3.09,2,80,5.5,3.5,0.4,1.5,1,16,2.9,87,91
3.78,3.5,94,4.2,1,0.5,1.2,3.7,12,4.6,100,96
4,2.7,94,9.2,6.7,2.9,1.7,0.7,10,3.7,98,100
3.42,3,79,7.4,5.3,2.2,2.9,3.4,10,7.8,100,95
3.55,2.9,84,7.8,9,5.6,1.4,0,18,6.8,90,78
3.06,2,82,7.4,5,2.4,2.8,1.7,12,6.3,78,77
2.81,0.6,69,7.7,9,5.7,2.2,3.2,20,4.5,80,77
3.92,2.5,91,7.1,5.7,2.1,0,6.5,17,8.5,100,99
3.41,3.8,97,7.3,8.9,5.7,2.1,0,9,2.7,88,100
3.19,1.5,71,7.1,5,3.6,3.1,3,10,3,89,96
3.62,3.5,94,6.3,6.8,3.6,1.6,2,11,4.1,96,93
4,6.4,100,6.9,7.2,2,1.8,0,11,4.6,100,100
3.58,5,95,7.3,7,3.7,2.2,0.8,18,3.6,100,86
3.85,6,100,7.1,8.5,5.3,2.9,2.1,9,3.8,100,100
3.62,4.1,79,5.2,7.5,2.6,3.4,3.9,13,2.8,100,95
3.98,5.3,99,5.4,4.4,2.3,2.7,3.2,14,3.9,100,98
3.59,2.4,90,8.3,6.5,2.4,1.7,0.4,16,3.2,100,90
3.41,2.5,76,6.6,7.6,5.2,2.5,0,14,4.7,87,94
2.41,0.5,72,7.7,8.4,4.1,2.7,3.8,14,2.8,69,82
4,5.3,88,5.7,9,5,0.2,2.6,10,3.3,100,100
3.66,5.8,90,5.2,5.8,3.3,0,6.2,10,2.7,97,100
3.27,2.7,78,6,5.6,2.9,0,2.3,13,6,93,94
3.25,3.1,90,6.7,7.6,3.4,1.2,5.3,11,4.7,100,91
2.79,2.4,79,6.2,5.2,4.4,1.8,4.1,7,4.9,94,94
4,4.1,100,8.6,4.9,2.4,0.2,4.6,10,5.7,100,88
4,5.2,90,7.2,8.6,4.9,2,3.9,13,2.8,100,100
3.43,0.9,73,9.2,5.9,3.3,1.7,3.9,18,5.1,84,91
4,4.1,100,7.5,3.2,0,0.8,0,7,2.7,100,100
3.1,3.1,74,4.1,4.7,4.1,2.4,2.5,6,2.7,90,86
3.8,3.7,100,8.3,2.9,0.9,0,1.7,16,3.3,100,99
3.22,4.2,89,5.2,7.9,4.1,1.7,5.5,10,5.7,91,87
3.62,3.2,92,7.3,6.3,4.2,3.5,1,8,3.9,100,94
3.51,3.3,91,6.1,4.7,3.3,1.2,2.4,12,4.7,100,83
3.95,3.2,80,9.6,7.9,3.6,2.5,4.6,8,1.9,100,94
4,5,100,8.7,8,4.4,2.5,3.6,23,2.9,100,99
3.38,4.1,79,6.1,3.8,2.1,1,3.3,8,1.4,100,91
3.51,3.8,80,6.8,7.2,4,0,5.2,13,4.9,100,88
3.07,1.6,76,7.3,6.2,4.5,0.7,3.5,15,4.8,82,94
3.24,2.9,88,8,8.2,5.4,1.9,1.9,17,0.6,100,90
4,4.8,100,7,4.3,1.1,2.9,0.4,7,1.5,100,100
3.37,3.6,86,5.8,5.4,3.4,0,4,14,3,98,87
3.94,4.5,100,6.1,5.3,1.4,0.5,1.5,4,0.3,100,99
4,6.1,100,7,5.4,1.3,1.5,2.5,14,2.7,100,100
4,5.1,97,8.5,6.6,3.3,0.4,5.2,12,3.8,100,100
3.78,3.6,85,7.5,6.4,2.9,3.4,2.6,16,4.4,100,100
3.01,2.7,75,6.1,5.8,4.5,1.3,2.1,13,2.1,100,80
3.27,0.5,85,7.8,6.9,2.3,1.9,2.4,11,8.2,97,90
3.45,3.2,93,6.5,5.5,2.6,0.4,2.5,12,3,100,97
4,3,96,8.1,5,3.1,2.4,1,5,3.2,100,91
4,4.1,100,10,4.7,1.5,0.3,6.4,8,3.8,100,93
4,3.3,99,6.6,5.6,1.7,2.1,1.9,20,3,100,99
3.1,3,89,8,8.1,4.5,3.6,4.6,13,0.5,95,84
3.07,0.8,86,6.1,3.7,2,2.6,1,15,0.9,88,100
2.87,2.1,72,6.9,8.5,4.6,1.8,4.1,9,4.8,93,79
3.78,4.2,94,7,6.6,3.7,0.5,3.3,16,5.9,100,100
4,6.1,100,6.8,4.1,0.5,0.6,3.1,11,4.7,100,100
3.65,3.4,79,10,5.6,3.6,2.1,3.3,5,5.8,100,96
3.63,4,88,6.6,7.9,3.6,1.7,3.8,12,2.1,100,87
4,4.9,100,7.7,6.6,3.4,2.7,2.5,18,6.5,90,100
2.92,2.3,81,4.7,7,2.6,1.4,2.6,2,6.7,83,100
4,4.1,100,7.5,2.6,1.4,2.2,4.2,16,7.3,100,100
2.99,2.4,69,8.4,6.1,4.8,1.6,0.7,13,2.4,84,83
3.82,4.8,94,6.4,5.3,2.6,2.3,0.4,25,4.5,100,94
3.5,3.7,96,4,6.3,1.5,1.1,3.4,23,6.5,97,88
3.98,3.9,87,7,8.9,3.5,0,0,3,2.4,100,100
3.18,2.3,93,7,3.6,1.7,2.8,0,19,5.7,83,96
4,4.6,100,7.9,4.5,1.4,1.3,6.6,10,3.4,100,100
4,6.6,100,9.4,5.4,2.2,3.3,6.1,11,2.6,100,94
2.9,2,86,6.5,5.7,1.8,1.6,1.9,9,6,100,86
3.5,3,96,6,5.5,1.4,1.5,5,9,0,98,99
3.72,3.8,93,5.6,5.7,4,3.2,5.1,19,1,100,82
4,4.7,100,7.2,5.7,2.6,0.7,3.9,1,3.4,100,100
3.31,2.7,71,7.6,5.3,4.7,0.9,2.8,9,4.3,77,77
3.11,0.5,91,6.3,5.5,1.5,2.1,4.3,15,1.5,86,82
4,5.5,100,7.9,2.8,0.2,0.4,4.6,2,7.7,100,100
4,4.6,100,7.6,4.6,3,3.8,4.3,11,0.8,100,92
2.48,0.9,70,7.1,9,5.6,1.1,0,6,2.4,82,71
3,2.6,80,5.9,6.2,3.6,1.3,7.1,13,6.4,88,100
3.76,5.9,96,6.4,12,7.6,3.3,7.8,12,1.6,100,86
3.89,5.7,100,4.1,5.2,3.3,1.6,0,17,4.3,100,100
4,4.9,100,7.3,8.9,3.2,0.4,4,1,3.1,100,100
4,3.2,91,7,4,0,2.8,7.1,14,5.8,94,100
4,3.6,93,7.2,7.9,3.4,2.6,5,8,4.2,100,100
3.7,3.3,100,7.6,4.9,3.1,0,5,19,0,91,95
3.98,5.2,100,7.5,7.3,2.2,0.6,0.1,10,3.9,100,100
3.47,2.2,85,6.9,4.1,2.6,0.2,4.6,8,5.7,98,75
3.36,2.3,96,7.1,5.4,2.7,0,3.5,9,2.8,100,100
4,5,100,5.3,7.1,2.5,4.2,4.6,15,3,100,98
3.23,3.4,91,6.3,9.5,5.9,0,0.9,15,3.2,100,91
4,5.6,100,7.1,3.7,2.2,0.4,0.9,12,8,100,98
2.88,2.5,75,6.1,7.5,3.1,2.1,2.7,7,2.1,93,82
3.76,3.4,90,8,5.6,2.2,1.9,2.2,6,6.7,100,82
3,2.1,75,6.2,6.5,4,2.4,2.7,15,3.5,95,94
3.55,3.5,95,7.3,4.2,3.1,1.9,2,15,5,100,95
2.73,1.3,78,7.1,5.9,2.4,3.5,2.6,14,1.3,81,68
4,2.8,94,7.9,2.8,0,0.7,1.7,20,7.2,100,100
2.75,1.3,77,8.1,6.4,3.2,3.8,2.9,8,6.3,86,74
4,4.5,95,7.8,3.4,2.3,1,0.2,22,5.1,100,100
3.88,4.6,92,4.5,5.2,2.7,0,4,14,5.5,100,100
3.11,0.9,100,8.4,4.6,1,1,3.5,9,6.1,74,79
4,5.5,100,8.8,10.2,4.9,2.2,0.5,12,1.3,100,100
4,7.2,100,6.4,6.9,4.1,3.1,5.7,6,5,100,93
3.35,3.6,78,7.3,9.6,4.9,2.4,1.3,7,6.4,100,92
2.6,2.5,72,5.9,8.4,4.5,0,5.4,11,6,88,84
4,7.7,100,4.7,7,3.7,0.4,3.7,16,3.3,100,100
3.21,1.5,91,6.1,2.9,1.1,0.8,5,8,5.8,89,97
3.34,3.5,88,6.4,7.4,5.6,1.8,3.4,23,3.8,100,100
3.88,3.8,99,6.6,5.1,1.4,2.8,4.1,12,3.1,100,100
4,5.5,100,5.8,4.8,2.4,1.7,5,9,0.5,100,100
4,4,85,6.1,6.2,3.9,0,6.8,6,0.3,100,100
4,2.8,97,7,6.7,3.9,3.3,5.1,9,7.2,100,100
3.47,2.1,76,6.1,6.5,3.7,0.7,3.9,19,2.7,93,92
3.73,3,100,7.7,6.3,2.2,3.2,0.3,21,5,100,95
3.7,2,99,7.8,4.3,1.9,1.1,0,15,5,99,100
3.04,3.6,85,9.9,10.6,6.6,1.2,2.7,12,5.5,92,94
3.75,2.7,90,8.4,6.2,2.7,2,1.6,5,7.9,100,87
3.12,1.3,85,7.3,3.6,2.6,2.7,1.6,1,3.9,100,84
3.83,5.4,100,6.3,5.1,1.7,4.3,2.8,13,4.3,100,96
3.84,2.8,86,7.4,3,3.2,1,4.3,10,6.9,100,100
3.34,1.6,77,7.4,5,3.1,1.3,1.8,9,5.1,89,100
3.88,3.2,75,6.4,6.4,2.8,0.3,4.8,14,2.2,100,88
3.7,3.6,100,7.9,6.4,3.4,0.4,3.1,5,0.5,100,93
2.05,0.9,58,5.3,6.3,5.4,1.2,3.1,19,0.7,66,65
4,4,79,6.7,3.6,1.9,2.8,6.7,21,4.7,95,91
3.22,1.9,91,7.7,2.8,2.9,0.8,3.4,15,3.9,83,89
4,6.1,100,6.7,3.2,1.8,2.8,2.9,10,3.7,100,100
4,4.3,87,6.8,6.9,3.2,1,4,9,4.9,100,98
3.53,2.9,99,6.8,4.2,1.9,2.9,6.6,10,2.3,95,95
3.48,2.4,90,6,5.2,2,0,2.9,14,3.3,91,100
3.83,3.3,99,8.4,3.6,0.6,0.7,3.9,17,2.3,100,97
3.82,4.4,94,5.8,5.9,2.9,2.8,2.8,14,4.5,90,97
3.75,3.5,92,7.4,7.6,3.4,2.1,2.8,18,1.3,100,98
3.14,3.2,88,7.5,8.4,5.6,1.3,2,15,5.2,100,90
3.47,3.6,84,5.9,7.6,3.5,1.9,1.9,17,5.1,100,91
3.91,2.6,97,7.1,2.1,2.1,2.1,6.4,12,1.8,100,93
3.83,3,96,5.9,5.1,0.8,1.5,1.9,6,4.1,100,90
3.26,0.5,78,8.7,2.5,1,1.1,0,18,7.4,88,91
4,5,100,5.6,2.6,0.9,2.7,3.3,23,4.6,100,95
2.99,3.9,86,6.2,7.8,5.6,2.6,5,13,3.6,81,83
3.58,2.3,93,5.5,7.5,3.2,2.9,5.5,9,3.3,100,90
4,6.3,100,5.4,3.8,1.9,4.2,0.6,14,6.5,100,100
4,3.6,100,8.9,3.6,1.4,1.9,5.2,10,3.3,100,94
3.63,1.9,83,7.7,3.3,1.5,4.3,7.1,12,5,100,82
4,4.8,89,7.2,5.2,1.9,3.6,1.6,12,4.5,100,98
3.34,4.1,95,6.2,8.7,4.8,3.6,2.7,8,2.6,96,89
4,4.1,90,8.1,7.8,2.8,2.1,0.5,8,2,100,97
3.7,2.9,86,6,6.5,0.6,2.8,6.7,12,4.5,92,98
3.92,4.2,93,8,10.1,6.3,3.7,0,11,3.3,98,100
3.76,3.1,86,6,4.5,1.1,0.1,2.2,15,3.1,93,88
3.79,4.3,98,6.2,3.4,1.9,1.5,4.6,13,6.2,100,91
2.64,0.6,72,7.9,10.1,4.8,1.9,1.6,15,3.7,84,70
3.49,2.8,77,8,6.7,3.4,3.1,1,11,5.5,100,89
4,6.1,100,7.7,4.8,2.1,2.5,2.9,8,6.7,100,100
3.86,2.3,81,5.7,4.5,1,2.7,7.8,7,3.9,87,93
3.55,2.6,80,6.5,3.5,1.3,2.2,2.5,17,4.7,100,89
3.92,2.8,75,7.2,1.6,1.4,1.9,2.6,10,3.4,100,84
3.14,1.7,66,6,6.5,2.8,0,0.8,9,0.4,92,85
2.89,0.5,75,8.6,7.7,3.1,1,3.8,18,4.5,85,69
3.49,3.2,86,4.1,6.3,2.6,2.7,4.8,10,5.4,94,95
4,3.7,97,6.1,5.7,2.7,1.5,1.8,1,5.2,100,100
3.88,3.4,100,6.4,4.2,1.2,0,4.1,13,5.1,100,91
3.12,3.3,95,3.6,6.4,3.2,0.9,1.8,9,2.8,88,92
3.39,3.6,94,5.3,7.9,4.7,4.1,0,8,2.7,100,90
4,5,100,7.8,5.5,2.6,0,3.9,11,4.2,100,100
3.87,3.2,93,7,5.5,2.5,0,7.1,2,1.4,100,76
3.46,2.6,92,8.9,7.8,2.9,3,0.6,3,1.6,100,95
3.61,3.1,100,8.9,8.1,4.5,1.3,3.4,10,4.3,100,92
4,4.4,100,7.5,4.6,1.5,2.3,5.6,15,0.8,100,100
3.83,5.6,100,7.4,8.8,5,2.7,2.8,11,3.8,100,88
3.49,2.6,95,7.1,7.2,3.4,0,0.1,10,3,100,94
3.33,3.6,85,3.8,6.9,2.8,2.7,3.1,12,2.4,100,100
3.77,4,88,5.3,6.7,4.6,0,6,16,3.7,100,90
3.49,2,75,7.1,3.4,1,1.9,2,12,5.4,84,96
3.81,3.5,89,7.7,5.6,3.6,2.6,3.5,12,4.3,100,95
2.94,1.3,74,7.3,7.3,3.4,1.7,0.9,9,2.9,91,73
3,0.8,72,5.9,5.3,1.4,0,2.8,10,3.8,84,73
4,4.1,100,8.1,5,3.5,1.5,3.8,13,3,100,99
3.83,2.9,83,8.8,6.7,3.2,3.6,3.3,19,5.6,100,100
4,3.8,100,8.1,7.1,2.5,2.2,2.1,13,3.1,100,100
3.58,3.5,76,8.2,6.8,4.1,0.7,3.9,8,1.9,98,98
3.5,2,88,6.3,5.3,1.9,1.5,4.3,10,6,96,91
4,3.4,100,8.3,7.1,3.2,2.8,4.5,18,3.7,100,95
3.5,1.7,87,7.2,4,2.6,3.5,2.4,12,3.4,87,92
4,5.6,100,7.6,5.1,1.9,0,1.8,5,2.6,100,96
2.75,1.5,76,7.4,8.1,3.6,3,6.9,14,2.2,78,64
3.63,3.2,100,6.9,4.8,2.5,2.8,3.3,9,5.1,95,95
3.44,1.9,79,6,4.6,0.6,0.3,2.5,6,3.3,95,90
4,4.4,100,6.9,3.1,0.1,2.2,0,12,0.4,100,94
3.63,3,100,8.2,6.2,4,1.2,1.1,8,4.3,100,82
4,2.7,91,6.5,3.9,1,0.4,1.7,16,1,99,98
4,4.8,100,8.1,5.6,3.2,1.3,3.9,12,5,100,100
3.77,3.5,98,7.9,4.8,2.9,0,2.3,19,8.3,100,91
3.7,4.3,100,6.6,4.9,2.2,1.6,3,14,5.6,100,100
2.93,2,64,8.7,8.8,5.7,0.9,0.1,10,8.9,77,82
2.95,1.4,80,6.6,5.9,3.1,1.2,5.8,9,3.9,87,79
3.65,3.7,96,8.8,6.6,3.9,1.1,1.5,10,7.9,100,100
3.28,3,97,7.5,6.5,3.2,1.3,3.5,14,5.7,100,85
3.75,4.4,93,7,6.1,2.5,0.5,1.9,5,6.3,100,100
3.55,3.4,100,5.9,4.4,2.8,0,2.4,13,3.7,100,100
3.42,3.8,81,6.9,7.7,5,4,1.4,7,1.7,87,82
2.85,1.1,69,6.8,5,4.4,3.7,3.6,23,3.1,72,92
3.69,6.3,91,5.5,8.5,5.7,2.4,1,15,3.1,100,93
3.37,3.3,82,6.7,6.3,3.1,1,3.6,15,2.6,94,87
3.92,4.5,100,6,5.2,1.5,2.5,2.8,12,2.6,100,94
3.75,2.2,98,7.7,5.3,2.1,0,4.3,4,2.4,100,88
4,4,100,8.6,4.7,1,2.7,4.5,12,2.8,100,100
2.7,1.5,63,5.5,7.1,4,0.8,2.4,14,5,76,81
4,4.2,87,9.1,4.1,1.9,0,3.7,9,5.8,100,90
3.6,3,100,6.8,1.7,0,3,2.1,12,7.2,100,94
3.12,3.5,78,5.8,9.2,6.5,2.2,5.6,15,3.6,100,75
3.81,4.5,99,7.9,4,1.9,0.9,2.3,13,4.3,100,100
3.57,1.7,90,6.5,4.8,1.9,1.4,2.6,13,5.8,97,89
2.91,2.5,80,6.9,7.7,5.3,0.3,2.1,15,2.7,100,80
4,4.2,98,6.5,4.5,1,2.2,1.5,18,2.3,100,100
4,6.6,100,6,7.6,4.5,2.1,7.1,8,1.4,100,93
4,3.3,100,7.9,5.4,1.9,2,4,22,0.6,100,100
4,4.4,100,6.7,4.3,0.8,0,3.1,22,2.1,100,100
3.2,3.3,66,5.3,8.2,5.4,1.8,2,9,7,100,84
4,6.4,100,7.7,7.1,4.2,0,5.2,15,3.6,100,86
2.88,0.9,67,5.6,7.8,4.2,2.7,1.9,21,6.9,82,100
3.61,3.6,97,5.6,9.3,3.4,1.4,3.2,19,3.8,100,78
2.9,1.1,67,8.4,5.5,3.7,4.3,7.4,3,4,76,74
2.93,0.5,74,5.6,4.1,1,0.8,1.1,11,3,81,87
3.44,3.9,89,4.2,4.6,3,0,4.1,9,8,91,90
3.6,3.7,100,7.7,4.4,1.4,0.4,3.6,16,5.8,100,100
3.44,3.1,86,6.6,2.9,0.7,1.5,4.1,17,5.6,77,96
3.92,3.3,91,6.7,6.3,3.4,0.1,2.4,6,4.3,100,91
4,8.1,100,6.6,7.7,4.5,0,1.8,8,6.8,100,100
4,3.1,99,7.3,4.6,2.2,2.3,3.5,4,0.9,98,100
3.55,4.3,100,6.1,3.4,2.5,4.2,2.1,12,6.2,100,98
4,2.5,90,8.8,5.8,1.1,3.3,0,11,2.7,100,100
3.08,3.9,93,5.2,6.8,2.8,1,1.4,14,3.7,94,100
3.1,3.1,88,7.5,6.7,3.9,0.8,2.4,21,6.4,87,91
3.13,2.9,95,7.8,5.9,4,1.4,0.8,13,5.4,90,86
4,6.2,100,6.1,6.7,3.6,3,3.3,11,5.1,100,99
4,5.3,100,5.8,5.3,1.9,0.8,1.5,16,3.6,100,93
3.76,3.7,100,8.2,5.7,1.8,1.2,2.9,10,5.6,100,100
2.23,0.5,77,5.8,8,4,4.4,7.3,11,6.1,63,64
3.74,3,79,6.3,8.3,4,1.7,5.5,13,5.2,100,100
4,7.6,100,8.1,3.4,2.5,3.3,4.2,6,2.6,100,92
3.85,3.2,91,7,4.8,2.2,1.9,6.6,10,4.2,95,94
3.87,5.2,100,4.8,8.8,4.6,1.4,2.9,8,1.2,100,92
4,5.7,100,9.1,4.2,2.3,1.5,2.9,16,6.8,100,93
3.43,3.8,86,6.4,8.4,3.9,0,0.9,7,2.1,100,94
3.37,2.2,90,6.5,7.8,2.6,2.1,5.6,7,4.3,87,97
2.88,0.5,80,7.3,5.6,1.2,2.2,6.9,8,4.6,83,88
3.59,4.5,81,7.8,9,5.2,0.1,4.8,8,0,100,78
3.77,2.3,94,9.4,5.5,3,3,5.8,20,5.3,95,100
3.69,3.8,81,5,5,1.7,1.6,0,17,5.8,100,86
3.47,1.6,81,8,2.1,0.7,1.2,7.7,14,5,90,100
3.97,3.1,93,7.9,3,0.9,3.5,2.8,10,1.7,100,100
4,3.6,91,6.8,4.3,2.2,0,7.7,12,1.9,100,93
3.68,3.9,87,7.9,8.8,5.7,2.1,6.5,20,1.2,100,77
3.62,1.8,77,8.1,4.4,1.9,2.3,4.5,10,3.5,100,91
3.54,5.3,100,5.3,8.3,5,1.9,2.3,7,3.5,100,93
3.38,2.6,78,9.1,6.7,2.6,0.8,3.3,16,1.7,93,94
2.57,1,71,5.1,3.1,1,4.3,0,11,4.8,90,82
3.46,3.3,96,5.6,5.3,2.1,2.4,4.9,11,3.5,100,98
3.41,3.6,100,6.7,3.4,0.9,0.3,0,11,7.3,100,91
4,3.7,90,9.3,4.7,1.5,0.7,2.4,11,4.4,100,100
4,5.5,93,6.6,5.3,1.5,0,6.1,14,2.2,100,100
3.54,3.1,87,7,4.1,0,1.3,4.4,10,5.9,100,86
3.52,3.3,73,8.7,8.9,5.1,4.2,0,14,3.7,91,96
3.35,1.8,80,6.6,6.6,3.1,0,0.3,17,4.9,94,94
3.99,4.7,97,5.6,3.1,1.8,1.9,1.8,19,4.2,99,92
3.47,3.8,90,6.5,4.8,3.1,1,3.2,7,1.3,98,84
3.95,2.9,99,8.6,3.5,1.5,1.9,4.8,17,3,100,96
3.43,0.6,85,7.1,3.4,0,2,4.2,18,3.8,87,92
3.78,5.7,100,9.3,8.7,7.2,1.7,0.9,18,6.7,100,89
2.99,1.7,80,7.9,6.5,3.1,0,4.2,12,5.8,95,89
3.48,2.6,81,6.2,5.2,1.9,0.4,4.5,11,2.1,100,99
4,4,99,7.1,1,0,1,4,4,0.9,100,91
3.33,1.7,84,6,2.3,0.6,1.7,8,12,3.2,100,85
2.87,1.3,78,6.2,9.6,5.3,3.3,4.5,21,5.5,70,91
2.82,0.5,62,10,8.9,5.1,4.3,4.9,14,6.5,77,85
3.97,4.6,92,8.2,5.9,3.9,1.3,6.8,11,4.6,100,100
3.33,2.7,93,8,2.9,1.1,0.9,4.7,15,5.7,100,91
4,7.9,100,6.3,5.2,5.1,1.7,1.9,6,3.2,100,100
3.74,2,87,8.9,8.3,3.5,1.9,5.5,11,5.3,100,100
3.7,2.1,92,8.3,6.8,3.8,3.9,2.2,16,2.1,85,100
3.99,2.7,100,9.3,8.8,3.5,0,1,15,5.4,100,97
4,3.9,100,9.2,3.3,0.5,2.4,1.2,9,3.7,100,100
3.67,2.8,95,5.2,4.3,1,3,5.5,21,4.1,99,100
3.72,4.4,98,5.7,6.1,2,0.3,4.2,5,3.4,100,100
3.27,2,91,5.8,8.8,3.8,3.2,5.1,14,8.5,87,91
2.85,1.4,77,5.9,4.3,0.7,0.2,4.3,16,7.1,88,89
2.48,0.8,78,7.4,5.5,2.5,0,3.4,18,4.8,80,78
2.44,0.5,76,6.3,5.5,2.5,1.2,3.6,13,3.6,90,83
3.97,2.7,93,9.5,5.7,4,2.5,4.2,16,3.2,92,99
3.85,3,86,9.3,6.3,3.8,0,1.8,12,1.2,100,90
3.45,2.6,79,7,4.4,1.3,0,0.4,20,6.6,100,81
3.94,5.4,100,9.3,9.7,5,2.9,2,14,3.1,100,100
4,5.3,100,8.8,3.6,1.1,1.3,4.1,18,4.3,100,91
3.15,3,86,6.5,8.7,4.4,2,1.7,6,3.2,90,89
3.27,0.8,78,4.6,4.9,2,2.3,7.3,11,4.2,86,89
3.35,2.6,92,6.7,7.5,3,0,3.9,15,0,92,93
3.39,2.6,87,6.2,6.9,3.1,0.7,3.2,15,6.3,87,97
3.6,2.5,91,7.2,6.8,3.1,1.4,1.8,9,5,100,92
3.3,2.5,80,7.1,8,3.8,0.3,4.8,3,8.6,100,87
3.45,2.5,89,7.1,7.4,3.4,1,0.6,3,3,100,93
3.47,2.9,75,7.6,8.3,4,2.7,3.6,7,0.6,96,78
3.14,2.5,82,5.5,9.1,3.5,0,2.1,26,8.9,99,81
4,3.8,100,7.5,5.8,0.9,1.7,3.2,1,4.6,95,100
3.82,4,89,6.5,6.8,3.2,0.1,4,11,6,100,92
3.21,2.1,86,7.2,4.5,2,1.1,0.7,11,3.1,91,76
4,5.4,100,8.1,4.5,1.1,1.2,0,12,4.8,100,89
3.14,2,73,5.5,3.1,2.4,1.6,1.1,12,5.6,82,80
2.98,1.1,84,6.7,7.1,3.1,1.4,4.8,7,4.8,83,83
3.63,4.1,99,6.9,4.9,3.2,1.9,3.7,17,5.8,100,93
2.87,2.3,67,6.4,8.7,4.4,2.3,2.2,4,7.1,94,92
4,4,95,8.1,10.2,4.8,0,6.9,21,2.7,100,100
2.96,0.5,81,6.1,4.6,3.3,1,5.6,14,5.5,84,94
4,5.6,100,6.3,6.5,3.6,0.5,5.1,7,7.4,100,100
3.78,4.5,93,6.1,4.6,2.9,0,1.6,9,3.1,100,99
2.89,1.2,73,8.3,4.9,4,0.2,5.1,18,3.6,88,81
2.99,1.3,74,6.4,6.4,3.5,2.8,3.7,5,3.6,86,93
4,6,100,7.6,6.5,2.7,1.2,1.6,12,1.2,100,93
3.83,2.4,95,9.4,9.9,6,2.2,2.8,12,2,100,96
3.15,2.2,93,6.9,5.2,2,2.1,0.9,12,5.6,98,81
2.72,0.5,79,8.3,6,5,0.3,1.6,15,4.1,92,87
3.96,3,85,9,3.9,0.8,2.2,0.7,15,5.2,100,100
3.27,3.2,92,8.2,5.2,4,0.1,4.9,14,2.2,94,94
4,4.6,100,7,6.3,5,2.4,2.9,18,5.8,96,82
2.94,1.4,78,7.8,1.8,0,0.7,1.1,13,0.8,91,100
2.44,1.2,73,5.5,7.3,3,0,4,9,2.7,69,77
3.34,4.2,85,6.1,7.6,3.9,1.7,3,6,4.6,99,95
4,5,100,6.3,6.6,3.2,0.6,5.1,12,0.8,100,100
2.74,1.1,79,9.7,5.4,3.4,2.3,3.3,14,2.6,81,79
4,5.1,100,6,5.5,3,2.4,0.1,3,1.7,100,92
3,3.6,86,6,2.6,1.2,0,2,14,4.8,81,91
3.59,5.1,100,5.7,11,6.4,6,0.7,8,3.7,100,100
3.93,3.4,96,7.7,7.6,2,0,4.1,7,4.1,100,94
3.18,0.5,77,7.2,7.2,3.5,2.4,5.2,13,6.4,83,77
3.53,3.3,99,8.3,5.7,1.8,0.9,0,2,3,100,93
4,5.1,100,7.8,2.8,0,1.9,2.8,19,2.8,100,100
3.1,2.2,70,5.3,2.5,1.4,0.7,5.3,17,3.1,85,91
3.91,2.9,90,6,2.6,0.6,3.4,0,6,5.2,99,96
4,3.2,100,8.6,6.8,4.4,0,2.1,11,7.1,96,92
2.78,0.5,58,6.8,4.4,1.9,2.8,3,13,4.3,81,82
4,6,100,8.4,4.3,2,0,5.1,8,2.8,100,100
3.28,2.1,93,6.8,4.3,1.2,1.6,4.1,10,3.6,86,93
3.52,4.3,97,5.8,4.9,2.9,0,4.5,11,2.1,99,96
3.99,3.4,93,6.6,7.3,1.7,2.4,4.2,12,4.8,93,100
3.99,5.4,100,5.8,5.7,4.3,1.9,2.3,11,7.3,100,100
4,4.1,85,6.3,7.4,3.3,2.2,6.3,12,1.3,100,94
3.51,3.1,96,7.2,4.6,1.9,1.1,1.7,14,6.3,98,97
3,2.2,85,7.6,7.7,4.1,1.2,0,10,2.5,95,91
4,4.7,100,5.1,6.4,2.8,1.3,0,14,0.8,100,100
2.83,0.7,70,7,6,2.8,0,2.8,18,6.6,91,75
4,4.5,100,6.3,2.2,0.6,4.8,2.3,14,7.7,100,100
3.49,1.9,80,6.2,5.3,2.7,0.5,1.9,21,4.5,91,78
4,5.4,100,7.2,6.5,3.3,1,3.3,5,3.7,100,100
3.84,3.7,100,6.3,7.9,4.8,1.9,5.4,9,2.8,100,98
4,4.5,98,8.7,3.5,1.7,0.9,3.9,14,4.2,100,100
3.58,3.6,77,8.4,10.7,6.2,1.9,4.3,13,3.2,93,88
3.37,0.9,78,8.4,3.6,3.6,0,0.8,10,3.4,99,93
3.16,2.2,81,6.4,3.2,0.5,1.5,2,15,4.8,97,94
4,4.5,100,5.8,3.4,1.5,0.3,4.4,13,6.5,100,99
4,3.7,95,7.1,8.1,4.9,2,3.2,18,4.7,100,89
3.88,5.3,100,6.8,8.9,4.7,3.5,4,7,5.9,100,100
3.58,4.1,96,6.3,4.1,2.8,4,4.2,12,7,100,92
3.47,2,63,5.6,8.8,3,0.9,3.3,10,3.3,99,89
3.54,2.3,92,7,4.3,1.1,0,6.2,16,3.4,100,94
3.59,3.7,91,6.5,8.3,4.8,1.9,1.9,15,4.6,87,82
2.77,0.5,91,7.8,2.6,1.3,1,1.4,10,6.9,85,88
4,6,100,7.8,7,4.1,0.3,0,17,3.4,100,100
3.71,4.2,85,8.3,9,4.8,1.8,4.5,12,6.1,100,90
4,5.3,100,5.5,6.2,2.9,1.8,1.9,6,0.1,100,85
2.82,1.1,64,7.5,7.5,4.3,2.4,5.5,11,0.9,82,84
4,5.4,100,6.1,8.5,5.6,0.8,3.5,24,2.8,100,98
4,6.8,100,5.5,4.5,3.2,0.7,2.3,11,4.2,100,100
3.27,1.5,93,6.5,3.8,2.5,0.7,0.9,13,6,93,83
4,4.7,100,8.3,7.1,2.7,0.6,4.7,13,4.2,100,100
3.35,3.5,100,6.6,5.8,1.7,2.4,2.9,12,5.4,89,100
3.33,1.2,91,8.9,5.9,1.7,0.5,3.5,20,5.4,91,91
4,4.2,100,7.7,5.5,3.5,0,4.2,16,4.8,100,95
3.95,4.8,88,6.5,5.4,2.6,2.1,3.5,15,4.4,100,92
3.54,2.6,90,8.4,7.8,3.3,2.1,1.3,11,3.4,82,93
4,5.2,100,7.5,2.1,0.6,4,4,15,3.3,100,100
2.44,1,73,5.9,7.1,2.7,4.7,4.6,10,5.6,89,71
3.17,1.3,72,9.2,6.6,4.3,3.5,3.7,14,8.7,98,85
4,3.7,97,7.3,3.1,1.1,2.4,4.3,22,4.8,100,94
3.65,3.5,100,7,5.8,2.8,1.5,4.5,20,3,100,94
3.62,2.4,92,6,1.7,0,0.5,2.2,11,3.6,91,100
3.85,4.7,100,8.4,1.5,0.8,4.4,2.1,13,3,96,98
3.58,4.3,95,7.6,7.1,4,2,7.5,7,2.4,100,98
4,4.8,100,7.8,5.9,2.3,3.4,5.7,11,4.9,100,100
3.19,3.3,68,6.4,10,5.5,1.4,2.9,1,3.2,88,74
4,4.4,100,8,7.1,3.4,2.2,4.4,17,4.2,100,83
3.66,2.8,86,8.1,9,3.6,1.7,1.1,8,3.6,100,89
4,6.6,100,6.2,5.8,1.2,0.6,1.8,12,3.8,100,100
3.46,2.3,73,5.3,6.1,2.2,2.2,0.5,10,7.6,100,98
4,6.7,100,7.7,5.3,1.7,4.4,3.6,17,3.4,100,96
4,3.6,100,5.1,5.7,1.2,0.8,3.6,19,2.2,100,100
2.81,1.4,77,7.2,4.1,3.8,1.2,5.2,19,8.2,78,89
4,5.6,100,6.5,6.5,4.1,0,2.6,6,1.7,100,100
3.71,3.7,100,8.5,4.2,3.4,2.3,5.1,15,3,100,99
4,4.8,96,6.5,5.4,1.6,2.3,4.3,8,5.3,100,93
4,5.3,100,8.3,5.4,3.3,2.2,7.9,13,2.7,100,100
4,4,100,6.4,6.6,0,1.1,6.3,17,6.1,100,100
3.23,2.6,82,8.2,7.2,4.8,1,6,11,3.4,91,89
3.71,5,100,9.5,4,0.9,1.7,4.7,13,6,100,97
3.77,3.5,95,5.7,3.6,1.1,2.2,1.2,9,1.3,100,97
3.65,4.5,92,7.4,5.4,3,1.5,3.6,17,5.6,95,100
3.71,0.5,76,10,4.6,3.1,0.9,7.5,11,7.6,98,87
4,4.2,98,7.1,4.2,2.7,0,4,9,6.6,100,100
3.92,2.5,84,7.1,1.5,1.1,2.8,1.4,14,3,100,94
4,6,96,7.9,8.2,4.5,1.7,3.7,17,3.2,100,95
4,4.4,100,7,2.8,0.3,0,1,5,6.7,100,100
3.98,3.9,84,5,5.9,0.6,2.3,1.3,14,1.5,100,100
4,4.2,100,8.4,4.1,2.6,2.4,3.8,10,0.1,95,100
3.24,2,86,4.6,5.7,0.9,0.9,4.5,15,6.1,98,87
3.79,5.9,95,6.5,9.5,4.6,0.1,1.4,9,1.7,100,100
4,6.5,100,8.4,5.5,1,2.9,1.9,8,2.3,100,100
3.47,4.1,81,6.6,8.4,5.1,0.9,0.1,8,3.1,100,97
4,5.9,100,6.2,7,4.4,0,2.7,13,3,100,99
3.8,2.6,80,8.1,9.2,4.7,1.4,0,15,5,93,89
2.98,2.3,81,6,7.7,5.6,1.7,2.4,9,4.3,77,83
3.39,3.6,77,5.5,6.2,2.9,1.6,3.2,12,7.1,100,93
4,4.2,100,7.3,4.2,1.3,0.6,0,9,2.3,100,100
3.2,2.9,99,6.8,4.5,2.6,1.6,1,10,1.3,100,93
3.99,4.3,96,5.5,5.3,2,2.4,2.9,10,6.1,100,100
3.62,4,89,7.8,5.6,1.7,0,2.6,8,4.8,100,100
3.14,2,66,7.6,4.9,3,2.2,2.7,6,4.2,85,68
3.71,4.3,100,6.6,5.9,2.3,2.6,3.6,12,4.4,100,80
4,4.8,100,6.7,2,1.7,1.1,0,18,2.4,100,98
3.94,3.8,97,7.6,4.1,2.4,0,4.4,12,4.5,100,86
4,5.2,97,8.4,6.1,3.6,2.7,2.4,11,4.2,100,91
3.09,1.7,68,6.7,7.6,4.2,3.2,1.8,16,6.3,88,85
4,4.2,100,7.8,4.4,0.4,0,0,10,1.3,100,94
3.37,1.7,84,7.7,5.4,2.3,1.3,2.5,13,0.5,99,84
3.06,1.8,76,8.1,6.3,2.6,0.2,4,4,3.1,87,94
3.64,2.6,100,7,3.8,1,0.7,3.3,12,1.7,100,99
3.34,2.1,90,5.9,6.1,2.6,1.4,3.3,10,4.1,100,77
3.69,2.7,90,6.4,6.4,3,2.7,2.3,3,3.9,100,100
3.65,3.2,86,7.4,6,3.6,2.3,2.9,10,6.1,92,94
4,4.8,100,9.2,5.5,2.9,1.7,0.8,1,5.2,100,100
3.93,3,98,6.4,5.2,1.5,4.4,3,9,4.2,100,89
2.75,1.1,71,8,11,5.8,0,2,14,6.4,75,83
4,5.2,100,6.6,8.4,4,0.8,0.8,7,1.5,100,99
3.55,2.2,91,7.1,5.2,3.6,1.6,4.5,8,4.5,100,97
3.82,3.4,95,8.8,5.9,4.3,1.1,0,4,7.2,94,97
4,4.2,90,7.9,5.6,3.2,1.2,4,13,5,100,89
3.32,3.8,80,5.5,7.8,4.7,2.6,4.2,10,2.3,100,87
4,5.1,90,6.3,6,2.9,0.4,1.9,12,2,100,100
4,4.2,100,8.5,7.3,2.8,3.8,5.1,18,2.6,100,86
3.41,2.2,71,7.2,8.4,3.8,0.3,1.9,7,3.2,100,77
4,6.8,100,5.6,8.2,5.2,0.5,1.8,18,1.5,100,98
3.03,3.8,76,6,7.8,5.1,3,0.6,11,4.7,93,91
3.6,3.3,100,7.8,7.3,3.7,3.1,3,17,4.2,100,93
3.83,4.9,94,8.2,7.9,3.6,1.1,1.1,11,2.9,100,83
3.71,3.9,96,7,7.5,3.8,3.1,1.4,4,7.1,100,94
3.65,4.1,88,10,6.8,4.3,0.3,2.9,6,2.6,100,93
4,7.2,100,8,7,4.7,0,3,11,5,100,95
3.8,3.1,99,6.7,4.1,2.4,2.8,5.5,4,7.7,100,97
3.44,3,84,6,8,4.8,0,4.9,15,4.5,86,89
3.42,3.7,90,5.8,7,3.3,1.5,4.1,16,6.4,100,90
4,5.1,100,7.4,7.7,3.8,4,2.7,5,0.7,100,100
2.75,1.2,67,6.4,9.3,4.9,0.3,2.2,11,4.8,79,75
2.57,0.6,83,9,8.7,3.9,0,2.9,12,4.4,85,70
3.27,2.6,90,8.8,5.6,4.2,0.3,1.9,15,5.4,97,74
2.79,1,66,7.8,5.7,2.2,0,1.6,14,0,91,86
3.53,2.9,96,5.6,8.5,5,0.1,2.8,10,6.1,100,87
3.68,4.3,96,6.2,6.7,3.8,0,1.2,5,0,100,98
3.76,2.2,84,8.5,5,3,2.8,1.4,12,4.9,100,100
3.07,1.4,75,6.3,9.2,4.5,0,4.9,11,3.6,90,82
2.91,3.6,83,8.3,9,6.7,2.3,0.2,8,3.6,98,95
4,4.8,100,7.6,1.4,1,0,0.9,23,6.1,100,100
3.01,1,84,7.1,4.6,1.6,1.7,5.5,13,5.2,83,96
3.85,4.7,97,6.2,9.5,6.8,2.7,2.2,9,6,100,100
3.74,4.7,100,6.9,8.6,3.4,1.5,5.8,9,4.4,100,100
3.9,4.9,98,7.2,6.7,3.1,0,0.7,16,2.6,100,100
4,5.3,100,8.2,5.2,2.6,1.4,3.1,18,3.5,100,85
4,6.8,100,5.9,7.4,4.6,0.8,4.5,15,4.3,100,99
3.45,3,87,6.7,9.4,6.7,1.3,1.2,17,3.5,97,97
3.58,3.7,91,7.1,7.5,1.8,0,6.3,6,3,100,93
3.74,2.9,89,7.8,6.5,2.7,2,2.2,12,4.8,100,88
3.72,3.5,95,5.9,3.6,2.3,1.1,4,6,6.3,100,100
4,5.8,100,5.4,6.6,3.9,2.5,1.6,16,6.4,100,100
3.19,1.5,86,7.8,7.6,4.6,2.8,6,16,7.8,88,90
2.51,2.2,65,5.2,6.9,5.2,2,3.6,7,3.6,75,75
4,5.6,97,8.5,4.9,4,1.1,7.2,9,2.1,100,100
3.59,5,100,6.8,10.3,6.6,0.5,5.4,7,4.4,100,96
3.35,3,92,5.1,3.9,1.9,0.4,4.7,13,5.1,100,98
4,4.8,100,6.4,6,1.5,1.9,1.1,11,3.4,100,87
3.63,4,90,7.5,8,5,2.2,3.2,12,1.2,92,91
4,5.8,100,6.4,5.4,3,1.3,2.4,10,1.3,100,98
3.76,3.6,99,7,1,0.7,1.5,3.1,21,4.1,100,87
4,5,100,7.9,6.8,2.3,0,3.3,17,0.4,100,93
4,7.5,100,6.8,6.6,3.2,1.7,1.2,11,3.9,100,99
4,4.4,100,5.9,4.3,1.8,0.9,2.7,4,1.6,100,100
3.81,3.6,100,6.6,3.2,1.3,3,2.8,4,7.2,100,100
3.81,4.6,100,8.7,7.4,2.5,1.9,1,4,4,100,100
3.82,3,100,9,2.9,1.2,1.1,4.6,14,5.6,100,100
4,7.1,100,4.6,6.4,3.8,2,3.4,11,5.5,100,100
4,3.8,100,8.3,3.7,0,3.9,4.6,18,6.1,100,88
3.98,3.1,100,7.3,7.6,2.9,2.6,4,16,2.4,87,99
3.03,2.2,83,8.1,6.3,3.6,0.8,0,1,2.4,95,80
3.74,5.1,100,6.3,4.8,2.7,2.2,1.3,8,4.1,100,92
3.73,4.8,99,4.9,7.3,4.4,5.3,6.3,4,5.7,100,99
3.86,2.8,100,7.7,4.8,0.7,2.6,4.6,10,10.7,100,99
3.77,4.4,98,5.9,6.1,1.7,1.3,0,14,0,100,100
3.33,1.2,78,5.3,3.6,2.3,3.1,3.9,12,2.6,85,84
2.9,3.8,83,5.4,7,3.9,0,1.3,12,1.9,85,91
3.89,4.2,99,7.7,4.4,3.1,0.1,0,6,4.4,99,95
4,6.1,100,7.2,10.1,6,0,6.3,24,2.6,100,94
3.42,2.3,94,7.9,5.1,1.6,0,3.2,13,5,100,99
3.7,1.6,80,7.8,2.6,0.7,1.5,3.4,20,3.5,92,100
3.3,2.2,73,6.5,10.3,5.5,0,0.5,16,4.7,95,88
3.02,1.5,73,6.9,4.1,0.7,0.2,0.7,15,1.8,75,78
4,5.5,100,6.4,7.1,3.8,0,0,15,4.4,100,100
4,5.8,100,6.7,4.1,1.3,2.1,5.8,9,1.3,100,98
3.56,4,79,5.8,3,0,0,0,9,4.2,100,95
4,5.3,96,7.5,4.7,2.2,2.6,6.2,11,3,100,100
3.57,3.7,95,8.3,6.2,4.1,1.3,1,11,7.1,100,100
3.27,3.4,88,6,5.5,1,3.3,0.5,1,3.5,88,97
3.83,3,92,8.5,6.1,3.7,1,2.9,12,5.3,100,100
3.3,3,90,7.1,6.3,3.9,2.6,1.6,15,2.8,96,100
3.67,1.2,76,7.3,3.7,0.9,1.8,3.2,5,4,100,97
3.16,3.9,85,5,7.2,2.5,2.3,1.2,7,3.4,100,92
3.58,3.4,90,4.8,9.6,5.2,2.7,2.4,12,4,96,87
3.89,4.6,100,7.2,6.3,3.8,1.7,1.5,14,1.6,100,89
3.14,3.6,75,7.9,6.9,2.4,2,4.7,11,0.3,96,91
3.7,3.3,76,6.2,6.5,3.4,2.2,4,14,5.7,94,100
3.34,2.2,75,9,3.8,1.8,0,3.5,13,4.8,100,100
3.11,3.6,91,7.9,6.9,4.5,2,5.1,10,5.2,100,85
4,4.6,97,5.9,9.1,4.5,2.6,3.5,12,3.2,100,91
3.34,1.8,79,7,8.5,3,1.4,3.4,12,6.2,96,88
3.96,3.6,94,10,6.5,3.1,0,2.8,12,2.5,100,86
4,3.8,100,5.5,3.6,1.3,2.1,1.6,11,2.9,94,91
3.79,2.4,93,7.6,3.7,0.8,0,1.6,14,4.2,100,97
3.5,2.6,80,6.6,4.3,2.2,0,3.3,17,2.9,88,94
4,3.8,90,7.8,5,2.7,3,5,14,5.8,100,97
3.29,1.8,75,8.5,6.5,4.4,2.2,4.1,1,2.3,100,78
3.94,4,90,6.5,7.1,4.2,0.5,4.1,5,1.7,95,100
3.28,2.2,86,8.3,6.2,3.1,2.1,0.8,15,0,93,89
3.87,5.1,100,9.7,7.4,4.6,1.2,4,8,4.9,100,100
4,7,100,7.1,4.1,1.4,2.5,2.2,18,3.9,100,94
3.41,2.2,72,7.9,8.3,4.4,5.5,3.4,5,3.5,92,90
4,4.3,100,6.3,4.3,1.6,0.3,4.1,16,4.7,100,100
3.38,2.4,88,7,7.5,4.7,1,0.7,8,0.4,100,88
4,5.1,100,6.8,5.6,2.8,0,3.3,18,3.2,100,100
3.34,1.6,90,8,4.9,0,2.9,3.5,8,7.2,100,95
3.81,4.2,93,8.4,6.3,3.9,1.2,5,7,6,100,90
3.29,2.2,86,6.9,7.7,4,1.2,2,12,4.3,83,88
4,3.2,95,8.8,4.2,2.1,0.9,2.9,5,1.9,100,100
3.41,2,76,8.8,5.6,2.2,0.7,3.3,7,2.7,88,100
4,4.7,100,8,6.3,2.6,0.8,2,16,3,100,100
3.43,2.2,90,6.4,4.3,0,1,1.9,19,3.4,94,97
4,4.3,100,6.3,2.5,0,2.5,1.9,11,3,100,97
3.25,3,84,6,6.5,4.8,2.7,2.7,10,5.4,93,85
4,3.3,90,8.1,3.7,1.6,1.7,6.5,4,3.9,100,99
2.62,3.7,71,5.5,9.8,5.6,3.4,2.8,15,2.6,85,76
3.53,2.4,73,7.8,10.4,4.9,2.3,4,10,4.2,76,80
3.05,3.8,80,5.7,9.2,5.2,0.7,3.1,6,3.4,94,91
4,5.8,100,8,3.3,1.8,2.6,2.4,13,5,100,100
3.32,2.3,88,7,4.4,0.4,2.7,3,5,2.6,90,90
4,5.3,100,8.6,3.1,1.2,1.7,4.5,13,3.6,100,99
4,5.7,100,8.4,4.7,2.1,1.1,2.9,10,2.1,100,100
4,2.3,98,8.7,3.2,0,0,2.7,13,4.6,100,100
3.55,1.3,80,8.8,5.5,2.1,0.9,2.5,5,0.7,94,97
3.81,4,100,7.2,5.6,2.5,0,1,13,3.2,100,100
3.37,2.7,83,5.6,3.2,0.9,1,5.1,3,6,91,84
4,6.3,100,5.7,5.5,1.2,1.6,2.1,13,1.5,100,100
3.36,3.6,79,4.5,4.9,2.5,2.9,5.9,12,3.6,100,88
3.16,2.3,83,5.7,7.8,3.3,0.8,3.5,3,5.3,92,96
3.64,1.8,92,7.1,2.9,1.5,1.8,5.8,12,5.2,83,82
4,5.1,100,6.3,6.5,3.2,3,2.6,15,3.3,97,100
3.72,2.6,93,6.8,4.5,3,0,1.5,10,4.4,100,85
4,3.6,100,7.6,4.9,2.9,2.2,5.1,5,5,100,100
3.79,4.9,100,6.6,4.2,1.8,0,1.9,10,4.4,100,92
3.61,2.8,82,5.7,5.6,0.8,0.3,5.6,1,2.8,100,91
3.25,3.4,91,6.9,9.9,5.3,0.4,4.2,14,4.1,95,82
3.3,3.5,82,5.9,7.7,3.7,0.6,5.9,16,2.9,99,82
3.98,4.5,87,6.7,7.3,4.3,0.6,1,10,2.5,100,100
4,4.4,100,8.6,5.9,2.7,1.9,4.9,11,4.9,100,99
4,3.2,100,6.7,7.1,2.6,1.2,1.5,18,2.6,100,92
4,3.6,100,9.1,7.3,3.5,0.2,0,20,2.2,100,100
3.65,2.9,100,8.7,3,0,0,4.8,16,2,89,100
3.33,1.3,66,6.3,5.9,1.1,2.4,3,7,1.3,91,87
3.61,3.9,91,5.7,5.6,1.6,2.7,4.9,18,4.7,100,95
4,6.3,100,6.9,5.4,2.1,1.5,3.2,15,5,100,96
3.86,2.2,87,8.4,3.9,1.5,0,3,13,6.5,98,91
3.51,2.3,100,6.4,5.6,3.3,0.8,6,14,2.7,99,72
3.63,2.2,89,8.1,5.5,2.9,0.6,3.2,17,6.3,100,100
3.95,4.6,98,8.5,8.4,4.9,0.8,2,3,6,100,100
3.51,4.2,86,6.1,10.5,6.5,3.2,2.8,11,4.4,89,89
3.78,3.3,93,6.2,2.2,0.9,2.4,3.3,6,4.8,97,85
2.87,2.1,73,7.9,3.7,3,2.5,0,14,3.2,95,81
4,3.6,100,7.2,4.9,3,2.9,4,8,3.8,100,94
2.82,1.2,79,6.2,5.3,2.8,1,5.7,27,4.5,80,82
4,3.7,95,6.6,5.6,1.2,1.1,2.9,16,0.4,92,100
4,4.8,100,6.9,4.1,1.4,1.6,2.2,6,4.1,100,94
2.96,1.6,81,5.1,6.5,3.2,0.8,3.8,17,1.6,87,82
3.5,1.2,98,7.9,4.9,1.4,0.7,6.5,10,0.2,87,100
4,5.9,100,6.4,4.8,3,2.6,3.9,12,4.2,100,100
2.63,2.6,82,3.7,7.2,2.4,2.3,3.4,11,4.7,100,86
4,5.2,98,7,5.2,3,0,2.2,3,1.6,100,95
3.55,3.3,80,6.1,6.3,1.4,1.3,0.9,9,3.3,100,98
4,3.3,96,9,5.8,3,3,3,6,1.7,97,96
3.61,4.2,93,6.3,4.1,1.5,2.5,3.1,1,2.6,100,99
3.27,2.2,82,5.7,4.7,3,1.6,0,9,2.7,84,86
3.33,3.7,94,7.6,8,4.8,3.5,1.5,11,1.8,98,94
3.92,2.9,92,6.2,8.9,3.2,1,5.3,5,5.4,100,99
2.78,1.5,67,6.1,6.8,3.3,1.2,2.5,17,3.9,92,79
4,4,88,7.6,7.3,4,0,0,14,3.4,100,88
4,3.1,89,5.8,2.9,0.7,1.5,6.2,13,7,100,97
3.27,3.3,85,5.3,9.1,5.4,3.9,1.2,15,2.1,84,89
3.46,1.7,89,9.1,4.4,1.2,1.5,2.1,15,5.8,98,95
4,5.9,100,7.7,7,4.1,1.8,5.1,13,1.1,100,100
4,4.8,81,6.7,7.5,3.9,1.3,1.5,20,6.9,100,100
4,4.9,100,7,2.2,1.4,2.1,0,2,4.8,100,95
3.79,3,96,7.6,7.2,4.3,0.6,3.4,15,2.6,100,100
3.42,0.9,68,8.2,5.1,3.5,3.8,4.6,10,5.4,93,88
3.98,6.4,100,6.1,8.6,5.6,2.9,2.1,19,5.7,100,96
3.86,3.4,100,7.4,5.2,3.1,2.4,2.8,14,1.9,100,100
3.48,2.4,79,6.4,4.8,2.6,3,0.6,11,5.2,98,87
3.5,4.1,93,6.8,3.4,2,1.5,1,19,5.5,100,90
4,5.3,100,7.2,4.5,0.2,0.6,2.4,11,4.2,100,76
3.73,3.5,98,7,4.5,2.3,2,4.3,14,4.4,100,100
4,5.4,100,7.9,4.7,2.4,3.1,3.2,9,5.8,100,95
4,5.1,100,7.6,8,3.2,1.1,5,13,3.5,100,100
3.22,1.9,89,5.2,4.4,0.7,1.1,6.3,22,2.4,88,84
2.9,2.5,68,5.4,3,2.4,1.7,4.8,16,5.5,82,77
3.97,4.9,100,6.6,8.4,3.7,0,0,14,3.6,100,98
3.22,0.5,80,9.2,8.8,3.8,0.2,2.4,5,3.7,80,93
4,3.3,100,6,4.9,0,0.8,4.8,24,5,100,100
2.96,1.4,70,6.8,7.7,3.9,3,2.8,6,5.9,90,85
3.04,2.8,79,6.4,4.1,2.4,2,0,12,3.6,99,90
3.2,3.1,81,6.3,5.4,2.5,0.1,1.9,14,2.9,98,92
4,3,99,7.2,1.3,0,1.9,0,15,4.3,100,100
3.51,2.7,94,8.7,7,5,1.6,2.4,8,1.3,100,95
3.48,1.9,83,7.5,4.8,3.1,0.8,1.6,15,1.1,81,88
4,6.9,100,6,2.7,0.5,0.7,2.3,6,2.5,100,99
4,6.3,100,10,6.6,3.4,4.6,5.4,20,0,100,100
3.17,1.8,73,7.1,5.8,3.3,0,0.3,6,7.5,85,89
4,5.9,99,6.3,7,4.6,0.8,1.6,9,4.3,100,100
3.89,2.9,90,8.7,5,2.3,2.6,0.7,15,2.8,100,100
3.43,3.7,87,6.4,7.6,2.8,0.4,5.1,11,7.6,97,100
4,3.4,89,9,7.4,1.8,0.8,5.3,20,5.1,100,100
3.53,2.5,94,6,6.2,3.7,0,3.7,18,6.1,91,90
4,5,94,8.7,5,1.6,1.8,3.6,14,2.4,100,100
4,3.7,93,7.2,3.5,1.5,2,0.6,8,0.5,100,85
3.49,2.8,89,8.5,6.6,2.7,0.1,3.4,11,1.7,100,95
3.84,1.5,97,9.3,3.4,1,3.4,0.8,5,6.5,89,94
3.19,2.2,79,5.6,7.3,5.2,0.2,3.1,8,7.2,83,90
3.11,1,70,8.5,11.1,5.7,2.1,2.3,11,3.8,76,90
3.64,3.5,85,5.3,3.5,2.1,0,1.8,16,4.2,92,90
3.25,1.7,91,5.7,1,0.7,2.2,3.1,14,4.6,100,88
3.42,3.1,81,6,7.2,3.3,2.2,4.4,11,3.1,87,97
4,5.6,100,7.6,4.7,2.1,0.6,6.6,8,8,100,100
4,5.3,100,7,6.8,4.6,2,4.1,16,0,100,93
4,3.5,99,6.8,7.9,1.6,1.9,7.6,9,7,100,100
3.75,3.4,100,7.2,7.5,3.6,1.2,3.4,15,4.4,100,99
4,6.3,100,7.7,5.9,3,2.6,6.6,15,4.3,100,99
4,4.3,100,7.8,4,1.8,0.3,3.9,17,7.9,100,97
3.93,3,100,8.3,6.7,3.2,3.1,3.5,8,5.9,100,92
3.64,1.4,93,9.2,5,4.1,2.2,2.7,10,1.8,100,90
4,4.1,100,7,5.3,2.9,0,3.6,12,4.5,100,92
3.95,4.7,100,6.4,5.9,2.9,2.2,3.9,10,6.3,97,99
2.98,2.6,84,7.7,4.8,1.5,1.2,0.2,9,2.9,91,80
3.5,3.9,71,5.6,7.3,4.5,0.7,4.4,9,1.4,97,84
3.04,3,86,6.2,6.6,4.4,2.5,0,6,3.9,93,99
3.78,3.2,100,8.2,6.3,2.2,2.9,4.4,8,2.4,100,90
3.11,0.5,61,6.9,3.6,2.6,0,4.2,15,5.4,85,80
3.62,3.2,87,5.6,7.6,4.9,1.4,5.8,16,4,100,96
4,5,100,5.2,3.5,1.1,1.3,1.3,13,4.9,100,100
3.62,2.6,89,7.1,7.9,3.7,0.8,1,11,2.2,97,94
4,3.6,93,8.4,4.4,2,1.8,5.2,11,2.2,100,95
3.52,2.4,77,8.4,9,5.5,2.9,0.9,19,5.3,88,80
3.7,4,96,7.1,6.3,2.9,0,0.7,16,4.1,100,96
3.76,3.2,82,9.4,5.5,4.7,0.5,3.4,1,3,100,100
3.28,2.1,93,6.9,4.6,1.7,0.6,2.9,8,5.1,100,80
4,5.5,100,6.8,1.8,0.9,2.2,3.3,9,4.3,100,99
3.53,4.9,88,3.9,5.8,2.4,0.8,4.1,20,3.6,99,80
3.44,2.6,80,6.5,5.3,3.2,2.5,4.1,15,4.1,98,95
4,4.2,100,8,6.4,2,2.7,2.8,5,6.7,100,100
4,4.3,98,8.9,6.7,3.9,1.2,3.1,15,1.4,100,95
3.84,4.5,100,6,4.6,2.5,1.7,2.9,26,3.9,100,99
3.9,1,74,7.6,4.4,0,1.3,3.1,16,5,87,97
3.93,5,100,8.3,5.6,3.6,4.1,0.2,8,2.1,100,100
3.94,2.6,89,7,5.6,1.5,0.3,4.5,20,3.8,100,100
3.53,3,100,4.3,5.9,2.3,0,5.1,14,5.9,100,96
4,7.5,100,7.3,7.7,5.1,0,4.3,9,0.7,100,100
4,4,98,7.9,6.9,5.5,1.8,4.1,12,5.3,100,100
3.32,2.9,92,5.9,6.4,1.9,1.8,1,11,4.7,92,93
3.1,0.5,83,6.7,7.3,3.7,0,0.2,8,5.3,91,88
4,5.6,100,5.6,4.1,2,0.5,4.7,6,5.6,100,100
2.26,1.5,70,3.9,5.7,2.4,2.8,3.1,9,7.1,73,88
3.53,2,78,8.2,6.1,1.9,2.6,3.3,12,5.2,98,96
3.85,3,83,7,3.3,0.2,1.2,3.4,16,2.7,100,100
4,5.6,100,8.9,6.2,2.9,0.9,3.5,6,3.1,100,100
4,4.7,100,8,7.4,3.2,0.9,4.3,5,0,100,100
4,3.3,100,6.6,6.6,1.8,2,2.8,13,5.5,96,95
3.81,4,91,6.9,7.3,4.4,2,0,10,2.4,100,100
3.3,2.6,90,7.7,3.5,2.1,2.5,4.4,10,4.2,92,87
3.65,3.7,100,8.2,3.2,1.8,2.4,4.2,7,5.1,100,100
3.67,3.6,87,7.4,5.8,3.6,0.5,0.4,8,4.1,100,85
4,5,91,8.3,2.4,0.5,1.6,0.7,6,4.5,100,89
4,5,100,6.6,5.2,4.2,2.1,4.8,3,2.6,100,100
3.6,4.2,87,5.8,7.4,2.2,0.8,5.2,14,5.8,100,95
3.1,3,84,6.9,7.9,4.3,1.5,0,14,4.4,100,98
3.95,4.6,100,7.2,7.1,4.7,0.6,3.9,20,3.1,100,100
3.33,3.4,84,5.6,6.8,3.8,0.4,2.6,15,4.4,100,94
2.95,1.9,90,5.4,2.5,1.6,0,3.1,12,2.4,79,90
3.81,2.9,100,7.5,5.3,0.9,0,3.3,14,1.3,95,99
3.55,3.6,91,6.5,1.3,0.6,1,1.5,10,4.4,100,98
3.56,4.9,100,6.8,8.1,4.5,0.7,4.3,8,3.8,100,96
3.34,3.2,90,6.6,3.4,2.6,2.7,1.6,15,4.3,99,83
3.16,1.7,88,8.8,4.4,1.9,0.5,4.5,14,4.9,100,74
3.86,3.6,92,8.5,7.1,2.6,1.3,4.9,6,4.3,100,97
3.14,3.7,83,5.5,5.4,4.4,1.8,1.3,12,0,93,86
3.65,3.8,86,6.4,6.8,4,0.4,1.3,8,7.1,100,78
4,4.9,100,8,7.3,3.5,1,3.2,17,3.2,100,100
4,5,99,7.7,7.4,3.8,0,6,10,6.1,100,94
3.14,2.6,66,7,6.2,3.1,2.9,1.8,21,2.2,89,83
3.7,2.6,84,5.6,6.9,3.3,1.9,2.2,18,7.9,92,90
3.26,1.9,77,6.2,5.4,3.1,5.1,3.6,7,3.1,92,87
4,4.5,93,6.4,8.1,2.8,1.3,4.3,9,2.3,100,100
4,5.7,100,7.3,5,3.9,2.3,4.1,15,3.4,100,100
3.64,3,92,9,7.7,3.3,2.7,3.1,12,5.6,100,100
3.57,3.1,88,6.2,4.7,1.5,1.7,2.4,11,8.1,88,92
4,5.7,100,5.8,7.3,3.6,0,3.7,12,0,100,89
4,4.3,93,6.9,7.2,3.2,4.3,0,11,8.1,100,94
3.9,4.2,89,8.2,7.4,3.7,1.2,6.7,17,4,100,86
2.77,1.7,93,5.3,4.6,2.6,1,2.6,11,4.9,93,85
4,4.5,97,8.7,6.7,4,1.7,3.4,14,3.9,100,95
2.65,2.1,85,6.8,4,2.7,3.7,7.2,14,5.8,81,85
3.21,1.8,98,6.1,6.5,3.9,2.6,1.5,18,4,88,90
3.38,3,84,5.1,5.5,2.1,2.7,7.7,12,3.4,99,78
3.65,2.6,93,7.8,5.9,2.2,1.2,4.5,13,4.3,100,97
3.72,3.2,100,6.8,7.2,3.7,3.5,3.9,14,5.8,100,95
3.49,1.3,66,7.2,3.2,2.3,1.2,4.3,9,4.9,92,87
3.53,4.9,100,5.9,8.4,6.1,0,1.3,11,4.6,100,91
4,5.2,100,6.6,5.8,3.6,1.4,0,7,3.1,100,100
2.47,0.6,67,6.4,4.2,2.8,1.5,0.6,15,2.2,71,69
4,5,100,6.9,6,4,0.2,5.2,20,7.2,100,100
3.37,2.3,81,6.2,5.1,2.1,0.7,1.1,2,5.3,95,84
4,4.8,100,5.2,8.9,4.2,0.6,0,17,2,100,100
3.74,3.4,95,10,6,4.1,3.1,2.8,12,4.2,100,100
3.38,3.5,91,5.4,6.3,4.7,0.9,4.1,18,3,95,96
3.53,3.2,88,7.2,4.4,2.1,2.3,3.1,13,6.2,95,100
4,5.3,100,4.9,4.4,1,2.5,4.2,17,4.1,100,100
2.77,1.6,74,4.6,6.4,1.9,2.7,5.3,11,6.4,83,74
4,4.4,89,7.1,5.3,2.4,2.4,4.1,12,2.6,100,100
4,5.2,100,7.2,6.6,5.3,1.9,2.7,17,1.9,100,97
3.6,4.6,100,8.5,7.6,6.1,0,1.9,24,3.7,100,100
4,7,100,7.5,6.5,3.3,0,4.5,9,5.8,100,92
3.53,2.7,81,6.8,7,2.8,0.4,3.6,13,2.2,94,95
3.64,4.9,100,5.9,7.5,2.3,0.7,1.3,8,5,100,91
3.44,3.3,96,8.8,5.6,4,0.6,5.6,11,6.1,93,100
3.57,5.4,100,8.1,9.3,6.1,1.7,3.5,9,1.7,100,95
2.97,3.5,93,5.5,7.3,5.5,1.7,4.3,7,1.1,94,91
3.66,2.9,83,7,6.4,4.5,0,2.2,15,5.1,95,98
3.73,5.5,100,7.2,6.3,4.5,2.6,5.3,13,4.9,100,90
3.38,2.8,80,6.6,6.6,4,1.9,0,8,5.2,99,92
3.55,1.4,80,7.9,4.6,2.7,1.1,6.4,6,1.7,85,100
3.77,2.7,84,8,7.7,1.7,1.5,0,16,4.2,95,98
3.56,4.4,90,6.8,5.2,2.8,3,0.2,10,3.3,100,85
4,5.6,100,6.7,7.6,3.4,1.6,3.5,23,5.5,100,96
4,3.7,100,8.8,2.8,0.6,2.2,1.9,12,6,99,100
4,5.5,100,8.1,8.3,2.6,0,2.3,12,6.1,100,100
3.73,1.5,76,7.1,5,1.6,1.3,1.9,11,4.9,88,99
3.44,2.8,86,5,8.3,4.3,0.9,1.4,5,5.1,100,86
3.66,3.1,90,7.4,4.3,2,0.8,3.6,5,5.1,100,94
3.81,3.3,88,7.8,7.5,3.3,1.3,2.9,19,1.2,83,92
3.72,3.6,94,3.7,5.1,1.7,1.9,4.8,19,0,100,90
4,4.5,91,7.3,7.7,5.2,1.8,3.2,7,7.3,100,100
3.56,2.8,100,6.5,1.9,0.2,1.9,2.2,14,6.5,100,91
4,3.7,96,6.7,6.2,3.5,0,4.5,19,7.8,100,92
3.43,3.4,83,5.9,3.5,0.9,1.9,0,5,2.4,100,99
3.35,2.1,83,6.8,6,2,2.2,0,12,4.2,90,100
3.57,3.3,89,8.7,5.8,3.1,0,0,9,5.9,95,94
2.87,3.3,77,6.5,3.9,3.2,2.3,2.3,13,5.8,86,75
3.63,3.3,100,8.2,6.9,3.1,2.9,3.8,18,2.2,100,96
3.63,3.5,99,6,7.6,3,1.7,0,14,3.4,100,88
4,3.6,92,7.9,2.8,1.8,1.2,3,15,2.2,100,95
3.72,2.9,95,7,7.8,2.6,1.5,2.3,1,2.2,95,97
4,5.4,100,7.4,7.5,2.8,0.2,3.3,15,2.4,100,100
3.29,1.7,80,7,5.3,3.1,1,0,12,3.4,87,90
3.59,2.4,95,7.8,4.4,2.7,1.9,8.2,23,3.6,92,90
4,7.7,100,3.9,8.2,3.9,3.3,3.1,15,5.1,100,100
3.31,1.9,87,5.3,4.3,2.9,2.6,0.6,10,0,96,95
2.96,1.5,70,7.5,5.3,3.1,0,3.3,21,6.3,100,95
3.85,4.6,98,4.5,3.6,2.2,0.2,6,12,1,100,98
2.86,0.5,76,6.4,4.2,1.2,0.8,0.4,13,0.8,83,87
3.62,3.1,80,6.9,7.8,3,2.1,0,5,3.7,92,83
4,6.7,100,6,8,4.6,1.6,2.8,9,5,100,100
2.95,1.2,61,6.2,7.7,3.5,5.2,2.9,8,0.4,84,74
2.71,0.5,75,7.3,4.2,1.6,2.4,4.4,11,3.2,84,78
3.04,1.3,74,8.2,7.1,4,2.1,6,6,2.9,90,82
3.99,4.8,90,5.8,3.8,2.3,2.2,4.6,3,2,100,100
3.81,5.2,100,6.3,6.8,3.9,1.7,0.2,13,6.3,100,91
3.41,2.7,90,6.1,4.3,2.2,3,0.9,5,2.6,100,100
3.3,4.5,87,4.1,6.1,3.3,1.2,1.4,16,2.7,100,82
3.97,5.6,100,7.2,4.7,2,0,4.6,22,4.7,100,86
4,6.2,100,8.1,4.7,2.1,2.1,4.2,13,4,100,99
4,3.1,85,8.2,6,0.5,2.9,5.5,13,4.4,100,100
2.69,0.5,70,6,8.7,3.6,1.7,4.1,1,5,88,90
3.39,2.3,93,5.5,8.1,3.4,1.1,1.7,15,4.1,91,100
3.86,2.9,99,7,8.6,3.4,4.9,2.6,12,4.5,100,100
3.59,3.1,92,8,7.9,3.2,0,0.1,14,5.6,99,100
4,3.2,90,7.2,4.7,1.7,1.5,4.3,6,1.7,100,100
3.84,5.2,100,7.3,7.1,4.2,2.4,1.7,11,4,100,99
4,5.4,100,8.4,7.6,4.3,1.4,5.4,18,3.8,100,92
3.26,3.2,90,6.1,4.3,1.6,1.6,4.2,8,0.5,89,83
3.93,5.1,100,6.7,5.4,3.6,1.1,6.9,10,3.1,100,97
3.6,4,95,9,7.5,4.1,2.3,3.8,17,3.5,100,94
3.91,3.6,100,6.8,3.2,2.1,1.8,3.8,15,2.2,100,100
4,4.9,100,5.5,5.6,2.4,1.9,2.6,17,4.4,100,100
3.82,3.6,92,6.2,5.4,3.6,0.6,2.2,8,3.6,97,94
4,6.6,100,5.9,3.4,0.5,2.1,2.5,11,5.2,100,100
3.05,1.3,90,7.4,4.4,1.2,0,5,8,3.1,84,94
4,2.7,95,5.9,3.9,1.3,2.3,0.3,7,1.3,100,94
4,3.3,99,7.3,1.1,0.1,4.9,3.1,7,3.9,100,97
3.3,4.2,100,6.1,6,4.4,2.1,0,12,5.5,95,76
4,5.4,100,4.5,3.5,0,1.5,3.7,20,5.7,100,100
3.34,3.5,82,7.4,5.6,3.3,2.3,2.1,18,5.3,100,97
2.62,1.4,68,7.2,7.7,4,1.6,4,15,1.1,81,86
4,4.8,100,7.6,5.4,2.4,3.7,1.5,7,3.3,100,96
3.87,4.6,87,6.2,4.6,1.8,3.1,2.5,7,3.6,100,100
3.05,0.6,79,6.1,6.5,3.1,1.3,4.3,11,7.2,87,88
3.34,3.5,92,7.5,5,2.8,0.3,3.3,14,6.4,100,79
3.09,1.1,78,8.8,7.8,4.3,1.8,6.1,15,3.9,83,85
3.64,2.5,84,7,2.5,0,1.8,2,13,4.1,82,89
4,2.1,92,7.5,7.4,1.4,2,1.9,12,4.9,100,94
3.74,4.7,98,6.6,5.2,3.6,2.9,5.5,13,0.2,100,85
3.6,3.7,88,5.1,5.5,2.9,3.9,2.3,9,4.1,97,96
3.76,1.6,91,8.2,6.5,3.9,1,2.2,5,5.5,94,87
4,4.8,100,8.1,4.6,3.2,0,3.8,11,5.2,96,100
3.67,1.3,86,7.9,6.5,2.6,0.2,2.7,13,4.4,100,87
4,4,99,6.8,4.8,2.3,0.6,2.4,11,7.6,100,93
3.01,2.3,75,7.7,6.4,6.3,2.9,1.6,4,2.7,100,77
3.35,3,85,8.1,8.9,5.1,0,5.7,11,6.4,92,97
4,4.3,98,8.9,5.7,3.5,1.7,2.7,9,3.1,100,100
3.9,4.3,100,8.2,5.8,2.9,0,1.9,19,3.4,100,98
4,5.5,100,7.1,7.4,3.6,1.3,2.4,15,2.3,100,99
3.39,3.4,87,5.4,6.6,4,0.9,3.7,1,3.1,84,98
3.69,4,100,7.2,6,3.4,0,5.9,12,3.3,100,100
3.78,2.8,100,7.3,7.7,1.7,2.3,2.7,6,4.1,98,96
3.4,3.8,85,7.9,5.9,5.5,0.3,1.3,5,2.6,100,80
4,4.2,100,8.6,4.7,3.2,1.8,6.8,1,3,93,100
3.98,3.4,80,6.9,7.5,5.8,3.9,3.3,16,3.6,92,99
3.55,0.8,83,9.5,8.2,3.1,0.3,2.8,17,1.6,97,84
3.39,4,100,4.9,4.6,2.4,2.2,3.1,5,6,98,75
3.71,4,90,7.5,8.2,4.9,0.5,0.5,18,1.9,100,89
3.17,2.5,89,6,5.7,3.3,0,2.9,23,2.2,89,100
3.14,1.6,88,4.7,6.7,3,3.6,4.5,11,4.3,86,79
4,5.7,100,6.8,4,1,1.7,5.4,7,3.6,100,100
3.56,4.2,96,5.3,7.1,3.8,2,2.3,12,4,100,100
3.84,3.2,100,6.8,6.6,2.1,0,3.4,18,7.8,100,91
3.46,1.8,75,7,5.6,2.1,0.6,5.5,19,0,98,88
3.54,2.3,80,8.3,4.2,2.1,0.9,3.1,12,2.9,100,92
4,5.5,92,5.2,6.9,3.5,1.4,4.4,7,4.1,100,100
3.69,3.7,100,8.1,6.4,0.5,2.6,3.8,13,1.8,100,92
3.68,2.7,80,7.1,6.2,2.5,2.1,1.7,12,2.3,97,83
4,4.3,100,8.2,7.5,4.3,0.9,1.2,13,4.1,100,100
3.82,2.3,98,6.5,2.3,0.9,0.5,5.1,10,5.3,100,98
4,5.8,100,5.4,7,3.1,1,0,13,1.8,100,91
4,5.5,100,5.5,5.9,1.9,1.3,1.7,3,6.7,100,100
3.43,2.8,91,5.4,5.6,2.2,0.9,0.2,14,7.8,90,96
3.49,2.6,83,7.6,8.4,5.3,1.2,5.1,18,6.5,87,100
3.28,0.5,62,8.8,6.7,0.3,3,5.7,11,4.4,83,77
3.01,1.3,86,6.3,7.9,3.9,0.8,1.6,13,3.2,88,83
3.82,1.5,86,7.8,6.6,2.1,0.4,8.5,4,7.3,94,98
3.99,3.7,89,5.2,5.1,2,2,5.8,15,5.4,100,100
3.31,3,90,7.2,3.9,1.1,0.5,3.4,17,5.7,96,100
3.09,1.5,84,7.8,7.7,3.9,1.2,6,20,4.9,99,94
3.19,3.1,87,5.3,5.3,2.5,0,1.7,1,2.8,99,84
4,4.3,100,6.8,5.2,2.3,1.6,2.4,15,5.1,100,95
4,4.3,100,7.9,6.6,3,1.2,3.9,3,4.2,100,100
2.34,0.7,60,3.5,4.9,2.5,0.3,1.6,14,4.1,83,61
4,3.3,97,8.6,3.3,0,0.8,0.4,9,1.9,100,100
3.68,1.4,79,7.4,5.2,2.1,1.1,1.1,15,5.3,93,97
3.66,4.9,96,7.9,8.3,4.1,3.9,2.6,14,6,100,100
4,4.7,100,6.5,2.8,0.5,0.9,3.9,12,3.7,100,93
2.98,2.2,87,4.9,1.8,1.2,3.9,2.3,10,5.3,96,81
2.95,2.4,100,7.6,4.8,2.2,1.9,0,13,5.5,100,100
3.9,2.8,84,6.9,5.2,1.7,0,3.9,17,4.6,100,94
3.06,0.5,79,7,7,2.8,1.8,5.5,13,0,84,91
4,4,100,8.3,3.4,1.2,1.9,1.7,16,5.9,100,85
4,3.1,100,7.9,5.9,2.2,3,6.3,5,5.8,100,97
3.74,5,100,9.3,7.1,2.7,1.1,4.7,12,3.3,100,97
3.36,1.9,78,7.2,7.7,3.8,2.9,0.9,10,4.7,90,93
2.89,2.6,93,6.2,6.8,4.7,2.7,1.7,16,4.7,90,90
3.46,1.2,76,6.8,4.6,2.4,0,2.4,15,3.7,78,92
2.8,2,78,7.5,9.1,5.6,0.1,2.6,9,3.3,84,86
3.04,1.7,79,8.2,7.5,2.5,0,0,13,3.4,90,88
3.59,5,100,5.2,7,4,2.7,1.5,11,8,100,91
2.99,2.5,60,7,8.5,5.7,0,1.9,14,5.3,82,79
3.87,3.7,91,8.9,4.4,3,3,6.8,14,6.7,100,100
3.43,2.9,84,6.7,3.3,0.7,3.3,3.5,12,0,100,91
3.04,1.6,94,8.1,5,2.9,4.3,1.4,5,2.2,100,84
3.76,3.2,96,7.6,4.9,1.9,2.3,2.1,19,4.5,100,100
3.76,4.4,100,8.1,3.6,2.4,2.5,3.9,17,2.1,100,95
3.03,1.7,71,6,8.4,5.8,1.5,2.2,12,0.2,100,90
3.93,4.7,92,6,2.8,1,0,1.8,15,0,100,93
3.47,2.2,94,7,7.4,3.3,0,1.9,15,3.7,94,82
3.9,2.8,84,5.2,3.5,1.5,0.8,4,9,3.7,86,93
3.76,4.3,100,6.7,4.6,2.3,2.3,0.2,18,4.2,96,92
3.35,2.5,79,7.3,7.2,3.9,0.9,0.8,2,0,84,87
4,3.6,96,9.1,5.8,3.3,0.8,1.1,3,6.2,100,97
3.56,3,84,7.5,8.3,2.5,3.8,0.8,8,6.8,94,95
3.54,3.7,96,7.8,5.9,1.8,0.6,1.4,14,2,100,93
2.91,0.5,82,8.4,6.3,3.3,0,4.8,13,2,91,86
2.18,0.8,67,5.8,8.8,5.4,2.8,5.1,12,5.1,80,64
4,4.4,100,6.8,1.6,1.4,2.8,3.5,12,5.6,100,100
4,5.1,100,9.9,10.2,5.7,2.8,3.4,10,6.6,100,100
3.21,2.1,92,6.9,8.2,4.6,0.7,1.7,6,5.2,97,96
3.33,3.1,82,8.3,7.8,4.9,0.8,0,5,2,98,93
3.91,3.9,96,8.2,7,3.3,3.5,3.3,6,3,100,99
3.53,4.5,94,5.2,8.4,4.6,1.1,3.6,7,3.6,100,82
2.58,0.5,68,7.4,3.8,1.3,1.8,1.7,5,4.9,83,94
3.68,2.2,87,7.2,5.3,1.8,3.5,0.8,5,2.8,93,87
3.31,3,88,7.4,8.2,3.9,0.6,0.5,11,3,90,87
3.99,4.6,99,6.1,6.7,3.2,0.7,3.3,17,4.6,100,100
4,7.2,100,5.7,5.3,2.6,1.1,3.2,14,2.2,100,100
3.67,3.2,90,6.4,3.4,0,1.9,5.4,7,2.3,100,100
3.26,1.4,66,6.9,6.8,2.1,0,1.4,9,3.8,90,87
4,4.1,100,8.4,4.9,1,0,2.4,21,4.5,100,97
4,5.5,100,9.2,5.1,3.5,0.9,3,10,3.3,100,100
4,3.7,98,8.7,6.2,2.5,2.4,1.9,7,3.1,100,98
3.84,2.1,81,8,5.4,1.9,2.1,4.7,11,8.2,96,89
3.81,4.9,80,5.8,11.2,6.8,1.1,5.5,9,6.3,100,83
3.84,4.5,99,6.5,7.4,4.4,2.2,0.8,8,6.2,100,100
3.5,2,85,7.3,7,4.4,0,2.1,12,6.4,89,99
3.67,4.1,98,6.2,7.5,6.1,1.6,5.6,18,6.5,100,92
3.94,5,99,7.7,6.2,4,1.5,3.6,5,5.7,100,100
4,5.3,100,7.9,6,1.6,3.2,3.2,14,3.6,100,100
4,3.4,99,7.6,4.7,1.5,2,3.7,17,1.4,99,84
3.33,3,97,8.2,7.1,4.2,0,4.3,14,5.5,97,81
4,5.3,95,5.9,4.6,0,0,3.8,17,2.5,100,99
2.97,1.7,71,8.1,7,2.7,2,3.4,15,6.6,92,82
4,4.2,100,6.2,2.1,0,0,3,9,4.6,100,100
2.44,1.4,62,5.9,7.3,2.9,1.4,5.7,21,4,79,74
4,5.1,100,7.6,5.1,4.1,0.8,2.5,15,2.2,100,100
3.94,3.1,100,8.5,6.8,3.2,1.4,3,23,4.9,100,98
4,5.4,100,7.6,7.6,4.2,0.6,6.1,3,2.8,100,100
3.74,4.2,84,7,10.1,5.7,2.7,3.7,24,1.5,100,93
3.15,1.7,74,7.4,6.1,2.6,1,2.9,16,3.6,83,84
4,5.6,99,7.2,9.7,7,2.1,4.3,14,1.2,100,100
3.92,5.8,100,5.6,5.9,3.1,2.1,3.5,7,5.6,100,89
3.68,4.8,100,5.5,10.4,4.2,0,1.5,16,3.9,100,100
3.02,2.4,89,6.9,5,1.9,1.9,3.5,18,2,89,82
3.15,3,72,7.1,8.9,5.2,0.8,1.4,3,4.7,82,83
3.33,3.7,92,7,5,4.4,2,6.7,15,2.2,100,89
3.58,2.4,81,7.8,7,5,0.1,3.5,9,5.9,100,100
4,6,100,6.7,6.5,2.9,1.1,1.1,15,3.1,100,100
4,3.7,86,7.7,2,0.9,2,2.2,7,5.5,100,100
3.35,0.5,72,6.8,7.2,3.5,1.9,4.5,18,5.3,80,98
4,4,94,9.2,2.4,0.3,0.3,0.8,12,5.1,100,92
3.8,3,70,7.1,4.1,2.3,1.9,8.4,16,6.4,100,93
3.88,3.4,99,9.8,5.2,3.1,2,0.1,17,0,100,100
3.03,2.9,98,7.4,11.2,6.4,0,4.9,13,6.1,81,83
3.92,4.7,93,6.7,6.7,3.3,0,2,8,5.3,99,100
4,5.2,98,5.9,4.9,3,2.3,1.4,15,2.7,100,96
3.25,3.9,100,5.3,6.6,2.7,0,4.1,12,6.1,98,92
3.9,3,100,5.8,4.8,0.8,1.6,2.1,13,4.6,100,100
3.65,3.4,91,5.9,5.4,2.9,1.3,6.2,10,2.3,100,89
3.51,3.5,88,7.5,7.2,3,0.8,0.2,3,0,100,97
3.51,2.3,97,6.4,5.5,1.3,3.5,4.1,12,7,84,98
4,4.4,93,7.2,5,1,0.2,2.4,9,3.4,100,100
4,4.2,98,8.5,4.3,2.1,0.4,3.6,14,1.5,100,99
4,5.8,100,6.9,4.5,2.9,2.3,4,12,5.3,100,93
4,5.4,100,9.5,3.1,2.1,1.9,0,9,0.5,100,100
3.83,2.5,89,5.6,3.4,1.2,1.7,3.5,23,0,100,98
4,4.7,100,6.8,5.8,3.2,1.9,5.2,10,6.4,100,100
3.16,2.1,94,6.4,6.3,3.6,0.8,3.9,12,4.1,98,100
4,4.5,99,8.1,5.9,3,0.1,2.3,21,4,100,96
3.32,2.7,80,4.3,7.1,2,3.5,0.2,7,3.9,94,98
3.38,2,83,5.3,6.3,3.7,0,4,16,2.9,96,92
3.63,3.9,91,6.9,5.4,2.5,0,6.8,8,2.9,100,100
3.45,0.5,77,8.9,1.8,1,0.6,4.3,11,7,87,96
2.66,0.9,75,7.3,10.1,4.4,2.5,5.3,14,0.4,96,90
3.23,3.2,90,5.4,4.7,3.3,0,4.9,18,3.1,95,87
3.51,3.6,76,5.6,4.8,2.6,0.4,2.2,7,2.1,81,90
3.61,2.9,88,9,4.2,0.4,2.7,3.2,13,2.1,94,95
2.6,1.1,62,6.3,5,1.7,0,4.7,8,5.4,78,78
2.94,2.3,63,5.9,10.8,5.8,1.7,0,15,5.3,93,90
4,4.1,96,8.8,4.4,0.5,1.5,4.3,17,8.4,100,100
4,4.4,100,8.2,5.3,2.4,1.6,5.5,15,6.1,100,100
4,3.5,95,8.5,7.1,2.8,2.3,2.9,8,4.9,100,100
3.75,5.2,84,5.9,7.7,3.3,0,4.6,6,0.6,100,92
3.57,4.1,90,5.2,2.8,0.6,2.7,1.9,11,3.9,100,100
3.45,2.4,73,7.2,7.3,3.1,0,3.1,6,2.4,100,81
3.82,3.1,94,7.4,3,0.3,0.9,2.5,15,3.3,92,99
3.41,1.4,74,7.4,5.8,2.9,1,3.9,19,8,77,92
3.42,3.3,100,8.8,5,1.8,2,2.8,8,2.5,100,98
4,5.2,100,4.9,4,1.5,0,0,15,5.9,100,100
4,4.5,94,8,6.6,4.1,3.6,1.6,8,6.1,100,100
4,5.6,100,5.7,6.6,2.4,1.1,6.9,18,6.4,100,100
3.82,3,85,8,4.7,3.5,2.5,4.1,17,6.9,100,93
4,5.5,100,6.4,5.3,3.6,0,0,12,4.5,100,100
3.32,3.2,82,6,8.5,4.7,0.8,5.4,16,2.5,89,90
4,5.7,100,6.3,3.9,1,0,0.7,16,2.3,98,91
3.22,3.5,93,5.3,8.4,4.2,2.6,4.8,6,2.2,86,89
3.89,4.6,95,7,6.2,2.8,0.2,5.6,14,3.6,100,100
4,5.7,93,6.1,3.6,2.2,0,3.2,9,2.6,100,88
4,3.2,92,7.9,4.2,1.1,2.2,1,13,3.6,100,100
4,3.8,100,7.8,7.3,3.7,0,1.6,10,3.6,100,100
4,5.4,99,9,4.7,1.4,1.2,4.3,12,4.9,100,96
3.83,3.3,93,7.4,6,3.6,3.8,0.7,17,3.8,100,95
3.16,1.5,81,7.6,8.4,5.7,0.2,1.8,6,1.9,88,76
4,6.7,100,8.7,6.6,4.3,0.3,4,3,5.2,100,100
3.21,2.8,88,6.2,6.3,4.9,2.7,1.7,10,5.9,96,92
3.62,3.7,95,5.2,2.9,1.7,0,5.8,18,3.8,100,100
3.82,5.2,100,7.2,7.4,3.9,3.4,0.9,8,3.4,100,99
3.21,2.6,77,5.3,3.1,1.1,2.9,0,9,0,90,78
3.6,2,81,9.9,6.1,2.4,2.2,1.4,18,0.7,100,96
3.5,3.9,80,8.7,7.7,5.4,0.2,3.6,19,10.9,91,99
3.49,0.8,82,9.6,3.3,1.9,1.4,4.7,15,5.3,95,90
3.72,3.1,90,7.1,7,4.5,1.1,2.2,14,3.8,90,100
3.55,3.9,95,7.7,9.8,4.3,1.6,2.4,17,2.9,100,94
3.37,3.1,88,6.4,7.3,4.4,1.9,2.9,10,4.2,100,93
3.38,1.2,89,8.1,4.7,0.9,0.8,6.5,15,3.9,96,100
4,5.9,94,5.5,6.8,3.6,0.8,3.8,8,2.2,100,95
3.62,3.7,89,3.9,3.9,2.6,2.4,2,20,7,96,95
3.91,5.6,100,6.1,9.1,4.4,4.5,7.1,17,4.7,100,87
3.83,3.1,88,5.3,3,0.3,0,3,15,4.8,100,97
2.69,2.2,69,8.8,4.8,3.4,2.5,0,10,3.4,60,80
4,3.9,91,9.2,5.5,3.1,2.2,0.2,15,2.4,100,98
3.48,3.2,89,5.3,2.8,0,2.1,4.1,12,4.7,100,97
3.23,1.7,87,8.6,5.4,1.5,1.8,0,9,2.3,94,83
4,5.7,100,8.1,2.3,0.1,0.8,4,15,4.9,100,99
3.36,2.6,100,5.1,7.8,1.7,1.7,1.4,2,5.9,82,100
2.49,0.7,78,6.5,5.5,3.6,1.1,5.4,16,5,87,91
4,5.5,100,6.3,6.8,3.1,2.2,3.3,7,2.5,100,97
3.56,2.7,89,7.9,3.7,3.1,2.1,0,16,3.9,97,100
3.74,2.6,97,5.5,4.1,1.2,0,4.8,5,5.5,97,100
3.14,0.9,82,6.9,7.9,4.5,1.7,5.7,10,7.2,92,84
4,6.1,100,6.2,4.5,2.8,1.8,0.4,14,7.2,100,100
3.8,1.6,94,7.6,7.7,2.9,2.9,1.4,16,4.4,84,100
3.84,3.6,83,6.7,7.7,4.2,1.5,4,9,2.3,100,88
4,4.9,100,6.4,3.9,1.3,1,4.4,7,2.7,100,92
4,4.1,100,6.7,6.6,3.1,2.7,7.7,17,4.2,100,100
3.79,3.4,100,9.4,5.7,3.4,0.5,4.8,22,6.6,100,100
2.93,0.9,74,6.5,6.5,2,0,7.8,7,5.2,75,83
3.07,2.3,81,5.8,8,3.8,2.3,3,1,3.8,97,80
3.6,3.8,96,7.7,6.9,3.5,3.2,3.8,20,4.1,100,100
3.79,2.3,98,6.8,6.3,2.6,1,1.9,11,5.5,99,96
3.65,3.8,98,5.3,3.8,2.6,0.5,2,7,5.4,100,97
4,4.5,100,9.7,8.4,3.6,3.1,3.3,12,1.7,100,92
3.54,4.9,86,6.6,6.9,4,2.2,1.8,22,5.7,100,96
3.43,1.7,73,6.5,7.1,2.9,1.1,0,15,7.4,94,90
4,6.8,100,7.2,8.4,4.5,1.8,1.7,16,2.8,100,97
4,4.7,100,9.1,8,3.8,0.2,5.2,13,2.8,100,88
4,3.5,100,5,1.8,0.1,1.9,3.1,14,4.1,100,100
4,5.1,100,7.3,2.6,0.7,0,3.2,20,6.5,100,94
4,7,100,9.5,10.3,4.6,0.4,1.5,7,6.1,100,100
3.26,1.3,67,7.2,3.6,2.4,1.3,3.7,16,4.2,87,84
3.29,3.2,83,5.5,4.7,3,1.7,6.3,12,3.4,92,96
2.45,0.5,73,6.3,7.6,4.5,1,5.8,12,3.2,75,84
3.88,3.8,100,7.2,5.9,2.8,2.8,3.7,6,0,100,91
3.43,4,98,8.6,5.3,2.9,1.7,1.3,14,5.6,96,100
3.42,3.4,100,6.6,5.2,1.5,0.9,6.5,15,5.8,100,93
3.81,2.5,97,8,7.5,3.4,1.2,5.1,11,6.6,98,100
2.58,0.5,74,5.3,6.7,3.7,2.3,0,19,0,80,65
3.94,4.1,100,5.3,4.6,1.9,2,0,12,6.1,100,96
4,5.7,100,6.4,4.4,1.4,1.1,0.1,1,3.8,100,99
3.43,2.6,94,8.7,9.1,6.7,3.4,2,15,4,93,99
4,4.2,88,7.1,3.7,2.7,0.3,4.8,6,1.6,100,97
3.05,1.1,69,7.3,5.2,1.8,3.5,4.8,19,1.6,90,97
4,4.2,100,7.3,7.8,3.9,0,3.7,21,6.1,100,88
3.37,2.9,94,8.3,5.5,2.7,0,2.7,17,8.3,87,86
3.9,2.4,77,6.3,1.5,1.2,0,7.7,12,5.7,93,89
3.1,2.4,74,7.8,5.8,3.5,3.1,3.1,15,6.7,94,77
3.2,2.9,77,6,5.6,1.5,0.7,2.8,8,4.5,93,86
4,4.1,100,9.4,6.5,5.2,1.1,2,15,7.2,100,88
2.91,1.5,75,6,7.3,3.5,0,7.4,8,3.8,81,75
3.32,2.9,83,5.9,4.9,2.4,0.8,4.4,21,5.2,100,76
3.17,3.4,100,7.7,6,3,1.2,0.9,7,3.2,100,97
3.15,1.9,81,7.1,6.4,4.2,2.3,0.7,4,4,93,82
4,6.2,100,7.4,4.7,3.1,2,0,11,4.5,100,99
3.23,2.2,86,7.3,10.7,6,0.6,2.8,15,1,80,92
3.1,2.5,85,5.7,8.5,4.5,0,0,24,6.9,98,85
3.76,2,90,8.9,7.3,3.5,1.2,0.7,8,5.6,100,82
4,6.2,100,8.1,5.5,1.4,3.8,5.1,12,6.1,100,100
3.95,4.3,95,8.6,6.2,2.6,1.9,4.8,12,4,100,96
2.89,2.1,72,6.4,7.6,3.5,0.1,6,7,7.4,78,96
4,5.2,100,7.5,3.8,1.6,0,0.1,7,4.9,100,100
3.38,3.8,92,7.2,9.4,4.7,0.2,1,3,5.3,98,93
4,3.9,100,8.4,5.8,1.3,1.1,1.7,20,4.7,100,96
3.82,3,91,8.4,5.3,1.8,3.1,6.3,8,5.1,95,97
3.78,2.4,97,7.2,4.7,2,0,3.1,2,3.2,100,100
3.3,4,80,5.2,5.4,3.9,1.9,6.6,10,9.4,93,100
3.72,2.7,97,9.1,4.9,1.6,0.2,4.3,18,3.7,98,100
4,6.2,100,7.7,5.1,0.1,2.4,2.8,15,5,100,83
2.56,1.6,73,6.3,6,4.4,1.8,4.1,15,3.6,91,76
4,5.8,100,7.5,6.3,2.1,4.3,0,20,1.6,100,93
3.74,3.3,88,5.2,3.6,1.2,1.7,0,17,6.9,86,99
4,3.9,92,8.3,4.2,1.7,3.6,3.5,1,4.1,100,92
3.15,4.7,84,5.2,7,5.4,0.4,3,10,1.2,88,89
3.61,2.6,96,6.7,3.9,1.8,1.1,6.9,14,2.5,100,88
4,4.8,92,7.3,6.4,2.6,0,0.2,13,7.2,100,100
3.09,0.5,81,8.2,6,2.1,1.7,3.7,15,3.9,87,91
3.93,2.4,96,7.1,4.3,1,1.2,4.4,25,2.9,100,98
3.59,2.1,93,7.8,4.1,1.7,2,3.7,7,3.9,87,100
3.76,1.6,83,7,2.5,0.8,1.3,5.2,1,5.1,100,100
3.08,3.2,79,7,7.3,4.2,3.3,1.7,1,10.3,92,87
3.73,4.1,85,7.1,5.6,3,1.2,4.7,17,0.3,100,100
3.58,4.6,83,6.8,9.8,6.5,2.2,4.1,11,2.2,98,100
3.84,3.9,85,5,4.3,1.7,3.6,5.3,5,5.9,100,98
4,2.5,89,6.1,4.1,1.5,3.8,2,11,1.2,100,96
3.11,4.1,82,7.3,8.3,5.1,2,0.6,10,6.1,89,94
3.9,3.7,89,6.7,7.8,4.4,1.7,1.7,10,8.4,100,100
4,4.9,100,6.8,7.9,3.4,2,0.9,2,4,100,92
4,4.7,100,6.6,3.7,1.1,3.6,1.9,15,8.1,100,96
3.32,3.5,84,6,9.1,5.4,1.6,2.3,16,3.8,96,99
3.24,2.2,93,6.4,7.9,2.7,1.7,1.2,13,6,88,92
3.68,2.5,90,6.6,5.9,2.2,0.4,3,12,4.1,100,98
3.48,2.7,90,7,8.9,4.5,0.5,0.6,13,5.3,100,91
3.33,3,87,7.5,5.1,2.8,2.2,2.9,12,7,83,100
4,3.9,100,6.8,3.2,1.1,0.3,2,3,2.6,100,94
3.91,4.6,100,5.8,5.7,2.9,1.9,2.8,8,3.1,100,100
3.11,3.4,93,5.3,4.5,1.6,1.1,3.8,13,9.4,97,97
4,3.5,100,10,4.3,0,0.7,2.2,8,6.1,100,100
3.49,3.7,96,5.6,3.6,1.5,0.4,1.4,16,1.5,100,95
3.8,2.7,100,6.4,4.9,2,4.6,1.7,5,3.4,97,100
4,2.1,93,7.6,5.4,1.1,2.2,5,24,0,100,100
3.15,0.9,87,7.4,7,3.7,0,5.6,22,0.7,100,87
3.52,2.5,74,7.6,4.6,1.6,4.7,2,11,5.2,98,95
3.53,4.2,96,6.5,6.8,3.5,1.7,2.7,5,1.5,100,96
4,2.4,96,7.3,2.6,1,0.6,0,9,3.1,100,100
3.75,3.1,91,7.1,5.8,4.2,1.2,2.6,18,2.9,100,95
3.95,4.2,100,6.6,2,0.9,3.6,0.1,10,6,100,100
3.84,4.3,100,7.3,3.2,0,0.6,2,14,7.3,99,100
3.37,1.9,90,8.3,8.8,4.7,1,5.2,12,3.1,93,86
4,5,93,7,5.4,1.5,2.2,0,15,8,100,95
3.98,5.2,98,7,9.8,5.4,1.2,1.2,15,0.2,100,93
3.25,1.8,83,8.3,8.3,3.6,3.3,1.2,11,4.2,92,92
3.4,2.3,80,8.2,7.2,4,0.5,0,19,1.3,99,96
4,5.3,100,8.9,7.3,4.4,0.6,4.7,15,1.2,100,100
3.49,3.3,71,4.9,7.8,3,1,3.6,18,4.6,86,95
2.95,0.5,63,8.1,5.2,3,1.2,6.6,11,5.3,68,86
3.2,1.4,86,7.7,6.3,4.7,2,1,11,2.4,89,80
3.43,3.1,89,5.9,5.6,3,1.2,0,25,4.9,86,93
3.59,1.8,81,7.3,4.2,1.7,0.6,4.9,12,0.9,100,96
3.32,2.9,97,8.3,6.8,3.7,2.2,2.3,18,5.5,96,100
3.97,3.5,100,6,2,0,0.5,2.1,5,3.6,100,100
3.95,5.7,100,7.5,8.2,4.8,2.6,6,14,3.6,100,100
3.44,3.1,73,8,7.1,4.8,0,3.3,10,3.4,86,93
4,5.1,100,5.7,9.1,4.6,1.8,4.8,20,5.3,100,100
3.75,5.6,95,6.8,6.1,4.5,1.4,1.8,9,0,100,83
4,5.7,100,7.4,5.5,2.7,2,1.5,10,3.2,100,100
3.76,3.9,99,6,5.2,2.6,2.2,2.3,15,3,100,100
2.75,0.6,87,5.9,4.3,1,1.5,4.3,7,5.1,75,76
3.83,4.2,96,6.8,9.5,5.4,4.2,3.1,13,6.1,100,91
4,5.1,100,8,5.4,2.1,2.3,3.9,9,3.3,100,100
3.63,3.4,86,7.8,6.1,3.3,3.9,0,13,3,100,100
4,6.1,95,6,7,3.2,1.9,0,12,1,100,89
4,4.8,100,7.8,4.8,0.8,0.7,0,21,8.3,100,100
3.33,4.4,100,6,3.5,0.2,0,2.2,14,4.4,100,98
3.87,5.1,100,5.1,6.3,2.8,2,0.2,5,10.7,100,96
4,4,100,6.6,5.9,2.1,2.3,6.4,7,6.3,100,100
2.83,0.5,69,8.3,3.7,2.7,0,3,10,1.2,84,67
3.06,2.8,93,7.8,7,4.4,1.6,3.4,9,6.3,100,97
4,5.3,100,7,6.6,3.1,0,0.8,19,2.9,100,95
3.14,2.3,92,6.5,6.6,3.9,2.6,0.8,9,4.3,83,93
3.75,3.2,87,6.5,6.2,3.5,2.4,6.1,12,4.4,100,92
3.45,1.9,82,7.1,5.7,2.3,0,6.6,15,2,90,76
3.81,6.2,100,5.7,4.8,1.3,0,3.8,26,2.9,100,86
3.93,6,92,6.6,6.8,3.2,0,0,11,5.9,100,97
3.26,2.2,82,6.7,4.9,2.9,2,2.1,20,3.1,95,90
3.37,3.7,75,5.4,5.5,4.2,2,3.6,10,8.1,100,92
3.13,2.5,84,6,6.6,2.6,2.6,2.5,17,3.4,76,86
4,4.4,98,7.5,4.5,2.4,0.1,0,8,2.5,100,87
4,4.3,100,7,4.5,2.5,0.9,6.7,16,2.7,100,90
4,4.7,100,6.6,3.3,1.4,0.5,1.3,10,3.4,100,96
3.35,4,88,5.9,9.4,5,0.3,0.3,17,4,98,90
4,7.9,100,8.9,7.8,4.5,0.3,2.9,16,4.5,100,100
3.55,2,85,6,4.4,1,0,5.4,15,6.5,99,91
2.86,0.9,83,7.3,7.8,4,2,4,14,2.5,100,79
3.29,2.9,85,6.4,2.9,0,3.4,0.4,10,2.7,100,82
2.77,1.1,61,7,8.5,4.3,2.6,0,16,4.9,81,82
2.91,1.3,66,7.5,3.4,1.8,1,0,4,7.8,76,84
3.07,2,66,5.4,5,3.3,1.4,2.4,25,4.2,95,81
3.9,2.1,89,7,1.6,0,2,2.1,15,4.3,100,93
3.87,2.1,78,8.4,4.5,1,1.7,4,15,4.1,83,93
3.93,4.3,98,9.1,7.1,3.5,0.3,1.6,14,4.3,98,100
3.65,2.7,93,6.8,4.1,1.7,2.1,4.9,8,4.3,100,89
3.59,3.2,77,7.1,4.2,1.5,2.2,4.3,9,3.5,90,80
4,4.8,100,9.7,9.4,4.9,0.3,1.5,13,0.6,100,97
3.81,2.4,93,8.4,8.3,6.1,1.7,3.8,10,3.8,100,99
3.62,3.1,100,6.3,7.6,4.2,1.2,5.7,6,3.3,100,91
3.78,4,100,6.3,3.4,1.2,2.1,1.1,12,7.9,100,100
2.57,0.6,89,8.1,9.7,5.4,0.6,2.6,14,5.4,89,73
2.7,0.5,76,5.8,4.3,0.5,4,2.5,12,5.9,85,80
3.81,4,100,8.3,3.6,2.3,0,2.3,17,4.8,100,97
4,4.2,96,7.4,5.6,2.9,3.9,4.6,13,2.6,100,100
4,6.6,100,7.6,6.2,5.7,0.4,4.8,20,1.9,100,100
3.37,3.7,92,6.7,8.3,4.2,2.2,3.8,24,3.7,100,90
4,4.7,88,6.2,7.6,2.1,0.1,3.7,11,1.5,100,91
3.49,3.2,85,8.8,1.8,1.4,0.5,1.9,6,8.2,99,92
3.81,3.9,100,6.7,5.6,4.3,0.3,3.7,6,1.7,100,88
4,6,100,6.5,5.2,2,0.8,0.4,12,7.1,100,90
2.88,0.5,82,6.9,6.1,3.1,0.3,8,16,3.6,82,78
4,4.1,97,7.2,3.2,0.7,4.3,5.7,10,2.6,100,95
4,6.7,100,5.8,4.6,3.7,2.8,4.9,12,5.9,100,100
3.69,3.9,92,6.3,6.9,3.5,1.1,3.8,9,4.6,100,100
4,6,100,6.3,5,0.9,2.8,3.8,10,2.1,100,100
3.67,2.6,97,8,10.7,4.3,4.4,0,13,3.5,100,97
3.49,3.5,91,5.9,8.2,3.6,2.9,0.5,17,4.2,95,90
3.35,3.6,92,4.9,5.3,3.9,3.5,0.7,17,3.6,94,95
1.94,0.5,67,4.6,5.2,2.2,3.1,3.1,1,3.9,66,70
3.35,1.7,88,5.2,6.8,3.1,3.4,2.4,15,2.3,94,84
4,1.9,96,8.6,5.1,2.9,2.8,4.6,15,5.6,100,95
3.65,4.7,95,7,6.5,2.6,0.2,1.1,12,0,100,92
4,4.8,100,7.6,6.9,3.1,3.5,5.1,10,5.4,100,100
3.69,4,86,7.6,9.2,4.7,1.6,1.4,15,4.7,100,95
3.61,4.7,100,7.1,8.4,4.4,1.9,2.2,13,3.9,100,100
3.81,3.3,92,6.9,4.3,1,0,4.8,11,3.6,97,94
4,5.3,99,8.3,6.5,4.3,0.5,4,23,5.8,100,100
3.21,3.5,73,7.2,6,4.6,3.1,0.5,15,6.2,100,88
4,3.6,100,8.7,5.9,2.6,2.8,5.1,9,4.7,99,91
3.49,3.1,91,7.7,6.1,3.6,2.5,3.2,16,1.8,100,96
3.65,4.5,99,6.3,6.1,3.5,0,0,14,4.8,100,93
4,2.9,97,6.4,5.8,1.5,1.8,1.3,14,3.3,98,100
4,5,97,6.1,6.8,2.2,1.4,2.2,16,6.2,100,100
3.01,1.8,74,8.5,5.4,3.9,2.4,0.7,10,4.2,96,81
3.7,1.9,86,6.5,4.8,2.1,1.3,5.7,13,6.5,100,92
3.76,4.5,100,6,6.8,4.3,0.5,2.3,8,4.3,100,100
3.7,3.4,93,7.4,8.2,4.8,0.7,3.9,16,6.9,100,98
3.86,2.8,97,6.9,4.8,4.5,0,3.4,12,3.1,100,91
3.89,4.8,100,7.4,7,5.8,1.1,4.4,8,2.5,100,100
4,2.6,95,9.3,5.6,2.7,1.3,6.3,12,4.6,100,90
4,3.2,99,8.1,7,3.1,0,4.4,13,4.1,100,100
4,5.6,100,7,6.4,3.3,0.8,6.5,17,3.6,98,100
4,5.8,96,5.3,6.5,2.7,4.9,4.4,18,6.8,100,96
3.93,5.9,100,6.4,6.8,3.6,0.4,3.3,17,3.2,100,100
4,3.1,100,7.9,4.7,0.2,2.8,3.6,15,2.3,100,95
4,5.3,95,5.6,7.9,3.1,1.5,0,16,4.3,100,98
3.89,2.1,81,9.6,2.8,0.7,1.8,2.1,11,2.1,100,90
3.54,2.1,80,7,5.5,1.4,2.7,2.7,7,3.4,100,99
3.24,0.5,81,7.1,7.5,3.9,0,3.9,9,4.3,80,92
4,6,100,6.2,8.5,2.5,2.3,2.9,12,7.4,100,97
3.7,2.2,82,7.6,5.8,3.8,0.2,3.7,11,1.4,95,91
3.5,3.3,82,5.6,5.4,2.5,2.4,0.4,11,4.9,99,99
3.32,2.1,87,9.6,6.3,4.5,2,0,13,4.9,99,96
4,4.5,100,8.6,4.2,2.4,0,0.6,17,2.9,100,91
3.87,2.9,100,8.2,3.5,0,3.5,6.1,13,6.6,100,99
2.71,1.5,95,5.3,6.3,3.1,2.5,0.5,10,5.8,96,73
4,4.2,100,7.2,3.6,0,1.7,1.4,6,2.6,100,100
3.83,1.3,79,8.5,4.2,0.6,4.4,3.2,11,2,100,100
3.43,2.2,77,7.7,4.2,1.5,0.5,0,2,6.4,100,83
3.04,0.5,68,5.8,4,1.3,1.2,1.3,17,2.1,85,94
3.2,1.4,75,6.2,3.8,2,2.9,4.4,12,3.8,80,78
3.56,3.8,100,6.5,3.4,1.2,2.7,2.1,21,5.5,100,97
3.01,0.6,70,6.3,3.6,0.7,2.2,6.4,19,4.6,94,86
2.86,1.3,69,8.8,8.3,5.1,0.4,0,15,2.5,76,74
3.6,3.5,95,4.7,5.7,1.8,2,2.3,9,6.1,100,92
4,2.7,90,7.8,3.7,0,5.3,2.1,10,5.7,100,100
4,6.5,100,5.4,7.2,2.3,3,3,20,4.9,100,86
4,6.3,100,5.8,2.9,1.1,2.4,0.5,14,2.1,100,100
2.96,2.2,78,4.6,4.2,1.5,5.9,1.8,5,5.8,92,86
4,4.3,90,6.3,5.8,3.9,3,4.6,10,7.5,100,88
4,4.6,100,8.8,6.6,2.1,2.3,2.5,19,2.9,100,92
3.95,2.6,89,7.3,3.5,1.1,1.1,0.9,18,1.8,100,100
2.71,1.3,64,5.6,7.9,3.5,0.9,7.2,14,3.4,72,85
3.63,3.5,81,8.2,9.2,4.5,0,3.1,19,4.1,100,96
3.89,3.2,90,8.5,7.1,3.6,1.4,4.2,6,1.9,92,92
3.31,2.8,82,7.1,3.4,0,0.8,4.5,9,0.4,100,90
4,4.2,100,9.4,4.1,1.1,1.3,2.9,11,0,100,100
3.93,2.4,89,8,5.5,2.9,1.8,1.4,9,0.8,100,99
3.89,1.8,74,7.8,4.9,2.4,0.8,3.4,16,2.5,100,100
3.58,3.7,100,6,5.1,2.3,2.7,1.6,16,1,100,100
4,4.1,100,7.8,6.5,1.3,1.3,3.7,15,3.2,100,94
3.12,1.7,94,7.3,2.4,0.7,0.9,2.7,7,4,99,87
3.76,4.9,100,7.6,9,5.8,2.5,5.1,21,8.4,100,100
2.67,0.8,76,6.2,6.7,2.8,1.6,0.7,14,6.7,97,84
3.63,2.6,87,7.2,6.5,3.8,0.1,4.4,4,6.3,96,100
3.96,3.1,91,6,6.3,2.8,0,4.2,6,3.8,100,100
2.75,2.5,76,4.4,4.1,2.9,1,2.5,8,4.4,96,87
4,2.7,90,8.2,7.3,2.7,3.6,4.5,20,2.2,96,100
4,6.3,100,5.2,5.5,1.1,2.2,3.8,8,3.1,100,96
3.63,2.2,94,7.1,3.4,0.5,2.3,4.3,7,4.1,100,96
4,7.2,100,7.4,5.3,3.4,1.2,4.2,17,7.5,100,95
4,4.2,100,7.4,7.1,3.1,2,3.1,16,1.3,94,100
3.91,3.6,99,6.7,5.8,4.2,2.6,1.8,9,4.6,100,86
3.94,4.2,91,7.3,5.7,3.9,1.3,1.8,15,5.8,97,97
4,7.3,100,7.6,4.5,1.6,0,2.6,11,1.4,100,100
3.3,2,66,7.9,9.3,4.5,0.5,4.7,15,2.5,74,80
3.06,1.8,84,9.1,7.7,3.9,0.5,4.3,10,4.7,100,100
3,2.4,72,7.3,6,3.8,4.8,5,15,7.2,82,78
3.3,3.5,82,7.1,7.2,6.2,1.9,5.2,12,4.4,90,81
2.4,0.9,66,5.9,8.9,5.9,1.2,2.6,9,3.2,72,89
3.6,3.5,87,7.5,7.1,3.8,0,6.9,17,3.2,96,91
4,6,100,7.8,6.5,3.6,2.6,2.8,12,5.5,100,95
3.51,3.7,94,6.8,9.6,4.4,2.1,2,17,3.4,98,85
3.65,3.1,93,7.7,4.7,1.9,1.7,3.7,15,5.5,100,100
3.69,2.6,89,6.6,2.2,1.9,2.1,4,12,5.6,95,100
4,4.8,87,7.8,6.3,3.8,0,1.5,18,5.5,100,94
3.77,2.3,88,8.1,5,1.5,1.5,2.7,13,5,100,100
4,6.3,95,8.1,7.2,3.7,1.6,2.1,14,4.5,100,96
4,6.4,100,7.1,5.8,3,2.5,3.3,11,3.6,100,94
3.88,3.9,100,5.8,4.1,1.5,2.8,4.6,10,8,100,100
3.62,3.5,99,6.3,3.4,2.8,0,2.5,13,1.6,91,94
3.42,5,89,7.7,7.9,4.8,1.2,4.1,8,4.5,97,92
4,5.1,100,9.9,5.5,2.9,2.7,0.2,13,6.2,100,100
3.74,2.3,82,6.6,6.2,2.9,3.7,4.8,13,6.4,100,94
3.71,2.7,91,7.5,6.9,3.3,0.1,2.1,7,9.1,100,88
3.16,1.5,83,6.3,8,3.5,1.4,2.1,18,9.7,76,90
3.98,4.1,100,5.8,4.2,2.3,2.4,3.8,19,0.1,100,84
3.55,4.5,90,6.2,4.7,3.3,2.3,3.9,19,4.4,100,94
3.44,1.5,79,4.5,3.5,1.2,0,2.8,11,3.2,97,92
4,2.8,79,8.6,3.7,1.6,0.1,1.2,13,2.9,100,89
2.85,1.5,79,4.3,3.8,1.8,0,2,10,1.5,93,90
3.32,2.2,86,6.7,8.2,3.5,0.9,3.2,16,2.5,97,86
3.71,4.3,95,5.6,6.2,3,0.4,4,11,4.2,99,96
3.37,2.4,89,5.9,8,2.6,0,1.4,13,3.9,95,89
3.77,3,84,8.7,6.8,3.8,2.1,1.7,14,4.9,100,100
2.81,1.1,65,7.2,5,3.4,1.1,3.5,7,4.8,76,71
3.74,3.8,86,5.8,4.4,2.4,2.3,2.8,12,7.4,100,94
3.6,3.4,97,6.3,5.4,1.2,2,3.3,17,1,100,91
3.72,2.4,96,6.1,3.2,1.6,2.6,0,30,4.4,100,100
4,3.2,88,6.9,4.3,0.6,1.1,2.4,3,1.6,100,97
3.41,3.8,90,7.2,5.6,3,1.5,4.7,9,4,100,84
3.89,2.3,93,9.3,3.4,1.5,1.3,1.8,9,1.1,99,94
3.39,1.3,100,4.7,6.8,2.1,2.7,4,6,0,92,100
4,6.2,100,7,4.9,2.6,2.4,0.6,22,6.9,100,100
3.43,2.6,90,6.6,6.4,4.4,2.1,0,12,3.2,100,87
3.51,3.4,90,8.1,7.1,4.2,0,3.8,11,6.7,100,89
3.9,5,100,7.4,5.1,2.7,4.1,2.9,15,4.8,100,100
4,8.8,100,7.7,10.4,4.7,0.9,2.3,9,5.1,100,89
3.42,1.6,84,7.4,4.3,0,1.1,4.7,16,4.4,95,96
3.63,4.2,97,5.9,7.9,5.6,3.7,2.4,9,5.8,97,97
3.53,2.4,79,8.5,6.2,3.8,1.6,1.7,19,3.9,93,84
3.3,2.7,90,8,3.6,3,1,1.5,13,5.7,100,94
3.46,2.4,83,8.1,4.7,1.5,2.4,1.1,19,5.5,90,85
3.51,1.8,82,8.5,4.2,2.1,0.2,3.9,15,5.5,93,80
3.83,3.4,79,7.5,6.8,3.7,0,2.4,1,6,100,92
3.16,1.3,98,8.8,4.3,3.7,0.5,5.3,6,3.2,79,89
4,4.9,100,7.5,6.8,3.8,3.8,0,20,4,100,100
3.79,3.6,93,6.7,6.7,1.7,0.4,4.8,10,2.5,100,89
3.87,4.1,100,7,4.5,1.4,1,3.7,3,3.9,100,85
3.43,2.8,87,7,5.2,3.1,1.7,2.8,10,4.7,97,81
3.51,2.9,89,6.4,7,4,2.2,0.4,10,1.1,92,93
4,3.9,100,9,5.7,2.8,2,0,18,2.4,100,93
3.01,1.8,89,7.4,10.6,5,0.3,4.5,8,3.3,87,79
3.55,3,80,7.1,5.4,2.8,3.5,3.5,11,4.2,96,89
3.17,2.2,85,7.5,4.4,2.8,1.4,3.4,18,3.1,96,85
4,2.2,98,10,6.8,3.8,3,2.8,10,1.7,98,100
2.2,0.5,57,5.6,7.8,4.6,0,4.7,8,3,61,79
4,5.5,100,6,4.5,0.8,2.1,1.8,14,6.8,100,97
3.22,2.5,84,5.3,5,1.1,2.3,2.3,16,2.1,96,88
4,5.2,100,6.7,7.6,2.3,0.5,2.6,12,1.5,99,100
4,5.1,100,7.3,9.8,7.5,2.4,2.6,15,6.4,97,100
3.13,1.6,88,6.4,4.6,2.4,0,5.7,9,4,84,100
3.07,1.9,82,6.4,3.4,2.6,0.2,0.5,2,4.8,100,88
4,7.3,100,7.2,7.5,3.7,2.4,0,16,0.4,100,98
4,6.1,100,6.4,6.2,4.3,0,0.1,7,4.9,100,91
3.71,3.5,85,7.4,7.2,3.1,2.4,4.4,9,3,100,100
3.42,3.9,89,8.3,6.9,4.5,0.1,2.8,13,4.1,88,95
4,2.6,97,7.8,6.1,1,2.5,0,17,3.6,89,95
4,4.1,90,8.1,3,1.7,0,3.2,12,5.2,100,100
3.28,2.4,80,8.3,8.7,4.5,1.1,2.4,9,7.8,94,85
2.82,0.5,80,7.3,6.9,2.8,2.2,4.1,19,2.1,100,79
3.52,1.5,88,6.8,4.5,0.9,3.9,4.6,10,6.5,100,96
3.92,3.5,89,6.1,2.5,0.8,0.5,8,11,5.4,100,100
2.99,1.8,75,6.5,5.2,1.6,0,0.6,4,1.4,90,95
3.74,3.4,100,6.4,6,2.8,0,0,13,1.8,100,82
3.4,1.9,85,7.9,4.3,3.5,2.3,4.2,19,4.4,87,94
3.5,2.3,80,7.4,7.2,2.3,4,5,5,0.8,90,91
4,4.8,100,7.8,6,3.4,0.6,0.4,8,3.7,100,100
4,3.9,100,5.6,6.9,2.1,2.7,0.5,12,4.2,100,100
3.48,3.5,86,8.7,7.5,4.6,1.6,3.7,15,2.9,100,90
3.49,4.8,86,6.5,10.8,6.6,2.1,6.4,14,4.2,98,75
3.84,4.2,98,5.7,4.2,2.2,1.2,1.2,12,3.8,100,100
3.77,5.7,95,6.5,6.8,3.5,0.1,3.2,9,3.8,100,100
3.91,2.8,87,10,6.6,3.4,3.2,0,19,5.1,94,100
3.48,2.9,84,6.5,5.6,3,0.9,2.6,1,2.5,92,90
3.08,1.5,55,6.6,5.8,3.8,0.5,2.8,18,3.9,77,72
3.35,2.9,88,6.8,2.8,3.5,1.8,5.9,22,0.8,92,92
4,4.9,100,6.8,4.1,2.1,1.3,1.6,16,1.3,100,98
4,5.4,100,6.1,8.6,4.8,4.2,4.4,9,3.3,100,100
3.94,4.9,100,7.2,4.4,3.1,1.6,1.5,13,3.1,100,96
3.45,0.8,70,8.3,3.8,2.2,1.5,3.2,6,5.7,89,99
3.74,5.1,94,7.4,7.8,6.5,2.8,7.2,7,2.5,97,95
3.22,0.7,86,5.7,5.9,2.6,1.6,6.6,15,1.4,94,80
3.81,4.8,100,6.6,5.1,3.2,2.3,6.9,15,7.3,100,96
3.9,2.9,95,6.3,7.6,3.1,2,3.8,14,3.6,100,98
3.95,4.6,97,7.1,6.5,2.6,2.8,2.6,6,3.8,100,96
3.06,1.5,79,8.6,6.7,3.5,2.9,3.6,24,3,90,84
4,5.3,100,6.8,4.9,1.5,0.4,3.9,15,6.7,100,100
3.11,1.3,83,6.9,5.8,3.7,0.1,3.8,11,5.9,87,87
4,2.5,92,9.1,2.3,0.2,0,1.6,12,4.9,94,100
3.46,2,93,8.1,4.8,0.9,2,1.5,9,5.6,96,98
2.73,0.9,71,7.7,9.6,5.5,3.4,1.8,8,5,90,79
3.97,3.6,92,9.3,4.7,0.9,0,5.1,24,2.5,100,89
4,6.2,100,7.6,2.4,0,3.9,5.4,8,2.9,100,100
4,7.5,100,4.6,3.5,1,2.7,9.4,9,8,100,100
3.65,3.6,90,8,7.3,5.4,0,3.9,10,2.7,100,90
3.92,5.2,100,5.1,4,0.1,1,1.4,8,6,100,96
4,3.8,100,7.5,2,1.4,0.3,2,12,2.3,100,100
3.57,4.2,100,4.9,1,0.6,3.1,2.7,10,5.9,100,100
3.72,3,78,6.4,3,2.4,2.5,6,11,1.1,100,100
3.78,3.8,93,6.6,2.5,2.1,1.1,4.5,10,3.4,100,100
4,4.3,100,6.1,6.7,2.1,1.5,0.3,11,1,100,100
3.37,2.6,82,6.6,9.5,5.6,2.5,2.9,4,4.4,88,86
4,3.4,100,8.2,2.6,1,1.2,0.1,10,3.5,100,100
3.69,3.4,90,6.1,5.5,2.6,0.4,4.2,11,1,91,100
4,4.7,100,7.7,8.1,3.3,1.4,1.6,11,4.2,100,100
2.63,1.9,82,5.8,4.9,1.3,1.9,1.8,11,0.5,74,76
3.69,3.4,97,6.8,9,3.5,0.1,0,17,3,100,83
4,6.4,100,7.4,5.1,2.2,1.1,4.5,9,2.7,100,99
3.93,5.2,100,5.8,5.6,3.4,1.4,5.4,17,2.3,100,93
4,5.5,100,5.4,4.3,2.6,1.5,1.6,22,3.1,100,100
3.35,3.5,95,7.6,3,0,3.1,2.7,9,3.6,100,90
3.47,4,99,8.3,8.9,4.8,2.2,2,14,5.5,100,100
3.65,5,100,6.9,9,5.9,2.1,2.6,13,3.1,100,100
4,5.8,92,6.5,5.1,2.5,0.1,1.4,12,4.1,100,86
3.01,0.6,76,7.2,6,1.5,0.9,0.8,4,2.8,89,86
3.06,1.5,86,7.1,8.7,5.1,1.9,5.7,16,8.6,91,91
3.98,5.5,100,7.3,8.5,5.6,1.4,0,10,1.8,100,100
3.64,3.1,90,4,4.6,2.5,2.6,4,18,5,100,79
3.38,2.5,94,5.7,5.2,2.5,2.4,3.6,12,1,97,100
3.12,1.6,77,6,6.3,2.7,0,6.3,18,2.5,86,83
4,2.7,97,7.2,2.4,0.3,1.8,2.5,15,1.7,100,87
2.61,1.4,81,7.2,3.9,2.4,2.1,2.3,16,4.3,78,83
3.97,6.6,100,7.8,7.8,5.4,0,1.4,15,4.2,100,99
3.83,3.5,100,7.3,5.4,2.5,2,3.7,11,6.6,100,95
4,3.4,100,5.4,5.8,1.2,5.1,1.6,10,2.9,100,100
4,4.4,98,8.7,5.1,3.5,0.8,0.7,14,3,100,100
4,4.9,100,8.5,5.1,1.8,0.9,1.5,15,5.9,100,92
3.92,4.9,100,5.5,5.4,2.7,1.8,1.1,12,3.2,100,100
4,5.1,100,7.4,3.6,0.9,2.8,1,16,3.5,100,100
3.64,2.6,87,6.3,6,1.2,2.7,3.2,8,4.5,95,99
3.85,3.1,94,7.2,7,3.9,0.4,2.6,13,2.3,100,91
3.84,4.7,100,8.3,4.9,3,1.9,4.1,18,9,100,100
4,2.7,100,9.6,5.7,1.6,1,3.3,13,5.3,100,100
3.57,3.5,90,7.9,7,3,0.7,0.6,11,6.7,100,99
3.91,4.1,100,7.4,3.7,1.9,2.6,0,17,4,95,90
3.95,4.7,83,6.6,3.2,1.6,4.6,0.9,20,5.1,100,85
3.03,0.8,66,7.2,8,4.5,1.2,4.5,15,2,83,72
3.68,4.6,91,8.6,7,4,0.7,4.5,4,2.1,100,100
3.65,3.1,93,6.9,5.2,2.8,0.1,5,8,4,100,88
4,4.6,100,5.9,7.3,3,3,4.7,17,4.2,100,100
4,4.7,97,5.1,5.1,2.8,4.3,5.2,10,3.7,100,100
4,5.9,100,7.6,7,3.5,0,3.8,12,2.3,100,100
4,5.5,100,7.3,6,1.6,1.1,6.6,9,4.3,100,87
3.93,5.5,91,6.2,6.7,4.1,0,3.6,16,5.1,100,93
4,5.7,100,8.2,4.1,3.3,2.3,7,15,4.5,100,100
3.98,3.9,100,6.5,4.9,2.4,0.6,1.7,9,3.3,100,98
4,3.5,95,6.8,5.3,2.1,0.2,1.7,16,4.4,94,100
3.73,4.8,100,7,8.3,4.1,0.7,2.6,17,2.5,100,95
3.86,4.6,100,6.6,5,2.6,0,2.9,15,5.3,97,100
3.54,3,95,7.3,6.9,1.8,3.1,2.4,13,2,93,98
4,4.1,98,8.4,3.6,2.2,2.5,4.1,30,9.7,100,98
2.96,3.4,77,5.6,7.2,4,3.3,2.8,5,1,79,85
3.76,2.2,88,7.6,3.1,0.4,0.8,1.8,11,5.5,82,93
4,5.4,100,7.2,6.9,2.3,2,2.2,12,5.2,100,100
2.83,3.6,92,7.2,5.6,4.4,2.1,5.4,18,2.9,100,94
4,6.6,100,8,6,2.5,2.2,3.6,11,1.9,100,100
2.93,1.1,68,7.1,5.9,3.2,0.9,0,18,4.2,60,82
3.75,2.7,90,7.6,9.2,4.4,2.3,6,9,2.9,97,83
3.31,3.5,83,7.9,6.1,4.1,2.6,3.9,14,3.9,97,74
4,5.2,100,6.4,5.6,2.1,1.8,4.3,16,1.5,100,91
3.87,4.1,95,7.4,4.6,2.6,1.8,4.9,9,4,100,100
3.78,4,91,6.7,7.4,4.2,3.8,5,16,3.6,100,100
3.03,1.8,83,6.8,6.8,4.2,2.5,1.2,19,2.5,91,92
3.46,1.8,73,6.6,5.2,2.7,0.5,0.9,12,5.8,74,100
3.8,4,98,7.6,3.3,2.7,1.1,7.8,7,7.3,100,89
3.26,1.5,66,7.1,6.7,3.2,3.6,1.6,11,3.5,92,85
3.4,2.7,83,7.5,6.6,4.9,5,3.8,12,7.5,98,97
3.88,4.3,99,7,6.1,4.4,0.8,6.3,17,6.8,95,99
2.91,2,83,5.1,4.9,3.8,2.2,2.1,8,7.1,84,76
4,5.9,100,7,2.9,1.2,2,2.3,15,2.5,100,100
3.99,5.3,100,7.1,6,2.4,2.1,4.9,15,1.3,100,98
3.18,1.1,74,7.3,6,2.5,0.5,3.4,15,2.9,87,85
3.34,2.1,63,6.3,8.7,4.9,2.3,4,18,4.8,75,82
2.28,0.5,78,5.6,4.2,2.4,0.5,2.8,13,4.8,79,73
3.19,2.3,78,7.7,8,4.7,0,1.9,9,7.6,95,93
3.88,4.6,90,6.7,4.2,1.9,2.6,2.3,12,2.8,100,100
4,2.9,100,7.2,6.2,2.1,3.9,5.4,12,4.6,100,100
3.35,4.2,95,6.7,7,3.5,1,2.4,10,1,95,89
2.83,1.2,76,7,7.4,5.2,1.5,3.9,5,5.3,74,86
4,4.7,100,6.5,6.7,2.5,0.3,1.1,13,5.7,100,100
3.27,2.7,90,5.8,3.6,0,1.7,7.1,13,1.1,88,100
4,3.5,96,7.6,1.8,0.5,1.3,3.6,12,8.1,100,93
3.69,3.4,85,6.3,4.2,3.2,0.4,3.7,12,1.3,100,93
3.63,1.6,100,7.2,2,0.6,0.7,4.9,8,6.3,98,96
3.61,1.8,73,7.5,6.5,1.5,0,2,1,6.8,97,86
3.75,5,99,6.3,4.6,2.8,0,5.4,11,3.8,100,94
4,4.1,93,5.6,5.3,0,0,0,5,5.4,93,91
4,5.1,100,9.9,3.9,2.2,0.6,1.8,14,1.7,100,100
3.57,4,95,6.4,2.7,1.1,1.1,1.4,7,1.5,84,93
4,3.7,96,7.7,4.7,0.6,2,0,12,4.9,100,95
2.77,0.9,87,9.3,5.7,1.6,2.8,1.9,11,6.3,77,78
3.99,3.1,100,7.9,4.9,1.2,0,2.9,8,3.2,100,100
3.61,3.5,84,6.6,7.3,3.5,2.8,0.8,17,5.2,98,100
4,6.4,97,6.9,6.6,4.6,1.1,0.5,6,5.9,100,98
3.77,4.5,99,6,6.3,2.3,2.3,3.1,1,0.7,100,99
4,5.8,100,8.1,5.2,1.9,2.3,2.8,6,0,100,100
4,4.4,100,7.7,4.8,2.2,1.8,2.5,20,4.2,100,100
3.62,2.4,92,6.4,4.2,1.1,2,0.5,11,4.4,83,83
3.91,3.7,91,5.7,5.2,0.9,2.4,2.2,17,2.4,100,96
3.81,3.9,100,5.4,3.8,0.3,4.8,1.7,12,0,94,95
3.8,2.1,94,8.2,1.2,0.8,5.2,3.2,18,4.4,100,100
3.34,2.9,80,7.1,9.3,5.2,1.1,1.9,8,1.6,97,92
4,3.2,87,7.3,5.8,1.8,3.4,2.9,13,3.5,100,96
4,5.9,100,6,2.5,0,1.6,0.4,16,3,100,100
2.68,0.5,75,5.2,5,1.9,2.3,0.2,6,3.4,89,81
4,5.3,100,8.2,3.5,0.4,0.6,4.1,7,7.5,100,93
3.15,2.1,83,7.1,3.5,2.9,3,4.5,11,5,91,84
3.19,1.4,87,8.1,5.2,2.7,2.3,2.2,14,5.4,80,91
4,5.3,100,6.5,5.5,2.9,3.1,3.1,8,3.2,100,95
3.99,4.6,100,6.7,5.5,2.7,0.6,2.1,18,6.1,100,100
4,5.4,100,7.9,4.6,2.2,0,5.2,17,3.5,100,97
3.88,4.7,83,7.9,4.4,0.6,4.1,2.6,12,3.9,100,88
4,6.6,100,8,4.7,2.7,0.6,2,14,3.9,100,100
3.63,4.3,76,6.6,8.4,4.3,1.4,4.9,16,3.5,90,94
3.81,3.3,87,7.7,9.2,5.5,4,1.5,16,3.9,100,100
3.7,4,100,8.3,7,2.4,0.2,3.3,15,3.2,100,100
4,5.4,100,6.9,7.7,2.6,2.3,0.9,9,6.2,100,95
3.43,2.3,74,6.4,8.7,3.6,4.2,4.3,4,5,100,89
3.66,2.5,91,8.6,6.6,5,1.9,4.6,13,3.5,100,92
3.28,3,90,6.2,5.5,2.1,4.3,0.4,18,1.4,93,99
2.65,0.5,73,7.8,5.9,3.8,1.6,0.1,19,5.6,100,82
3.79,3.7,100,6.9,8.5,1.6,2.9,3.6,14,5.4,98,100
2.71,0.7,56,4.8,7,3.3,1.3,6.9,10,1.3,74,80
4,3.6,88,8.4,9,4.3,0.5,4.8,17,8.3,100,100
3.78,4.8,100,3.7,4.4,0.9,1.8,2.6,7,4.6,100,95
3.07,2.8,95,4.6,1.8,2,0,1.3,9,0,100,83
4,6,100,7.6,6.3,4.2,0.3,0.6,5,4.6,100,100
2.93,1.3,74,7.6,5.9,3.7,1.3,4.4,17,4.1,82,81
4,5.3,100,6.2,6.9,4.4,2,4.8,4,8.1,100,100
3.6,4.5,96,7.2,7.5,4.1,3.8,1.7,14,7.3,100,99
2.53,0.9,75,4,5.9,2.3,1.1,2.5,24,2.8,82,75
4,7.6,100,7.8,5.9,6.1,0.5,3.1,14,5.4,100,100
3.83,3.4,98,7.3,5.7,3,1.9,6.6,7,4.3,92,100
3.58,2.2,80,6.9,2.4,0,0.7,3.1,10,6,96,99
3.05,1.4,80,7,7.1,2.4,0,1,4,3,100,77
3.81,3.2,94,7.6,5.8,2.1,0.6,0.7,8,0,100,100
3.26,3.3,96,7,6.8,4,0.1,1.2,8,3,90,100
3.57,3.7,100,4.8,5.4,2.1,2.5,5.5,8,8.7,100,100
3.83,3.1,100,9.6,5.4,4.4,0.6,4,13,6.2,100,100
4,4.4,95,8.4,7.4,3.6,2.5,2.3,1,5,100,100
3.8,2.9,94,5.5,3.8,1.3,0.6,0,6,4.8,100,93
2.88,0.6,72,6.6,4.6,2.6,1.9,1.3,15,2.9,74,94
3.36,3.3,91,6.7,6.2,1.6,2.2,3.7,22,5.4,100,84
2.99,0.5,70,8.3,6.4,3.1,0.6,3.7,14,4,98,79
3.45,4,89,4.4,3.8,1.6,0.2,3.7,8,3.4,98,100
2.44,2,72,6.4,5.2,2.9,2.5,0.3,16,4.1,84,73
3.73,3.7,81,4.9,5.8,2.4,0.4,3.4,17,6.4,100,97
4,5.5,100,6.7,5.9,2.6,0,1,8,2.7,100,100
2.75,2.1,73,6.4,8.9,5.9,0.4,3,8,8.8,78,73
4,5.1,100,7.1,3.9,2.3,0.6,1.5,20,2.8,100,97
3.61,2.8,85,6.3,1.7,0,2.9,5.1,7,2.2,97,84
4,6.1,100,6.1,6.4,4.3,0,3.7,21,4.2,100,100
3.71,3,82,7.7,7.1,4.3,3.4,2.7,15,4.4,100,89
3.91,2.2,80,7.5,3,0,0.5,5.8,18,6.5,81,100
4,4.5,100,7.7,4.5,1.7,1.8,2.3,17,3.4,100,100
3.23,2.8,88,6.8,6.4,3.5,2.6,0.2,17,5.5,90,87
3.42,2.2,78,6.3,8.9,3.6,1.2,5.1,6,1.3,88,96
3.92,2.8,86,6.9,6.8,2.8,0.2,3.5,16,5.6,100,70
4,3.4,91,7.6,7.2,2.8,3.8,2.4,18,4.9,92,100
4,5.5,100,4.4,5,1.4,1.1,1.7,11,5.6,100,100
2.82,0.6,67,7.5,3.1,0,1,4,2,5.3,77,79
2.98,3.5,73,7.4,9.4,5.9,4.1,4.6,5,3,98,71
4,4.4,100,7.1,4.6,1.3,0.9,1.5,4,0,100,100
3.74,3.8,80,6.8,7.1,3.1,0,4.1,10,5.9,94,96
3.93,5.5,86,3.9,4.4,2.6,3.6,3.5,5,1.7,100,100
3.15,3.4,96,6.5,8,4.1,0.1,1.3,9,2.4,99,92
3.98,3.2,96,9.1,6.2,3,4,3,22,6.4,100,100
4,4.4,100,7,3.8,3,1.8,1.9,16,3.8,100,92
3.55,3.6,89,6.6,3.1,0,1.4,5.5,15,1.2,93,99
4,2.9,100,7,2.9,1.5,0,1.7,18,3.4,100,100
3.75,4.3,100,7.4,6.3,3.9,2.2,6,6,1.4,100,89
3.11,2.5,75,7.8,6.6,3.8,0.2,3.3,7,6.7,98,86
3.69,2.6,88,6.7,2.6,1.4,2.2,0,13,6.7,91,89
3.97,2.7,90,7.5,3.3,0.4,1.6,0,9,3.4,100,94
4,5.5,100,9,6.1,3,3.2,2.6,10,4.8,100,100
3.92,0.5,89,8.2,3.9,0,0.4,5.7,15,2.4,89,99
4,4.1,100,9.8,3.6,1.1,0,5.5,17,3.5,100,97
3.62,3.6,95,6.2,8.7,5.4,0.7,3.3,15,1.5,100,100
2.71,1,61,9,7.9,5,2,1.5,18,0.1,77,85
3.97,4,88,6.1,6,3.5,3.4,2.2,1,4.2,100,100
3.55,4.2,94,7.4,4.3,3.3,0.9,3.4,22,5.4,100,100
4,4.4,100,7.9,2.9,0,1.2,5.2,16,1.5,100,99
2.75,0.5,73,6.4,5.6,1.7,1.7,4.1,10,1.3,66,78
4,5.5,100,7.1,4.3,2.4,0.4,4.9,5,4,100,100
3.52,2.4,91,8.1,4.4,1.7,0,4.3,11,3,94,91
4,4.5,100,6.1,5.2,2.3,1.4,4.9,8,2.2,100,100
3.76,4.6,100,9,9,4.7,2.6,0,18,6,100,97
3.55,2.2,70,5.3,5,2,1.1,1.2,15,7,96,96
4,4.5,100,9.3,5.6,2.3,2.6,0.8,9,4.5,100,94
3.57,2.9,84,8.2,6.9,3.9,0,0.6,5,5.5,98,86
3.11,0.5,82,6.9,3.1,0.7,1.4,3,11,7.6,82,84
3.98,5.3,100,6.5,3.1,1.5,0,0.1,17,3.8,100,100
3.84,2.3,92,6.4,4.4,1.7,1.9,1.1,15,6.9,100,100
2.94,2.2,98,6.8,6.4,2.9,0.3,2.8,5,5.5,94,100
3.65,2.9,96,6.9,5.4,2.3,2.5,0,9,3,83,94
3.85,3.9,100,8.5,7.1,2.3,0,2,17,2.5,100,99
4,3.4,93,9.4,5.9,1.8,2.9,4.3,11,4.1,100,97
4,4.3,100,7.2,5.7,1.2,0,0.5,12,3.6,100,100
2.51,1.5,81,6,4.3,3.7,0.8,4.6,21,1.7,94,77
3.26,2.4,87,6.3,7.2,2.3,0.3,1.4,7,4.5,100,81
3.3,3.3,82,6.8,7,3.7,2.4,3.5,18,7.8,99,90
4,6.3,100,5.8,4.6,1.1,1.8,0.8,10,3.4,100,97
3.43,3.3,76,5.6,5.9,1.8,2.6,3.9,10,3.2,100,95
4,5.1,100,9.5,5.5,2.5,2,2.4,13,2.5,100,96
3.88,3.6,87,7.4,4.3,2.6,0.9,3.9,14,5.9,100,92
2.87,2.8,89,6,8.6,3.9,0.2,1.9,15,4.9,81,88
3.31,3.1,99,8,4.3,2.2,2.2,4.1,11,5.7,100,87
3.37,3.2,88,5.6,5.7,3.9,2.2,4.7,15,3.6,99,95
3.94,4.4,99,5.7,6.1,3.4,0.6,3.2,13,3.5,100,100
4,5.6,100,6,5.1,2.6,0.2,2,9,3,100,96
3.82,4,100,9,4.4,1.4,1.9,2.5,6,4.7,100,86
4,5.3,85,6.7,6.8,3.9,3.2,0.5,15,5,100,100
3.01,2.1,86,4.1,6,1.4,1.5,3.4,14,6.4,88,85
3.64,2.9,96,8.5,6.4,2.8,1.2,4.2,9,3.3,98,87
3.72,2.4,87,6.6,4.7,2.7,1.1,6.1,5,6.4,100,84
3.85,4,96,4.8,4.6,2.5,0,5.6,9,5.4,100,100
3.76,3,87,6.6,4.7,2.2,3,1,2,2.4,94,88
3.89,4.6,85,7.6,4.1,1.6,1.2,3.4,17,3.3,100,100
3.93,2.1,84,7.5,2.8,0.4,0.4,2.7,11,7.3,100,89
3.7,3.6,79,9.2,6.6,4.9,0,5.4,13,3.5,100,95
4,4.5,86,6,5.4,2.1,2.5,1.6,10,0.8,100,98
3.39,0.5,81,7.1,5.1,2.6,2.6,4.8,21,3.3,96,80
4,6.7,100,6.2,4.5,2.6,1.7,1,16,3.3,100,100
3.05,3.1,85,5.1,8,4.4,2.3,2.8,10,1.4,100,81
3.02,0.5,68,8.1,9.7,5.7,1.3,1.2,10,5.4,74,100
3.83,3.7,100,7.6,5.7,3,0,0,9,3,97,91
3.9,3.6,95,7.3,7.7,2.6,3.2,1.2,11,6.3,100,100
3.88,3.4,92,7.5,6.8,1.1,2.6,2.5,14,4.5,100,93
4,5,100,6.2,4.2,0.6,0.3,5.9,14,5.1,100,100
3.78,4.6,100,5.8,2.5,0.1,2.7,0.8,11,4.5,100,100
4,3.9,100,7,4.9,1.6,3,1.8,19,2.5,100,88
4,4.2,100,8.4,1.5,0,1.6,0.1,2,3.6,100,100
3.72,3.3,82,8.9,6.4,4.4,0.9,5.3,9,3.4,96,85
4,6.2,100,8,4.4,3.4,2.1,2.1,15,3,100,100
3.19,1.3,89,7,4.6,2.4,1.6,2.3,19,5.8,96,84
3.47,3.7,82,7.3,6,4.5,0.7,2.3,13,4.5,98,92
3.75,3.6,97,7,4.9,1.2,3.1,0,19,5.1,100,100
4,4.7,100,5.8,3.7,1.6,2.6,0.1,21,8.1,100,98
3.48,2.2,76,7,3.3,0,1.9,1.1,10,5.9,98,81
2.8,0.9,74,5.4,7.9,4,1.1,4.2,8,4,82,78
3.51,3.7,87,6.9,6,1.6,3.2,0,8,5.2,86,93
4,3.9,97,9,5.4,2.8,0.7,4.1,5,4.4,100,93
4,5.7,100,8,7.7,4.3,2.2,3.7,6,2.6,100,100
2.84,1.6,64,5.9,8.3,4.9,0.7,0,7,2.3,91,74
4,5.2,97,6.9,7.3,2.8,3.4,2.4,6,5.2,100,100
4,7.1,100,6,7.3,3.4,0.9,5.3,17,2.9,100,96
3.63,2.9,100,6.9,6,1.4,1.1,0.9,10,6,100,100
2.94,1.6,81,8.2,6.3,5.3,1.2,1.9,5,2.6,93,90
3.7,2.9,78,7.8,4.8,2.6,0.4,8.5,10,3.1,88,99
4,3.5,100,10,7.1,2.9,3.9,3.7,13,3.1,100,97
4,4.3,100,8.4,5.9,2.2,2.3,2.5,11,6.8,100,100
3.56,2.6,78,7.2,7.4,4.6,1.6,2,11,4.5,86,91
4,5.8,100,7.8,5.5,3.1,0.8,3.7,3,6.3,100,99
3.44,1.8,82,6.8,7.8,3.9,2.2,4.4,17,2.9,85,94
2.84,0.9,58,5.6,3.9,3.3,0.1,0,10,3.8,81,71
4,5.2,100,8.6,6.5,2.5,0,0,5,3.3,100,96
2.65,0.5,62,8.2,7.3,4.2,0.5,1,11,0.5,92,74
3.45,3.2,83,6.7,5.7,3.3,2.5,2.7,10,0,97,100
4,8.2,100,7.3,5,1.4,2.6,3.2,13,1.7,100,100
3.9,3.5,99,8.5,3.8,1.3,1.6,0,25,4.5,100,94
3.12,1.8,88,8,6,3,1.2,2.6,8,1,86,94
3.15,3.4,68,5.2,7.1,4.2,1.4,2.9,16,2.4,94,82
3.41,3.4,86,7.3,9.2,5.3,2.4,1.3,10,6,100,97
3.77,3.7,98,6.8,3.3,0.1,0,1.9,10,5.4,100,100
4,4.5,89,8.3,3.5,2.8,2,1.5,18,2.1,100,96
3.16,1.9,77,8.2,4.8,3.5,2.5,3.9,13,4.1,96,82
4,6,100,8.6,4.9,3.2,2.5,3,20,4.5,100,100
3.54,3.9,93,5.7,7.8,4.3,1.9,0.7,12,4.1,100,94
3.66,4.6,100,6.1,7.5,3.8,2.2,4.9,19,2,100,98
3.64,2.6,76,8.3,6.3,1.3,3.6,0.3,10,3.8,100,96
4,5.4,100,6.3,3.1,1.3,0.6,0,9,4.2,100,100
3.36,3.1,73,5.2,7.9,3.3,1.4,2.5,14,2.8,93,93
3.78,3.9,94,7.6,5,4.3,1.3,2.5,13,3.4,100,95
3.07,2.1,78,6.3,6,3,3,3.1,5,2.7,100,87
4,2,86,9.1,3.7,0.4,1.1,0.6,13,4.3,100,92
4,4.5,100,7.4,4.5,1.2,0.4,4.8,8,2.2,100,97
3.47,2.8,78,7.2,6.4,3.8,0.6,6.4,16,5,94,96
3.15,2.2,84,6.6,5.4,2.3,0,3,9,2.9,83,74
3.38,2.5,93,8.9,4.5,3,1.2,3.6,10,3.8,93,100
3.89,4.5,100,7.4,8.4,4.4,1.4,0,7,1.8,100,100
3.31,2.6,94,6.5,4.3,1,0,2.1,17,2.1,95,84
3.91,3.3,94,6,5.6,2.2,0.7,1.6,14,4.1,89,100
3.55,3.5,92,6.9,4.7,2,1,1.3,23,4.3,100,96
2.65,0.6,69,5.8,5.9,3.3,2.6,1.7,18,3.6,88,84
2.57,1.3,72,8.2,7.6,4,0.4,1.9,10,0,100,81
3.88,4,90,4.8,5.5,0.6,0,0.1,4,2.9,100,92
3.49,2.4,74,6.8,4.1,2.8,1.1,2,9,5.9,98,88
4,5.1,100,7.7,5.4,4.1,2.5,0.9,11,2.9,100,100
4,5,100,7.4,3.3,0,1.2,4.6,3,3.8,100,100
4,4.6,94,6.1,5.3,2.7,2.1,3.7,8,6.7,100,95
4,6.2,100,7.8,4.1,1,0.5,3.7,17,6.7,100,96
3.75,3.4,100,5.9,4.8,1.8,1.9,5,8,4.8,100,100
3.99,4.5,100,7,3.7,0,2.2,1.3,8,6.7,100,100
3.07,2.6,91,7.8,7.6,4.9,0.3,3.5,15,0.2,84,90
4,7.2,100,7.6,3.9,2.3,0.5,5.1,9,4.8,100,100
4,6.5,100,6.2,3.7,1.6,0,1.2,12,7,100,100
3.57,3.5,91,8.4,6.1,3.3,2.1,0,14,6,100,100
3.98,4.1,100,7.1,2.7,1.2,0.5,1.6,9,2.2,100,100
4,5.5,100,7.9,4.1,1.1,1.2,4.9,16,3.4,100,100
3.55,3.3,83,8.8,8.2,5.1,1.3,1.1,15,0.4,91,100
3.47,2.5,93,8.3,8.1,5.5,2.1,2.1,14,8.4,86,88
4,4.8,100,8.3,5.2,1.9,0.8,1.4,20,7.2,100,92
3.79,3.6,97,7.2,5.5,4.4,1.3,2.6,16,2.7,100,100
4,3.8,100,8,5.2,3.3,3.1,0.9,11,2.9,100,98
3.26,2.2,94,7.3,2.3,0.7,3.6,0,8,5.8,90,94
2.71,0.9,77,5.5,5.5,1.4,2.2,2.1,13,0.2,91,84
4,3.9,92,7.4,10.9,5.1,3.1,2.5,12,2.2,100,96
4,4.9,100,7.3,2.6,0.7,1.9,5.2,12,1.4,100,97
3.22,3.2,85,7.7,8.9,6.2,1.2,3.1,9,2.6,91,90
4,5.7,100,6.8,4.1,1.9,2.4,0.7,12,4.4,100,97
2.51,2.4,78,6.1,8.5,5.2,0.8,1.5,20,3.9,76,84
3.27,1.9,75,7.8,4.6,2.3,0.2,4.4,15,0.2,96,89
3.62,3.4,80,5.4,7.3,4,0.4,2.2,13,7.5,100,100
3.95,3.4,100,8.8,8.7,4.9,0.1,0.8,18,0.5,100,99
3.84,4.7,100,6.7,6.4,4.9,1.8,3.2,16,5.2,100,100
3.79,2.3,80,7.3,5.2,1.9,1.6,1.4,10,3.7,97,98
4,5.6,100,7.7,2.3,1.5,0,4,12,1.8,100,100
4,6.5,100,7.7,5.4,2.7,1.2,3.7,17,4.6,100,100
3.87,3.4,87,5.3,3.4,0.8,2.6,0.7,13,3.6,100,95
4,5.4,100,8,5.9,3.2,3.5,6.6,14,1.9,100,94
3.03,1.9,76,7.4,4.2,1.6,2.8,2.8,6,3.5,88,87
3.61,5.1,85,6.2,6.8,4.4,0,0,9,2.2,100,98
4,5.1,99,6.1,4.6,1.9,1.8,3.8,12,2.8,100,93
4,4.8,100,6.6,3.5,0.2,1.3,0,18,8.4,100,100
3.25,3.5,83,5.4,8.2,4.9,3.2,5.1,21,0.8,100,87
2.87,0.5,62,9.1,6.2,3.1,0,3.1,7,5.5,81,88
3.53,2.5,92,8.8,5.1,2.8,2,2.7,9,1.2,100,96
3.52,2.6,100,7.5,8.7,4.4,3.2,2.8,14,4.3,98,100
3.37,2,82,6.7,8.9,4.1,0,4,23,3.7,83,100
3.7,3.7,94,6.8,3.2,1.7,1,1.9,7,7.5,100,89
3.82,2.9,97,7.9,5.3,2.1,0.1,2.8,2,4.3,100,92
3.26,2.3,93,9.1,3.5,1.1,2.4,3.1,13,4.7,100,95
3.26,1.9,85,6.3,4.7,0.6,1.9,0,5,4.1,100,95
3.52,2.4,80,5.7,6.7,3.7,2.6,4,15,3.1,100,90
4,5.2,100,8.9,6.5,3.4,0.5,4.4,16,4.8,100,100
2.48,2.5,76,4.9,7.5,3.9,1.2,3.7,11,5.4,95,73
2.9,2.7,68,5.8,7.3,4.7,1.2,3.6,10,5.3,96,77
3.64,2.8,100,6.7,9,4,1.9,6,8,5.8,100,96
3.82,4,94,5.1,7.7,4.1,1.9,2.7,12,3.8,89,100
4,4.2,100,8.3,4.1,0,0,2.8,5,2.5,100,95
3.42,0.5,78,8,5,2.3,1.7,1.5,10,4.2,89,96
3.84,5,90,6.3,7.1,4.2,0,0,8,4.9,100,97
4,5.7,100,8.5,5,1,2.2,3.7,13,2.7,100,100
3.58,1.9,91,8.7,6.8,2.9,0,1.7,14,6.4,97,92
3.23,2,89,6.9,5.1,3.6,2.3,0,19,2.2,95,93
2.98,2.8,90,6.5,6.7,3.5,0.5,2.7,7,5.4,85,86
3.52,2.4,88,9.7,7,3.4,2.2,2.6,10,7.4,96,94
3.85,3.8,100,7.9,6.5,3.7,2.7,2.4,17,2.6,100,100
2.87,0.6,68,7.3,6.6,3.1,0.2,3.1,14,2.7,81,68
3.74,1.8,91,8.6,3.5,0.6,3.1,0,9,0.8,88,100
4,5.8,100,7.4,3.9,3.6,0.1,4.8,5,0.4,100,98
3.02,2.1,83,6.4,4.6,3.2,1.7,3.7,21,5.3,92,81
4,5.4,100,7.1,4.8,0.6,0.4,5.3,4,6.7,100,100
3.96,4,100,8.2,7.6,4.9,0,1.7,6,3.5,100,100
2.63,0.8,75,4.6,6.8,3.6,1.8,3.7,13,3.7,80,87
4,4.5,100,6.7,3.7,0.7,2.7,0,17,3.9,100,100
3.7,3.3,97,8.7,3.6,1.6,1,1.2,8,5.7,100,98
3.83,2.8,81,6.4,4.4,2,2.5,0.1,15,5.8,99,91
4,3.9,86,8.9,5.4,2,0.1,3.3,7,1.7,100,100
3.77,4.2,92,8.7,6.7,3.2,2.2,0.6,16,9.4,100,100
3.94,4.6,100,6.9,6.9,1.3,0,2,16,3,100,95
3.71,5.3,84,6.3,6.9,4.5,3.1,2.8,8,4.8,100,100
3.3,4.1,95,6.7,9.4,4.4,0.8,2,16,1.8,100,96
3.84,1.4,86,10,5.7,3.7,0,0.2,7,5,100,89
3.47,2.8,80,9.2,6.5,2.9,0.8,6.1,1,2.9,95,81
4,7.9,100,7.2,7.4,4.2,3.9,3.1,11,4.1,100,100
4,4.6,97,6.3,5.2,2.4,2.1,6.1,14,5.6,100,96
4,7.1,100,7.1,4.7,1.7,1.2,0.8,16,4.5,100,100
3.85,5.6,91,7.3,6.9,4.6,4.9,2.1,17,0,100,100
3.81,3.9,91,5.5,7.4,3.3,2.4,3,7,2.4,100,100
3.77,4,99,7.1,3.8,1.8,1.9,5.9,12,5.8,100,95
3.9,3.4,96,8.6,5.6,2.2,2.9,6.1,10,4.3,100,96
2.28,0.9,81,4.8,5.6,1.7,3.1,2,12,7,75,86
3.46,3.5,89,8,10.5,5.8,0.7,1.4,24,5.5,100,95
4,5.3,100,8.6,7,2.8,0.1,2.8,11,2.7,100,100
2.69,2.6,82,6.3,6.7,3,0.2,5.2,7,2.5,91,85
3.8,4.1,100,9,6.1,3.9,1.6,3.1,11,0.6,100,96
4,4.8,95,6.2,3.1,1,1.4,3.5,16,5,100,100
3.26,2.1,82,7.5,6,4.4,0.7,5.2,14,5.7,100,94
3.47,2.8,91,6.6,3.4,1.9,0.3,4.9,17,6.3,100,100
3,2,84,6.6,8.5,5.5,3.1,5,21,5.7,89,80
3.86,2.3,85,6.3,4.4,2.3,0.7,4.2,21,4.2,100,100
2.75,1.6,70,7.8,8.8,4.4,0,5.7,8,4.5,89,83
3.87,2.1,92,8,2.3,0,1,0.6,16,2.9,100,100
4,5.6,100,6.9,4.1,1,0.3,7.5,3,4.2,100,100
3.01,2.1,82,5.4,5.1,2.4,0.5,5.1,17,3.9,97,89
4,3.7,100,7.5,1.3,0,1.5,2.7,4,4.5,100,95
3.75,2.7,76,7.5,8,3.7,2.2,5.2,4,4.5,100,92
4,5.3,100,6.7,7.1,3.3,5.4,2.3,11,5.5,100,100
4,5.5,100,9.2,5.3,1.3,3.8,3.9,17,3.6,100,98
3.85,4.8,100,5.1,6.5,2.8,0,4.2,7,3.1,100,100
3.48,4,96,4.3,6.1,4,1.2,4.7,9,5.1,90,96
3.5,3.2,95,6.1,2.1,0,2.1,2.1,8,5.4,99,94
3.73,1.7,83,7.9,4.4,0.9,2,4.8,13,5,100,98
4,6.4,100,5.7,7.2,2.3,0.7,2.1,17,1.4,100,100
3.24,2.4,74,5.8,6.3,2.8,2.6,4.5,12,5.6,88,95
3.94,4.5,98,8.1,6.9,2.7,0.3,3,9,3.1,100,100
4,5.1,100,7.6,6.5,4.1,0.7,0,20,8.6,100,97
3.81,2.7,90,7.5,7.8,3.5,1.1,1.5,17,3.4,100,96
4,5.1,99,7.9,6.3,3.8,0.7,4.7,8,6.2,100,100
4,4.6,98,6.5,4,0.7,3.4,2.4,8,4.5,100,92
4,6.1,100,6.5,5.6,3,2.1,5.4,10,3.8,100,100
3.85,2.8,85,8,6.4,2.3,2.2,0.6,17,3,94,93
2.75,1.6,73,5.4,9.1,5,0.8,4.4,1,7.3,100,74
3.51,2.7,91,4.4,4.3,3.1,4.9,2.9,19,3.9,100,87
3.64,3.8,100,6.5,6.4,1.8,0,2.5,10,3.9,100,97
3.91,3.6,86,8.1,10,4.1,2.6,0.6,6,2.3,100,100
3.57,2.9,90,7.3,6.2,3.6,4,3.4,13,6,100,100
2.73,0.6,79,8,4.4,1.6,2,1,13,0.3,83,98
4,4.2,96,4.6,6.8,2.3,1.8,1.7,16,2.5,100,89
4,6.5,100,7.4,5.4,2.3,1.1,2.7,18,7.2,100,100
3.78,4.2,90,7.8,7.6,4.6,2.3,2.3,14,4.9,100,81
3.65,4.4,98,5.4,8.4,3.1,1.5,5.1,15,4.7,100,99
3.48,4.4,96,8,5.3,3.9,3.7,0,12,3.8,100,100
3.9,4.1,99,6.9,4.2,2.1,0.8,2.6,15,0,100,100
4,4.9,100,10,6.8,3.3,0.6,2.3,9,4.4,100,92
3.68,4.1,84,4.4,5.9,4.8,0.3,3,10,5.2,100,79
3.42,3,83,8.6,4.9,2.3,3.6,1.9,4,3.8,100,81
3.32,2.3,85,6.5,5.5,3,2.2,5,20,1.2,100,81
3.6,3.1,88,5.1,5,0.8,3.3,2.5,9,2.6,100,89
3.57,4,100,6.4,5.5,1.7,1.1,3.3,17,8.4,100,100
3.79,3,88,7.3,3.3,2.3,0,4.8,18,6.8,90,93
3.87,4,100,8.2,3.4,1.2,2.9,3.1,4,1.1,100,98
3.72,4.2,100,9.1,7,4.8,2.7,0.5,13,0,98,100
4,4.7,100,8.7,4.2,1.5,0.6,2.1,15,7.5,100,100
4,5.4,100,5.8,5.7,4,0.2,2.8,9,3.3,96,100
3.91,3.6,91,8.4,6.6,3.1,0.6,0,5,3.5,100,96
2.81,1.5,79,7.5,5,2.8,1.2,1.6,19,5.9,92,78
3.33,3,87,6.2,8.7,5,1.7,2.9,15,3.7,91,91
4,3.6,100,6.7,3,0,2.1,7,12,4.5,100,100
3.11,0.7,78,6.1,4.3,2.5,1,3.7,7,2.7,73,91
4,5.6,100,7,5.9,1.2,4.2,3.3,7,2.6,100,100
4,3.7,100,6.1,4.7,0,4.2,6.4,13,6.1,95,95
4,4.1,100,5.8,4.3,1,1.9,4.2,10,1.8,100,92
4,5.5,100,7.6,5.5,2.8,1.9,4.5,13,2,100,100
3.4,2.6,85,7.8,3.4,1.7,0.7,2.2,14,1.9,88,86
3.89,4.4,100,6.8,8.4,4.1,3,0.5,10,4.8,100,100
3.84,3.3,92,8.6,6.5,2.5,1.8,3.5,20,3.6,86,99
3.43,3.2,97,6.7,4.3,2.3,0,6.6,8,6.3,91,100
3.38,2.3,75,6.6,4.5,2.3,0.7,6,7,6,78,91
4,6,100,7.8,6.2,2.7,1.6,4.3,14,4.3,100,100
3.87,2.9,84,6.8,3.8,2.2,2.9,1.6,14,7.9,100,92
3.61,4.5,100,7.1,3.7,1.5,0,0,7,5.6,95,100
1.97,0.7,60,4,6.1,4.3,2,1.4,10,1.2,74,70
4,5.3,100,7,3.7,1.9,1.5,3.4,4,2.8,100,94
3.68,5.1,100,4.8,4.3,2.2,0.8,2.1,9,4.7,100,89
3.12,3.6,98,5.5,7.5,3.4,0.9,5,16,2.3,82,85
3.49,3.2,90,5.4,4.2,3.3,2.8,0,6,3.6,91,87
3.52,4.1,99,5.7,5,1.5,1.5,2.7,7,6.9,100,99
4,6.9,100,6.3,7.2,3.9,0,1.5,8,4.3,100,100
2.62,0.9,66,6.4,7.8,3.6,1.4,5,18,2.3,66,74
4,4.7,95,7.8,6.4,3.1,2.2,4.1,17,5.1,100,84
3.41,2.1,87,7.3,4.7,2.2,0.6,1.3,2,3.8,96,86
3.55,3.5,78,4.7,4.2,2.2,0,4.7,3,1,100,91
3.56,3.1,91,7.1,6.7,2.5,3,0,12,6.4,100,97
3.73,2.9,94,7.4,4.6,1,0.9,0,4,3.8,96,88
3.57,3.5,81,6.6,5.1,2.7,1.8,1.2,18,3.1,83,95
2.71,1.8,78,6.9,8.2,4.1,0,0,1,6.4,88,84
3.68,5,100,7.2,6.6,4.1,3,2.8,8,4.7,99,96
2.98,0.8,94,7.9,5.2,2.2,0,2.8,13,5.6,88,91
3.38,4.3,92,5.1,6.7,4.4,3.2,2.2,19,0.9,100,99
3.19,3,90,6.7,9.3,5.7,0.7,4.1,12,3.7,94,92
3.4,1.7,88,8.8,4.1,2.3,2,1.6,14,1,100,88
3.92,3.8,98,8.7,6.4,3.8,2.6,0.4,13,4.8,100,91
3.42,1.2,91,8,2.2,0,0,1.4,17,2.2,87,100
3.89,3.6,87,7.6,4.2,0.9,2.3,0.6,14,7,96,98
3.23,1.4,81,9,6.4,2.9,2.4,1.8,16,2.7,88,92
4,4.2,100,9.3,3,1.3,0,4.2,16,4.9,100,100
2.92,2.1,69,6.8,9.4,5.9,0.9,0,17,4.3,86,87
3.55,2.8,83,5.8,4.9,3.7,0,2.3,1,2.8,98,94
3.52,3.9,93,6.7,9.8,4.2,0,4.9,4,3.8,100,100
3.5,2.3,89,10,5.2,2.8,1.2,5.1,15,6.6,89,81
3.96,3.4,84,5.1,5.6,1.3,1.1,1.6,22,5.9,100,100
2.95,1.2,71,6.4,5.2,2,0.6,7.4,14,1.7,81,73
3.71,4.4,92,5.3,6.5,3.2,0.4,0.9,11,5,100,100
4,6.1,100,7.1,3.4,1.8,0,2.5,17,3.7,100,98
4,7.7,100,5.6,7.8,3.8,1.5,0.7,19,3.4,100,97
3.03,3.6,93,6.9,7,3.9,2.3,3.9,15,4,100,89
3.74,4.7,95,4.7,6.4,2.8,2,8.6,12,3.3,100,100
3.22,0.8,74,7.7,3,0.1,0,6.7,12,0,81,85
4,5.8,100,8.5,8.6,5.4,2.5,4.7,13,4.7,100,97
3.81,4.7,94,6.5,4.4,2.5,2.8,1.8,19,3.7,100,100
2.75,2.8,55,6.8,9.7,6.9,4.6,2.7,14,2.4,76,68
3.84,5.4,100,6.8,6.3,3.8,0.5,5.2,14,7.4,100,98
3.67,3.1,89,7.2,4.7,2.5,2.3,4.5,17,2.9,93,95
3.58,2.8,96,7,6.7,3.5,3.6,3.2,12,3.7,100,94
4,4.2,100,7.9,3.4,0,2.3,3.3,13,3.2,100,98
2.77,1.9,86,8.5,7.6,4.3,5.5,5.1,22,2.4,93,75
3.3,5,86,6,9.6,6.7,1.2,5.6,9,4.2,100,95
3.55,1.9,95,6.6,3.5,0,0.9,0,9,4.1,96,95
3.53,1.9,86,8.1,5.7,2.4,0,3.5,8,4.6,96,81
3.05,2.1,77,5.3,5.7,2.6,1.4,4.2,14,3.6,73,72
3.93,4.6,87,4.6,7.3,4.1,1.6,1.9,14,4.6,100,95
3.16,2.6,76,7.3,10.4,6,1.9,5.6,2,6.9,83,80
3.33,1.5,77,7.6,5,3.4,2.2,2.4,17,4,100,79
3,2.6,70,6.1,8.6,6,1.3,5.6,7,8.3,90,85
3.69,3.5,91,6.3,6.5,3.1,1.9,2.3,14,6.4,98,97
2.96,1.7,76,6.1,4.6,3.5,1.2,3.5,13,5.8,94,81
3.17,1.8,83,6,8,3.3,2.3,3.5,1,3.8,91,87
4,6.7,100,7.8,7.9,4.6,0,6.3,1,2.8,100,98
3.22,2.2,68,5.6,6.3,2.2,0.6,4.5,6,3,92,85
3.1,3,84,6.7,8.3,4,1.9,2.1,18,2,100,94
3.54,2.9,81,5.9,4.5,1,2.4,2.5,3,4.1,95,89
3.07,2.9,81,5.3,2.7,2.4,1.3,2.4,18,4.8,95,86
3.94,4.4,96,8,5,1.8,1,3,3,0.6,100,97
3.55,4.9,100,6.4,6.2,2.9,1.2,1.1,1,2.4,100,94
4,3,88,7.2,4,2.3,0.4,2.8,13,4.3,100,94
2.88,1.6,78,5.2,5.4,4.5,1.2,5.7,12,5.8,76,87
4,5.4,100,6.1,5.1,1.5,2.9,5.6,3,3.8,100,83
3.91,3.4,97,7.9,1.7,0.2,1.4,0,6,3.8,99,100
4,6.1,100,10,6.3,0.8,1.1,0,14,3.3,100,100
2.46,0.5,59,4.6,7.6,4.3,1.3,1.8,10,4.4,79,65
4,3.8,92,6.8,5.9,1.3,3.9,0,15,3.2,100,100
4,6.4,100,7.5,6.4,3.4,2.6,0.5,10,3.7,100,100
3.36,3,88,6.3,6.3,2.4,2.6,3.7,17,6.7,100,94
3.47,3.2,100,8,7.1,4,2.2,2.9,6,3.6,100,100
3.4,3.9,93,6,6.7,2.5,2.2,0,15,5.1,97,90
2.99,2.7,77,7.2,7.5,6.9,2.6,5.3,6,3.2,80,97
4,3,83,6.4,9.7,5.6,3.8,2.2,14,4.2,100,100
3.97,3,98,8.5,6.1,2.3,1.8,2,15,2.3,100,100
3.34,2.6,87,6.2,4.9,2.1,1.8,5,7,3.1,93,95
4,5.3,100,6.6,10,7.5,3.3,3.8,14,4,100,95
4,4.2,100,8.1,3.8,1.2,1.7,2.9,15,6.6,100,93
4,3.9,100,5.8,6,2.7,2.8,2,14,5.8,97,94
4,4.7,100,7.1,7.3,2.8,1,4.1,8,3,100,100
3.45,3.1,70,4.8,5.2,2.8,0,2.1,10,5.8,96,88
3.72,2.3,98,5.7,1.2,0.2,0,2.5,21,3.6,95,100
3.27,2.6,96,7.5,9.5,3.5,3.7,0.6,8,1.2,100,81
3.9,3.5,100,5.8,5.1,1.3,5.2,5.3,13,5.3,100,100
3.27,1.9,82,6.3,7.5,5,1.6,6.1,11,7.3,85,88
3.9,2.7,85,7.6,5,0.6,0.8,3.4,14,5,92,93
3.22,2.7,78,6.3,7,2.9,2,2,19,1.2,92,90
4,6.7,100,8,3.6,0,0.6,4.9,9,3.5,100,100
3.49,0.5,79,7.3,2.4,0,4.1,4.2,14,4.3,89,87
4,3.2,89,7.5,5.3,1.5,0.5,2.1,16,4.6,100,98
4,6.1,100,8.5,6.1,1.8,0,5.3,10,8.2,100,95
3.54,3.7,86,7.4,5.9,5,1.7,2.2,8,0.3,94,89
4,4.6,100,8.8,6,2.7,2.4,0.4,13,3,100,100
3.74,3.6,94,8.1,8.1,4.7,1.4,2.9,12,8,100,99
3.36,2.5,82,6.4,5.5,2.2,3.3,5.2,4,4.9,87,75
2.56,0.5,66,8.6,6.8,3.7,1.6,3.2,8,2.7,68,84
4,3.8,83,7.3,6.1,1.7,1,0.7,16,5.5,100,97
3.33,2.3,93,6.5,4.3,1.6,5,2.2,10,5.4,89,89
3.77,2.3,83,7.3,3.1,0.1,2,5.4,14,4.2,100,96
3.39,2.8,87,8.3,6.7,3.3,0.6,3.5,7,5.6,89,90
4,6.1,100,7.5,6,3.2,0.1,3,13,6.3,100,98
4,7.1,100,9.2,5.3,4,0,2.7,13,4,100,100
4,3.8,99,8.3,6.4,3.1,0,5.2,13,4.2,100,100
3.5,2.8,94,7.6,9.1,5.8,3.1,5,10,2.7,98,90
3.29,1.7,85,5.8,5.7,3.1,1.3,0.2,13,3.4,75,100
3.52,4.2,91,6.8,7.1,4.3,2.5,4.9,21,2.7,98,89
4,6.2,100,7.1,1.5,2.3,1.8,4,14,1.6,100,99
3.39,3.1,81,7.8,5.9,1.4,0,6.2,19,4.1,92,96
2.92,0.5,78,7.8,8,3.9,1.2,2.9,11,3.7,84,89
3.88,4.5,95,7.2,4.1,2.7,1.3,5.3,1,2,100,100
4,5,100,7.1,6.2,4,3.4,3.9,16,6.7,100,85
2.86,1.1,77,7.9,8,3.3,2.7,0.8,22,0.6,87,82
3.72,3.8,86,6,3.2,1.6,1.3,5,13,4.1,98,93
4,4.2,100,9,8,4.4,1.5,4.6,9,2.7,100,100
3.52,3.4,90,4.5,3.9,1.5,0.5,1.7,12,5.1,100,97
3.49,2.3,88,8.7,7.2,3.7,0.3,3.6,18,5.3,88,82
4,5,93,6.9,7.8,4.7,0.5,7.2,13,2.8,100,100
3.44,2.9,83,8.2,4.9,2.2,1.2,2,9,4.2,100,99
3.22,1.3,80,7.4,8,4.5,1.6,4.5,7,3.5,95,86
2.69,0.5,71,7.4,5.8,3.4,1.1,0.8,16,4.8,87,76
3.64,5.4,100,7.7,5,4.1,1.9,1.9,28,1.9,100,98
4,4.4,100,8,3.4,1.5,0.9,4.6,6,3.7,100,96
3.53,3.6,98,6.6,4.8,3.1,2.4,3.5,15,3.2,93,97
3.69,2.8,100,8.2,1.8,0.7,4.1,2.6,15,3.8,100,99
3.33,2.7,81,5.7,8.8,5.4,3.1,6.4,6,4.7,100,95
3.06,1.9,79,7,2.8,0,0.2,1.2,16,2.7,81,85
3.47,2.9,86,8,5.7,2.3,0.8,2.7,22,4.9,100,78
3.26,0.5,75,8.2,5,1.4,3.1,4,17,6,94,89
3.05,2.4,86,7.6,7.7,3.8,0,1.3,10,2.2,97,87
2.98,3,94,6.5,9.2,5.7,1.1,4,5,3,100,90
4,4.4,98,8.1,5.6,3.8,1.6,5.1,14,5.5,100,98
3.1,3.4,95,6.2,10.9,7.2,1.1,2.8,11,5.8,100,90
4,4.7,100,9.1,4,0.7,1.2,1.6,15,0,100,94
4,5.5,100,6.9,6.4,0.8,1.9,2.4,11,4.2,100,97
3.85,5.1,100,5.2,4.5,1.5,1.6,0,7,3.2,100,100
3.9,4.2,91,5.6,6.5,3,0.4,5,12,2.7,100,92
4,3.5,100,7.1,4.2,1.3,3.8,3.5,18,4.8,100,100
3.17,2,80,7.2,4.8,1.7,1.5,2.6,16,6.3,92,77
4,4.6,100,9.4,6.7,3.7,2,0,11,1.4,100,95
4,6,100,5.8,3.4,0.9,1.1,5.2,6,3.1,100,97
4,4,100,7,4.3,1.1,1.5,2.1,11,4.7,97,82
4,6.4,100,5.7,5.9,2.2,0.5,4.1,10,4.5,100,100
3.12,1.2,84,6.4,4.8,2.3,0,3,12,5.4,93,90
3.1,1.8,78,9,8.3,4.3,2.4,0,22,5.4,91,96
4,4.8,100,5.6,5.3,1.4,0.3,5.5,10,2.3,100,84
3.71,3.9,100,7.7,3.6,1.7,1.1,5.2,13,8.1,100,92
4,5.5,100,7.5,5.5,3.7,3.8,4.5,16,4.9,100,91
3.86,3.5,87,7,7.5,4,3.2,3.6,15,7.9,100,100
3.07,2.2,93,7.6,7.2,4.9,0.5,0.6,19,6.3,91,91
3.26,3.2,86,5.6,5.2,3.5,2.1,4.7,9,2.2,78,85
3.48,1.2,80,9,8.1,3,0,7.4,9,4.3,88,89
3.52,1.8,99,9.3,5.5,3.7,3.2,3.2,10,1.2,100,100
3.98,5,99,7.1,3.6,2.4,1.6,3.3,7,0.9,100,94
4,4.8,100,9.9,4.5,2.4,3,0.8,12,0,100,87
4,4,100,6.5,3.4,0.1,1.9,0,13,2.2,100,93
2.85,0.9,73,7.5,7.2,4.1,1,2.3,10,9.8,98,79
3.64,3,86,8.7,8.4,3.1,1.1,6,15,4.9,95,84
2.97,1.7,83,6.4,6.1,4,1,5.7,15,4.6,73,89
4,5.3,100,5.3,3.3,0,2.1,2.9,8,7.7,100,100
3.66,2.6,84,5.1,7.1,2.7,0.5,3.9,15,7.3,100,96
3.58,1.9,89,9.5,3.7,1.5,1.5,0.6,6,1.6,100,99
3.56,3.5,79,6.4,8.9,5.1,1.7,3.2,7,4.4,100,91
3.33,2.5,77,6.8,4.5,3.7,0,2,19,4.7,89,85
4,5.7,92,5.7,8.3,3.2,0.1,3.1,11,4.8,97,100
3.68,2.4,98,8.1,6.4,2.2,0,2.5,11,6.4,90,99
3.13,1.4,75,6.1,5.6,3.4,1.1,2.4,20,2.3,71,78
3.14,0.5,81,6.4,5.4,1.4,1.4,5,13,3.3,86,93
3.67,3.5,90,7.4,7.3,2.7,2.4,6.9,11,6.4,100,96
3.39,2.7,96,5.7,3.4,1.9,0.4,2.7,8,7,90,100
3.26,1.4,58,6.8,8.5,6.2,0,5.8,14,5,88,85
4,5.3,100,8.7,9.6,5,0.8,0.5,19,6,100,96
3.92,4.5,97,7.5,7.5,4.4,2,2.8,12,3.9,98,97
3.73,3.5,87,7.2,4.1,0.6,3.7,0.4,18,5.3,100,95
3.97,5.5,82,7.3,7.2,4.1,1.6,2.4,11,7.3,100,91
4,4.5,100,6.5,7.2,3.1,0.2,4.4,8,6.8,100,92
3.33,2.3,94,9.4,8.2,4.6,2,5.2,10,5.5,100,83
2.67,1.9,79,6,6.4,3.3,1.6,1.4,8,5.9,90,74
4,4.7,100,7.3,3.3,2.8,1.5,3.9,19,3.7,100,100
4,4.1,100,7.1,7,3.2,0,5.5,18,4,100,100
4,3.8,100,8.2,4,0.1,2,5.2,14,5.2,100,100
3.88,2.2,96,8.3,3.1,1.6,0.9,3.5,1,0.5,87,98
3.69,4.4,86,7,5,3.4,0.9,1.8,19,5.4,100,96
3.67,2.4,83,7.3,8.1,4.5,2.7,1.6,10,4.7,96,95
4,3.3,99,7.4,5.2,2,2.3,1.3,9,2.5,100,100
4,5.7,100,4.3,3.3,2.7,0,2.9,10,5.7,100,100
3.79,2.5,89,5.1,2.4,0.4,3.5,1.4,12,2.5,100,99
2.21,1.1,61,6.3,8.4,5,2.9,4.4,14,6.2,69,87
3.11,1.9,78,6.3,8.3,4.5,0.4,3.5,17,4.6,89,86
3.88,5,93,5.6,6.1,3.8,0,3.4,15,5.6,100,100
3.69,3.9,92,7.9,6.2,3.4,2,0,12,4.1,100,100
3.36,3.3,91,7,7,5.1,1.8,3.1,10,5.6,95,100
3.73,2.7,75,6.7,6.2,1.6,0.3,2.1,8,7.2,94,98
3.89,4.2,89,5.5,4.6,1.4,3.9,7.3,14,4.1,100,87
3.4,2.2,86,6.9,6.6,4.4,1.4,0.4,15,3.2,93,88
3.66,4,86,3.8,5.9,4.3,1.5,2.6,8,4.6,100,88
3.66,2.4,83,6.8,2.5,1,1.9,3.8,7,8.1,100,93
3.56,2.2,89,7.1,7.2,2,3.1,1.1,16,1.4,94,83
3.32,2.5,73,7.3,8.1,5.3,1.9,6.9,10,6.6,100,100
2.78,2.9,75,5.1,5.9,3.4,1.6,6.9,6,1.9,83,91
3.88,3.4,89,7.3,6.7,4,0,1.3,7,3.4,93,81
3.99,3.9,96,5.8,3.3,1.1,1.5,1.8,15,10.2,100,99
2.73,0.5,62,6,6.7,3.8,3.2,7.3,20,5.8,65,89
3.64,2.3,88,7.9,3.7,0.7,0.6,5.8,17,7.7,100,100
4,2.9,100,9.4,3,0,1.7,2.3,3,2.4,100,94
4,5.8,100,7.1,5.4,3.9,0,3.9,12,5.5,100,98
2.45,1.9,66,6,9.1,5,3.4,0.2,16,4,76,84
3.28,3.7,96,7.2,4.7,2.4,1.4,7.4,5,10.3,100,92
4,5.7,95,8.1,4.2,2,1.3,3.1,20,2.7,100,97
3.05,1.5,88,7.7,7.6,5.4,2.2,4.2,3,3.1,96,89
3.68,4.1,94,10,4.2,2.5,1.9,1.1,15,3.5,100,92
3.16,2.3,85,6.1,6,2.7,2,0.7,10,4.9,98,77
3.4,2.7,84,7.3,9.4,5.3,0,3.9,13,1.3,100,96
3.65,2.3,83,8.9,4.4,2.3,3.2,6.8,12,3.7,100,92
3.81,2.4,100,8.8,2.6,1.8,3,1.9,8,1.5,100,94
4,7.6,100,4.7,5.8,4,1.9,1,15,5.5,100,99
3.84,4.8,98,7,4.2,1.7,3.5,3.6,11,2.6,100,93
4,5.2,100,8.8,4.1,2.6,1.5,6.3,15,3.3,100,94
4,4.2,100,10,3.1,0.8,0.9,1.7,9,2.6,100,85
3.51,1.1,88,7.8,5.4,3.1,1.9,2.5,11,5.9,88,92
3.99,4.1,100,6.6,5.9,2.9,3.1,4.7,15,3.6,100,95
3.37,5.1,100,5.8,5.6,4.3,1,4.9,8,7.2,100,88
3.29,2.2,73,9.7,7.8,4.1,0.9,2.4,18,0.7,92,95
3.81,4.9,99,7.9,8.6,3.6,0.1,5.2,13,0.3,100,87
3.75,4.6,93,6,8.1,3.4,1.5,4.1,22,7.5,100,96
4,6.3,100,6.8,5,2.7,1.8,3,11,3.1,100,100
4,2.9,98,7.4,7.5,3.7,0.2,4.8,13,2.1,95,100
3.58,1.9,72,7.7,4.8,1.1,0,4.5,11,7.2,100,100
3.19,3,96,5.9,2.9,0,1,0.9,12,2.9,98,77
3.78,5.7,100,6.3,7.7,4.5,1.8,6,15,1.8,100,100
2.83,0.8,62,5,7.6,3.8,3.7,3.7,20,7.1,85,82
2.97,0.5,79,8.2,6.7,2.6,2.5,5.8,19,2.2,92,90
3.62,3.6,93,6.6,6.4,4.4,4.6,3.1,16,4.1,100,90
3.54,2.8,89,7.6,5.6,1.7,0.9,3.5,7,3.7,100,100
4,3.5,100,8.7,6.7,1.7,2.1,3.8,10,7.1,100,99
4,4.9,100,7.3,5.6,1.5,1.4,4.1,15,4.6,100,100
3.59,2.7,94,6.9,8.5,3.7,4.8,6.1,8,6.7,100,100
2.72,0.7,80,7.2,1,0.4,2.3,3.9,12,3.9,79,78
4,6.6,100,7.1,5.3,1.6,0,2.9,13,3.6,100,100
3.12,2,83,8.5,6.5,3.2,0.7,5,21,3,84,87
3.57,1.9,75,7.4,5.2,1,0,3.9,11,1.6,100,95
4,5.2,100,6.3,3.4,1.8,3.2,8.9,4,5.7,100,97
3.54,2.9,88,8.3,2.4,0,0.4,3.6,16,5.1,90,93
4,3.4,96,8.5,7.8,3.7,2.1,5.5,17,3.6,100,100
3.45,4.2,100,5.4,3.5,1.8,1.3,4.8,23,6.3,100,81
4,5.1,100,8.8,4.5,1.2,1,0,10,5.2,100,100
3.74,3,88,7.4,3.9,0.9,0.3,1.5,5,3.9,98,93
4,5.8,100,7.3,5,2.2,0.9,2.1,14,5.7,100,100
3.46,0.5,81,8.2,4.1,0.4,1.6,0,15,4.5,100,98
3.87,4.6,96,6.3,7.4,5.7,1.1,2.2,15,5.7,100,98
3.54,2.2,100,8.1,2.1,0,2.2,0.3,10,2.5,98,90
4,5.6,100,6.5,4.9,2.1,0,0.8,14,4.4,100,100
3.44,3.7,91,5.2,4.6,3,0,3.5,13,0.7,95,100
3.43,2.5,87,5.8,6.1,1.6,2.5,6.8,9,4.4,100,76
3.8,4.5,98,7.7,5.1,3.1,0.2,0.3,7,1.7,100,100
4,4.8,100,5.9,5.5,1.6,0,0.6,10,4.4,100,96
3.77,4.5,100,8.9,7,5.1,1.9,1.9,12,6.7,100,78
3.55,2,83,8.4,4.9,1.1,1.3,2.7,15,0,100,79
4,2.8,100,8.6,1.1,0,2.6,0,12,7.3,100,93
3.43,3.5,96,7.1,5.6,0.9,0,1.6,9,4.3,98,85
3.99,3.4,100,7.3,7.8,3.4,0,1.4,15,5.1,100,99
4,4.6,100,5.6,4.9,2.6,2.2,3.6,12,3.2,100,100
2.72,0.5,75,8.2,5.9,3.9,2.2,3.9,9,8.1,80,87
3.4,4,89,7.5,7.1,3.6,2.5,2.7,14,6.9,99,98
4,3.1,100,7.7,3,1.8,2.3,2.2,15,7.2,100,96
3.84,2.2,93,9,5.1,2.1,1.6,1.6,12,4,100,100
3.13,2.4,96,6.3,4.2,2.2,0.7,3.1,20,3.7,90,96
3.17,3.2,83,6.8,8.3,5.6,0,1,18,4.1,93,100
2.83,0.5,71,7.4,6,3.8,4,6.1,15,3.5,92,87
2.78,2.4,66,5.9,7.6,5.6,0.2,0,10,6.8,90,76
3.54,2.2,96,6.8,9.1,4.1,3,1.7,3,0.6,100,90
4,4.3,100,7.6,6.6,2.7,0.7,4.7,6,1.3,100,91
3.45,2.3,100,6.6,2.5,1.3,1.2,2.2,16,3.5,100,88
4,3.2,91,8.6,5,3.1,0.4,4.3,7,3.8,100,98
4,5.8,100,5.2,6.7,2.7,1.6,6.4,14,7.1,100,95
3.95,5,100,8.3,6.9,2.7,2.1,4.7,8,4.9,100,97
4,4.9,100,7.8,3.8,2.5,0,0.6,11,5.1,100,100
3.86,2.8,90,6.3,3.8,0,2.2,0.7,10,0.4,100,94
3.24,4.3,89,5.9,8,4.7,3.6,2.6,16,4.1,100,100
3.01,3.1,83,4.5,3.4,2.7,2.2,3.9,17,2.3,99,84
4,3.2,100,6,3.2,0.7,2.5,5.4,4,3.8,95,100
3.68,4.1,93,8.3,6.3,3.5,1.3,1.4,19,7.9,97,90
3.67,2.6,73,6.9,4.6,1.5,0.8,2,11,3.9,98,86
4,5.7,100,8.4,5,3.6,1.8,2.5,17,6.1,100,100
3.6,3.3,88,6.3,6.2,4.1,0.1,2.5,19,2.3,92,100
4,4.4,95,7.8,6.6,4.3,1.1,6,9,4.4,100,98
3.94,5.7,100,6.1,5,2.6,0,2.8,20,6.9,100,93
3.91,5,100,5.8,4.6,2.2,0,3.3,3,5,100,100
3.39,1.4,69,6.9,4.7,1.9,3,4.8,7,1,97,89
4,4.2,100,6.2,5.1,1.7,0,6.2,10,0.5,100,100
4,4.8,100,5.1,7.9,2.8,2.5,2.9,7,2.7,100,93
4,4.8,100,6.8,6.5,2.5,4.1,5.5,5,1.7,100,98
3.56,1.8,92,7.1,6.2,1.6,1.8,6.7,17,3.3,94,99
3.56,2.5,100,8.5,3.5,1.1,0.3,2.8,10,2.1,100,99
3.8,5,100,8.1,4.4,2.6,2.3,1.9,12,1.2,100,92
3.97,2.4,92,8.5,6.1,2.1,0,7.4,15,4.1,100,100
3.49,3.1,100,7.9,4.1,1.1,0.5,5.2,17,4.6,100,95
4,5.9,100,7.4,7.9,4,0,3,20,6.4,100,92
3.28,3.4,91,5.5,7.4,5.5,0,4.3,8,2.8,100,100
3.09,2.4,90,7.2,8,4.2,2.6,0.9,20,5.9,100,74
3.77,2.2,84,7.7,4.5,1.7,1.3,5.2,13,0,100,91
3.98,4,100,8.7,5.1,2.7,2.3,0,13,6.2,100,100
2.83,1.5,75,7.8,7.7,5.1,1.8,5.1,11,1,67,88
4,3.1,99,8.5,4.6,1,0,1.6,14,2.5,100,98
3.63,4,97,5.8,7.9,4,1.1,0,20,3.3,99,85
4,5.4,100,6.6,3.2,0.6,0.3,0,15,4.2,100,93
3.75,4.5,99,7.5,8.7,5.3,0.9,2,17,4.5,100,90
3.85,2.4,94,8.4,5.6,2.2,1.4,4.4,8,1.1,99,84
3.8,5.3,83,6.8,10,6.1,1.1,0.2,10,3.3,100,100
3.66,3.1,96,6.9,9.6,5.4,1.8,0.5,12,6.7,100,100
3.5,1.6,75,7.8,7.8,2.6,1.7,2,15,4.9,92,85
3.75,3.2,92,5.6,4.1,1.7,0.2,4.6,14,1.4,100,82
4,5.7,100,8.9,7.9,3.1,1.6,4.9,21,0,100,100
3.82,3.7,98,5.9,5.6,2.5,3.8,3.3,9,5.6,100,98
3.85,3.5,98,4.7,3.9,2.2,0.8,5,14,2.3,100,100
4,6,100,7,2.5,0.3,0,4.4,15,4.3,100,100
3.43,1.4,80,9,5.6,2,1.2,2.2,10,3.7,76,91
2.79,1.6,76,7.7,5,1.1,2.5,4.8,12,5.7,77,76
2.86,1.1,80,7.9,5.4,3.6,2.3,0.4,9,5.4,83,83
3.19,4.1,100,7,6.4,4.3,2,4,13,5.5,100,99
3.52,3.7,100,6.8,6.3,3.9,3.6,0.7,5,0,91,100
3.53,5.8,100,5.1,5.3,3.3,3.4,3.3,20,5.5,99,96
3.84,3.9,89,4.3,2.2,1.5,3,5.4,11,4.4,100,99
3.52,2.9,96,7.2,3.4,3.1,1.1,3.4,8,3.3,93,93
3.35,3.5,77,8.6,6.5,4,5.2,3,3,6,89,92
3.95,3.7,100,7.4,5.2,1.9,0.6,3.5,10,1.3,100,88
2.86,1,69,7.7,6.8,3,2.7,4.3,11,6,60,88
4,7.6,100,8.9,4,2.6,0.6,7.3,14,4,100,100
3.77,4.3,100,7.4,6.7,5.3,2.5,4.3,11,4.4,100,97
3.25,3.8,93,6.9,6.5,4.1,2.3,2,26,2.3,99,94
4,4.4,93,6,6.7,3.7,1.1,2.6,6,5.7,100,91
4,4.6,100,9.4,4.4,0.2,0,1.2,15,7.3,100,100
3.8,3.3,96,7.6,7,3.1,4.3,0.5,14,2.8,100,95
3.66,2.6,91,5.9,5.2,2.6,3.6,0,5,4.7,83,89
4,4.4,94,5.6,6,2.6,3.4,2.1,10,5,94,100
4,4.1,88,8.5,2.5,0.5,0,0.2,24,0.4,100,94
3.41,2.3,98,5.8,4.3,1.2,2.8,3.2,9,5,89,89
4,5.6,100,9.2,5.6,2.7,1.3,2,22,9.6,100,94
3.27,3.9,83,3.7,9.2,4.5,1,0.8,11,4.5,100,76
4,4.6,100,8.7,5.5,1.9,0.4,0,12,2.5,100,92
4,5.6,100,7.6,4.3,2.2,3.4,2.3,10,1.7,100,100
3.58,3.5,98,7.1,7.6,5.5,1.9,0,7,4,100,100
3.84,4,100,6.8,5,2.4,1.5,4.4,6,2,100,98
4,4.7,100,9.3,3.7,2.6,2,3.5,9,3,100,100
3.34,2.4,100,7.8,5.3,2.6,1.8,2.5,16,2.6,95,84
3.85,3.6,90,5.9,3.6,0.8,2.8,5.9,15,2.7,100,100
3.73,3.7,99,4.9,7.3,3.7,0,3,10,3.1,100,93
3.56,2.1,68,7.2,5.5,1.8,1,3.8,21,2,100,94
4,7,100,7,5.9,2.8,0,4.4,8,1.7,100,97
3.21,1.4,91,5.2,4.5,3.5,1.8,2,14,3.3,84,85
2.67,1.6,65,6.9,7.2,5.7,0,2,5,3.1,75,91
4,5.5,100,6.3,3.1,0.8,0,3.1,14,3.7,100,99
3.82,4.6,87,7,7.9,4.1,1.9,0.3,15,1,100,100
3.68,2,98,7.9,7.8,4.1,1.1,6.6,11,4.1,93,99
4,4.4,100,8.8,4.5,1.8,2,3.3,12,7.1,100,95
4,5.7,100,8.1,9.5,3.7,0,2.6,10,6,100,100
3.07,3.5,82,6.1,10.2,5.3,1.2,7.2,17,2.7,90,80
4,7.4,100,7.4,6.2,1.7,1.4,0.8,16,2.7,100,96
2.79,0.9,73,7.1,7,3.2,0,6.1,14,5,77,75
3.82,4.5,95,5.4,7,3.4,0.6,4.6,16,7.1,100,96
4,5.2,100,7.5,7.1,3.6,1.7,5.2,15,7.6,100,100
4,4.8,100,9.2,4.8,4,1,2.6,10,4.5,100,92
3.72,3.2,90,7,4.7,3,0.4,3.1,14,1.5,100,90
3.6,3.1,81,5.1,6.3,3.6,1.8,2.3,16,6.9,100,91
3.98,4.2,100,7,4.6,1.4,0.8,5,11,1.4,100,100
4,4.7,100,5.5,5.9,3,1.9,3.8,15,4.9,100,93
3.44,4.4,100,8,5.4,2.1,2.2,1.9,5,5,100,100
4,5.1,100,7.6,1.5,1,2.3,2,6,1.8,100,95
3.35,2,78,6.8,5.6,2,1.7,3,12,3.7,92,92
3.67,3.2,90,6.6,6.3,3.2,1.3,2.3,10,3.9,100,100
3.59,2.1,79,6.7,6.3,3.5,1.4,5.9,18,2.4,100,100
3.81,2.9,76,7,5,0.9,3.2,4.6,11,3.9,100,93
4,5,100,6.1,3.1,1.4,0.6,4.6,18,10,100,100
3.01,3.7,91,5.3,6.6,3.9,3.3,3.5,12,5.2,100,76
4,7.4,100,8.4,6.9,3.6,0.8,1.3,14,5.6,100,100
3.61,3.8,96,6.5,6.1,4.1,2.1,4.4,10,3.7,100,89
3.63,3.6,84,7.2,5.5,4.9,1.8,0,11,7.8,100,90
4,3.7,100,7.3,5.2,3.6,2.4,3.3,8,2.5,100,100
3.45,2.5,98,7.4,5.1,2.2,0,1.4,7,1.4,87,84
3.45,3.4,80,5.6,5.7,3,2.2,1.2,17,2.5,89,91
3.41,5.2,91,5,8.3,5.3,1.3,2.1,17,3.8,100,100
3.51,3.7,90,6.3,9.1,6.9,2.3,2.8,17,2.8,100,100
3.57,2.3,86,7.5,4.9,3.5,1.9,3,18,2.6,96,90
3.39,2.1,80,6.1,6.8,3.6,2.7,4.6,13,1.9,97,99
3.06,2.8,89,6.6,6.7,3.9,0.2,2.7,10,3.1,93,91
3.67,3.6,84,9.6,6.6,2.8,0,2.8,9,3.9,100,100
2.96,5.3,90,4.8,6.6,4.5,0,0.2,3,6.3,93,78
3.01,1.5,69,6.1,4.9,4.3,0.8,0.5,15,2.9,68,92
4,3,99,9.3,3.2,3.3,0.4,3.6,13,7,100,100
3.23,3.7,78,6.9,4.8,2.3,2.2,4.3,14,2.7,100,89
2.83,0.7,78,6.2,3.7,0.5,3.1,2.5,15,3.6,93,82
3.68,2.2,81,8.4,6.6,3.9,2.4,4.9,19,4.3,92,81
3.33,2.5,91,7.1,5.4,3.1,0.7,0.2,10,6.1,92,95
3.83,2.3,92,6.6,2.8,1.7,1.4,3.8,14,4.1,100,100
3.94,3.8,100,7.2,1.8,1.1,2.3,1.3,10,4.5,100,89
3.47,3.3,79,6.2,7.2,3.8,3.3,1.1,3,6,100,97
3.36,2.7,83,5.8,3.1,0.4,2.9,1.5,11,4.8,100,90
3.88,4.1,96,6.9,5.8,3.2,2.9,2.8,19,3.4,98,99
3.62,6.1,100,5.8,5.2,4.1,2,3.9,11,2.7,100,99
4,6,100,7,5.4,3.6,3,3.7,8,4.3,100,100
3.1,0.6,75,7.4,5.3,2.2,2.5,2.4,14,6.2,81,86
4,4.4,100,8,4.2,0.9,0,4.3,16,4.2,100,100
3.6,3.2,89,8.4,6.5,3.7,1.9,6.4,15,5.5,100,93
3.24,3.7,99,6.5,9.3,4.6,0.4,2.8,19,3.5,100,85
3.54,2.9,100,7.6,4.2,1.9,0.4,3.2,7,4.9,100,91
3.9,3.7,93,7.6,8.1,3.6,1.7,1.8,19,4.9,100,96
3.47,3.7,78,7.4,8.5,5.2,1.5,2.2,2,4.6,100,93
3.53,2.6,86,6.4,6.4,3.3,1.2,5.5,2,3.2,100,100
3.19,2.2,96,5.8,6.3,2.2,0,5.5,5,5.4,100,86
3.83,2.8,90,7.6,6.7,4.4,1.3,2.6,14,4.3,100,100
3.43,3.9,83,5,4.3,1.7,0,4,4,6.9,88,99
3.94,4.4,100,6.7,2.4,0.9,1.9,4.8,9,5.7,100,100
3.58,4.8,100,3.9,8.1,4,1.5,2.1,10,4.9,100,100
3.79,2.8,94,5.4,5.6,2.2,2.3,0.4,16,5.2,100,98
3.95,3.9,100,5.9,6.6,2.3,0.2,4.4,18,5.5,100,100
4,4.9,100,8.3,5.1,1.9,3,4.8,17,6.9,100,100
4,5.2,100,7.8,6.4,2.1,1.8,4.5,5,6.4,100,94
2.74,3.4,81,6.3,7,4.9,5.9,2.3,13,8.6,92,91
3.53,3.2,78,7.9,9.5,5.3,0.4,6,10,1.2,90,95
3.46,3.8,85,8.1,8,5.5,3.6,3.6,11,0,88,100
2.84,1.8,83,6.8,7.4,4.4,0.5,0.7,12,6.9,78,80
3.64,3.2,83,5.3,7.4,3.5,2.8,0,10,5.6,90,89
4,4.6,100,6.8,6.5,0.7,2.2,2.4,8,1.8,97,100
4,4.5,100,6.9,6.5,2.5,0,3.4,10,5.2,100,95
3.18,3.1,86,5.5,10.1,6,1.1,2.4,9,5,100,83
4,3.8,100,7.4,4.4,2.1,2.7,7,17,3.7,100,100
3.06,2.3,71,7.3,8.3,5.1,1.2,3.8,12,5.2,93,88
3.7,4.6,100,7.5,5.8,2.9,2.8,1.1,17,2.7,100,100
3.85,3.4,100,7.3,4.7,0,2.2,0,17,3.9,100,90
3.58,3.1,80,7.9,6.6,3.8,2.9,3.5,19,4.6,92,91
3.58,3,79,6.8,9.3,4.7,2.2,5,6,5.5,98,100
3.68,3.4,92,7.2,4.1,2.7,0.3,6.7,13,5.2,93,100
3.72,2.8,82,6.5,9.3,4.6,1.6,2.6,6,4.7,93,100
4,4.5,100,6.3,2.3,0.3,1.7,6.4,21,2.7,100,100
4,2.9,91,8.6,4.7,0.7,1.5,0.3,15,3.2,87,87
4,5.9,100,4.5,5.1,3.1,0.5,2.3,10,1,100,100
4,5.7,99,8.1,7.2,3.5,1.2,1,10,4.9,100,100
3.08,2.2,69,6.3,6.6,4.8,2.3,4.6,16,5.8,88,78
3.45,3.6,82,6.1,8,3.8,1.6,0.4,10,2.3,100,88
3.63,2.5,85,7.3,5,1,0,3.8,5,5.6,100,96
3.42,3,79,5.2,5.4,3.1,3.2,0.5,14,4,98,85
4,6.5,100,6,7.4,3.7,0.9,6.5,18,4.4,100,100
3.85,3,88,6,4.1,0,0,2.3,12,3.2,100,99
3.73,4,95,6.7,4.6,2.7,1.5,3.8,16,5,100,99
3.62,4.3,87,6,4.1,2.3,0.7,0,9,0,100,83
3.45,2,84,8.9,3.5,1.8,0.3,0,13,7.7,89,93
3.46,2.2,92,9.2,5,3.5,1.7,1.5,12,4.9,100,89
2.74,1.7,84,4.6,2.8,1.1,3.3,4.7,10,5.7,84,79
3.51,2.2,92,7.7,7.5,3.4,2.1,4.3,7,2.4,94,94
2.63,0.5,64,8,7.3,3.6,0,5.2,8,2.5,86,82
3.56,4.3,91,7.7,5.4,4.4,1.2,0,9,5.1,100,100
4,6.6,100,6.2,3.5,1.1,0.9,4,10,0.9,100,100
3.53,3.7,98,6.7,2.1,0.5,2.2,1.9,11,4.2,100,100
2.91,1.4,75,6.1,7.2,3.2,0,1.4,13,2.8,96,76
3.51,2.5,90,6.5,4.9,2.4,2.3,1.9,13,3.3,94,96
2.83,2.8,84,5.5,8.3,7.2,0.3,2.8,11,2.9,84,89
3.34,2,75,6.9,6.7,3.5,0.8,4.3,12,4.6,83,85
3.83,4.8,97,5.2,6.6,2.9,2.7,5.2,8,5.4,100,88
4,4.7,100,6.8,4.4,2.5,1.9,4,13,6.3,100,100
3.2,1.8,74,5.5,3.7,1,2.2,4.3,4,1,86,94
3.81,4.6,100,7.2,5.5,3.6,2.8,6.6,7,2.6,100,100
4,5.8,100,6.2,7.2,2.7,1.1,4.4,7,3.3,100,99
4,6.4,100,7.3,5.2,2.7,0.2,2.6,9,6.8,100,96
4,7.8,100,8.3,5,2.9,1.8,4.2,13,3.4,100,100
4,2.1,88,8.9,6,3.1,2.6,6.4,13,4.6,85,100
4,7.7,100,4,3,0.2,1.6,1.3,13,3.1,100,100
3.91,3,86,6,7.9,4.1,3.2,2.1,16,3,100,96
3.65,2.6,90,6.6,6,1.5,1.1,5.9,13,7.6,100,97
4,4,94,7.6,7.1,2.6,1.2,2.4,7,4.9,100,86
3.22,2.6,72,5,7.2,4.7,0,4.5,12,2.2,100,86
3.45,4.1,91,5.8,8.9,5.5,0.3,5.6,7,3.1,100,96
3.36,1.5,73,7.2,5,0.2,1.8,0.5,10,4.3,83,86
3.95,3.1,82,7.1,7.6,2.8,0,2.2,14,1.7,91,100
4,5.4,96,7.5,5.1,3.2,1.4,5.4,11,3.9,95,96
3.96,3.4,88,7.5,4.2,0.5,1.4,2.7,15,4.4,98,92
3.29,3.7,89,7.4,7.5,4,2.3,0,12,1.4,100,93
4,4.2,100,7.2,7.1,3,2.7,2,4,5.4,100,100
4,5.3,100,7.1,7.6,3.1,2.1,4.6,10,5.4,100,98
3.13,1,89,7.8,3.2,1.4,4.3,5.6,15,2.8,91,86
3.83,4.4,88,4.3,5.6,3.4,1.7,3.1,14,6.5,100,91
3.55,3.1,75,8.9,8.2,4.1,3.8,4,7,1.1,100,81
3.48,3.7,84,4.4,6.2,3,0,2.3,10,0,96,84
3.91,5.1,100,5.7,2.3,2,2,4.8,13,6,95,98
3.24,1.7,78,6.7,3.1,2.1,1,5.9,9,8.6,100,77
3.11,2,83,7.8,6.9,3.1,1.9,4.5,10,3.1,96,93
2.85,0.6,64,3.5,6.9,2.9,1.9,2.8,13,0,92,94
3.18,2.7,90,7,5.6,4.2,2.6,3.9,21,0,92,100
4,5.5,100,8,6.4,2.1,2.5,4.9,14,5.7,100,98
4,3.3,85,8.2,3.8,1,1.7,3.1,15,5.7,100,100
2.81,1.5,57,6.2,5.1,3.3,0,4.6,8,9.1,76,76
3.81,2.8,94,6.6,4.4,2.1,2.3,3.7,6,3.2,100,78
2.97,1.3,72,6.3,5.5,4,0,5.8,8,7.9,77,88
3.59,1.8,85,6.5,5.1,2.8,0.4,4.4,11,5.4,91,88
3.85,4.1,90,5.8,4.6,3.8,2.1,2,13,4.9,96,100
3.62,1.7,85,5.9,4.2,1.3,1.7,5.8,14,5.8,93,88
4,5.2,100,7.5,6.7,3,0.2,3.9,16,3,100,100
3.24,3.4,89,7.2,3.2,1.8,0,2.7,18,1.7,95,96
3.65,3.6,95,7.6,4,1,1.7,0.3,2,1,100,100
3.99,3.1,92,7.3,3.5,1.5,1.2,3.5,7,4.1,100,97
3.82,4.7,100,7.8,5.8,2,0.8,6.7,20,2.3,100,100
4,4.7,98,8.1,4.9,4.7,2.4,0,14,6.4,100,100
3.79,4,85,4.9,5.8,1.9,1.5,0,11,4.7,98,95
4,4.3,100,6,1.7,0.9,2.8,4.5,1,2.6,100,90
3.32,3.2,92,6.7,5.7,3,2.3,3.5,6,5.1,100,95
4,4.3,100,7,4.9,2.8,0,4.3,16,3.4,100,100
3.5,3,80,6.2,4.7,2.1,0,1.9,10,2,100,98
3.93,3.5,93,8.1,3.8,2.6,2.6,0,15,5.2,99,100
3.82,3.1,93,9.4,9.3,4.3,3,1.3,10,5,100,91
3.52,2.8,92,7.2,5.3,3.8,2.3,6.1,23,4.8,100,100
2.71,2.5,69,7.1,5.3,3.7,0.4,2.1,12,5.9,86,64
4,4.2,89,8,6.2,1,3.4,2.1,5,4.3,100,99
3.68,5.5,89,4.8,10.5,7.1,2.2,0,15,2.3,100,100
4,5.3,100,7,5.9,4.4,2.8,0,12,0.2,100,100
3.29,1.6,75,8.2,6.4,3.6,2.4,5.2,9,7.1,83,74
4,5.4,100,6.2,3.8,1.1,1,2.5,13,1.6,100,98
3,3,84,5.5,5.2,4.2,1.6,5,17,3.2,86,92
3.76,4.4,94,6.8,4.1,2,1.2,1.5,11,3.6,100,100
2.96,2.1,95,6.9,5.5,2.5,4.1,0.1,7,3.5,91,98
3.68,3.7,91,5.9,4.8,0.3,2,2.5,13,3.9,97,92
4,4,89,9.5,3.7,0.9,2.2,1.9,9,2.6,100,100
2.83,1.3,67,6.4,6.4,3.5,1.5,1.3,14,2.1,70,91
3.18,4.4,87,5.6,6.3,4.3,0,1.4,18,3.4,100,84
3.89,5.5,100,6.9,8.1,3.8,0.3,2.7,6,3.4,100,100
4,3.2,93,8.1,7.9,3.8,1.4,2,3,1.5,100,100
4,5.5,100,7,6.6,2.7,0,1.1,23,3.2,100,99
3.83,3.2,100,7.6,5.3,2.2,0.7,6.6,13,4.1,100,99
4,4.8,99,6,4.3,3.2,1.8,3.9,6,5.3,100,100
3.28,0.5,80,8.8,8.3,4,1.2,3.3,7,6.2,86,98
4,7.1,100,7.7,5.9,2.8,2,2.9,10,5.4,100,99
4,5.7,100,8.3,7.2,4.6,2.5,4.3,14,6.3,100,92
3.31,3.1,89,7.4,6,2.5,0,4.1,1,5.9,89,100
3.14,0.5,76,8,4.6,1.3,1.6,0.9,15,6.4,95,86
3.83,3.9,95,6,4.5,2.8,1,0,9,4.2,100,94
3.26,1.3,84,6.4,5.6,3,0.4,0,19,6.1,83,96
3.97,4.2,100,8.6,3.4,2.7,0.7,6.6,14,5.5,100,100
4,4.1,97,8.9,7.8,4.7,2.1,2.1,16,5.9,100,100
3.25,2.1,80,5.6,8.6,4,0,4.2,11,4.6,78,84
4,5.2,100,7.3,1.5,0.7,0.4,3.4,13,3.8,100,98
3.82,4.7,84,6.5,8.3,5.1,1,4.8,19,4.1,100,98
4,5,100,6.2,3.8,0,2.2,2.9,8,4.2,100,98
2.91,3.5,76,7.3,10,6,0.8,0.3,14,1.7,94,83
3.24,1.4,92,8.4,4.5,2.4,0.5,0.9,15,2.1,94,85
4,5,100,7.5,4.2,2.5,1,2.3,19,4.4,100,100
3.54,3.1,99,6.6,5,2.7,3.3,0,9,3.2,100,92
2.53,1.4,65,7.6,7.8,3.4,4,1.3,8,4.1,89,82
4,5.5,100,6.6,3.7,2.8,1.8,0.6,18,3.1,100,100
4,6.6,100,7.5,4.1,2.6,0,2.3,11,4.6,100,96
3.61,3.4,100,8.7,7.2,4.8,2.6,2,8,1.9,100,100
4,6.7,100,4.5,5.4,3.6,0.1,3.2,10,4.5,100,100
3.78,3.6,95,8,4.3,1.4,2.1,4.7,5,4.5,100,89
3.12,2.9,81,5.2,8.6,3.9,0,2.5,12,3.5,99,100
3.49,2.6,80,8.5,5.2,3.6,0,0,1,5.3,98,99
4,6,100,6.2,4.8,2,1.4,0,13,3.2,100,97
3.09,2.3,84,5.5,7,4,2,3.3,4,3.3,85,88
3.59,4.6,100,7.8,5.2,2.6,0,1.7,18,3.8,100,100
3.44,2.7,93,7.4,3.6,2.5,0.3,2.7,8,4.2,93,97
3.16,2.8,86,5.8,4.6,2.4,2.6,3.7,8,2.1,91,96
4,5,100,5.5,2.2,0,0.5,5.9,12,5,100,100
3.51,2.9,84,6.8,5.8,2,0.1,0,14,5.7,100,89
3.33,2.9,78,5.6,7.4,3.9,1,1,12,1.1,93,90
3.95,5.2,100,5.7,3.9,2.8,3.6,2.8,4,6.6,100,92
4,5.9,100,7.1,3.4,0.9,2.6,0.7,13,2.1,100,98
3.79,4.5,92,5.8,6.6,4.2,2,0,12,2.7,100,97
3.63,2.5,81,7.5,7.7,2.4,1.3,5.6,11,0,100,95
3.89,2.7,100,8.8,4.4,1,2.4,0.9,15,3.5,100,100
3.49,3.6,87,6.8,7.8,6.1,2.5,0.4,8,7.9,100,85
3.79,4,82,7.2,3.3,1.2,0.7,0.7,6,5.2,86,100
3.55,2,79,9.4,6.6,4.1,0.5,5.2,15,0,100,94
4,4.6,100,5.6,5,1.6,1.2,1.6,2,5.3,100,83
3.54,3.6,90,8.4,6.6,3,2.7,0.2,13,6.7,93,100
3.08,0.9,81,8.3,4.6,1.4,2.6,1.3,6,3.2,85,86
3.57,2.1,79,8,3.6,0.9,1,2.9,19,7.1,91,100
3.62,2.7,86,8.6,6.4,3.6,0.5,4.8,5,2.8,94,89
3.96,3.4,83,7.3,6.2,3.4,2.6,4.6,5,0.5,100,94
4,6.3,98,6.3,5.4,4.5,1.1,1.4,24,5,100,100
4,3.9,92,8.3,5.6,2.7,2.8,1.9,18,3.9,100,87
3.43,2.2,87,8.4,8.4,6.1,1.5,7.2,8,1.6,100,87
4,3.8,100,8.3,4.2,3.2,2.2,5,6,1.5,100,89
3.35,3,100,7.1,9.6,3.7,0.7,2.5,7,2.7,92,87
3.78,4,94,6.1,4.2,0.8,3.4,0,14,6.9,100,100
3.95,4.4,100,7.2,4.9,1.9,0.1,2.1,13,7.1,100,93
4,5.3,100,8.1,6.2,3.6,2.4,0.3,10,8.7,100,95
4,3.5,100,8.2,6.6,2.7,0.3,1.3,21,8.7,100,80
4,6,100,6.5,4.7,3.1,3.3,1.1,8,6.3,100,95
4,4.9,100,7.4,4.2,1.6,0,2.5,3,3.7,100,78
3.08,2.4,83,5.4,4.9,3,3.9,3.1,25,1.3,81,89
4,6.8,100,8.2,6.9,3,3.8,1.5,17,6.1,100,100
3.67,4,77,6.1,3,1,2.7,0.4,11,5.7,100,95
3.33,2.2,85,7.9,8.1,3.8,2.5,2.6,13,1,100,80
4,6,100,5.6,3.1,0.2,2.4,2,13,4.1,100,100
4,6.6,100,8.2,7,3.1,0.7,0,4,0.9,100,100
3.05,3.5,82,7.4,8.9,5.4,0.9,4.2,12,7.8,91,84
2.78,2.7,86,6.1,8.1,3.8,2.1,1.5,14,1.2,74,76
4,3.2,89,7.8,5.7,3.8,3.3,2.5,14,4.3,98,100
4,4.6,100,6.3,5.6,1.5,2.4,2.6,1,6.3,100,92
4,5.4,97,7.9,6.3,5.5,0,3,13,1.4,100,100
4,4.4,96,6.7,8,4.9,2.5,3.3,14,6.7,100,99
3.62,3.7,91,4.9,3.8,1.5,0.8,0.4,12,3.5,100,100
4,5.7,100,5.8,3.4,2.1,2.4,3.6,6,2,100,100
3,3,84,6.5,6.6,4.7,0.7,2.3,19,1.4,97,83
4,5,100,8.6,7.7,5.5,2.7,5.2,12,5.8,100,92
4,3.1,100,8.1,3.7,0.9,2.4,4.6,11,4.6,99,100
4,4.1,100,8.9,3.7,1.3,1.4,5.6,11,3.9,100,100
3.37,3.3,91,9,5.7,2.6,0.1,1.1,5,3.6,100,96
4,3.4,90,6.4,2,0,3.1,5.6,22,1.7,99,93
3.75,2.9,89,6.8,5.2,2.8,1.8,3.2,18,4.4,79,90
4,5.5,90,6.5,7.3,4.6,1.4,4.4,9,0.4,100,97
3.53,2.4,86,6.2,3.8,0.6,1.8,4.3,2,5.3,91,95
3.16,2.4,83,4.8,7,3,0,3.9,15,8.5,80,80
4,6.7,100,7,5.9,1.9,2.4,0.8,16,5.2,100,99
3.73,5,96,5.5,8.6,5.3,1.1,4.9,12,6.4,97,96
3.17,0.5,76,7,5.4,1.9,1.5,3.7,10,2.4,83,92
3.39,2.7,74,9.5,8.5,5.1,1.8,0.1,4,0.5,100,88
3.11,0.8,76,6.4,4.5,1.9,0,2,15,5.3,94,94
3.34,2.1,77,7.2,8.1,4,0,0.6,4,3.2,95,93
2.72,0.5,88,8.1,5.1,3.2,0,0.1,13,2.7,79,72
3.56,3.3,94,7.3,3.1,2.6,0.5,4.7,16,7.2,100,93
3.43,1.8,77,7.4,3.4,1.6,1.2,0,10,4.8,99,98
3.1,3.6,77,6.6,8,3.3,0,0.4,11,6.8,100,80
3.51,1.1,77,6.7,4.7,2.1,0,7,1,3.3,86,92
3.95,3.6,100,5.8,5.1,1.8,1.6,2.1,7,1.1,92,100
3.31,2.9,81,8,7.7,5,0,4.3,10,4.6,100,90
3.94,5.8,100,4.9,7.3,3.6,0.6,5.2,4,6.2,100,97
4,5.6,100,8.2,6.9,3.8,3,4.5,18,0.9,100,100
3.95,4.7,100,5.3,5.1,2.2,1.9,3.3,8,4,100,96
3.65,3,92,8.2,6.2,2.5,0,2.9,10,3.3,97,90
4,6.5,100,6.6,4.8,2.4,1.6,4.1,21,4.2,100,100
2.92,1.2,71,5.5,6.7,3.3,2,2.6,17,2.5,71,81
3.11,1.4,69,7.7,6.6,3.8,2.7,4.4,21,3.7,84,100
3.96,3.4,87,8.1,5.7,2.8,2.3,2.5,18,3.2,100,87
4,6.9,100,6.5,3.6,1.6,2.2,2.7,15,4.2,100,100
3.33,3.2,93,7.9,6.6,3.9,1.6,6.8,8,3.8,99,86
3.69,3.2,88,4.3,5.3,2.9,2.1,2,5,1.6,100,100
2.74,1.3,73,5.4,5,0.6,2.7,3,16,5.5,78,74
4,4.9,100,8.6,1,0,1.3,3.9,9,4.9,100,100
3.74,4.9,99,6.7,7.3,3.2,0.5,4,1,2.9,100,100
3.99,4.7,100,4.8,2.5,1.6,1.3,3.6,14,5.3,100,93
3.03,2.6,93,6.2,7,3.4,1,0.5,13,7,85,86
3.33,2.4,80,5.9,3.6,1.6,1.3,3.3,5,4.3,100,92
3.11,1.6,74,6.8,6.7,3,0,3.5,19,3.1,91,93
3.49,3.6,100,6.6,5.1,2.2,2.9,5.3,8,2.4,100,99
2.95,1.9,83,7.2,6.7,5.4,1.8,4.5,23,0,96,85
2.92,1.7,80,6.9,8.8,4.2,3,5.4,19,5.9,80,100
3.2,2.9,70,8.6,8.7,4.8,0.2,1,17,3.7,99,94
3.95,2.8,99,7.5,6.4,2.8,2.1,1,9,2.4,100,93
3.45,2.7,81,7.5,6.2,4,1.2,3.7,13,6.4,93,91
4,4.2,96,8.4,6.9,2.9,1.7,5.3,13,5.2,100,100
3.39,3.6,87,6.5,6.5,5,2.3,2.6,11,4.8,96,94
2.94,3.1,78,5.5,3,2.7,2.6,1.5,12,2.4,86,85
3.77,3.8,100,8.4,1.8,0.7,0.8,0,21,0,100,95
3.79,2,90,7.2,1.9,0,0.8,3.7,9,5.3,99,88
3.68,3.7,95,7.2,7.4,5.3,1.9,2.8,14,2.4,94,95
3.57,3.7,85,6.2,6,3.5,0,2.1,9,2.2,96,92
2.99,1.2,82,6.3,6.1,3.6,2.5,4.8,4,4.8,90,76
4,5,100,8,7.2,5,1.9,2.8,17,1.2,100,94
3.27,2.2,81,8.2,1,0.3,1.8,3,14,1.2,96,96
3.7,3.6,87,7.9,5.5,2.3,1.7,4.8,17,4.5,100,86
4,5.2,100,8,5.1,2.4,0,7.4,7,6.1,100,99
4,4.9,100,7.7,6.1,3.9,1.2,2.1,9,5.8,99,100
3.92,3.6,97,7.2,6.5,1.8,1.8,1.2,14,2,100,100
3.76,3,92,6.8,3.7,1,1.8,1,16,3.4,95,100
4,4.9,100,8.5,4.1,1,4.3,4,18,4.5,100,98
3.51,4.5,100,6.6,8.5,4.5,0.9,0.8,11,0.3,100,95
3.25,2.6,76,7.4,2.9,1.7,2.1,2.3,15,2.4,100,100
3.86,2.3,82,6,5,2,0,2.4,21,5.6,100,91
2.28,0.5,44,6.2,7.8,3.8,0.1,6.1,10,3.6,58,71
3.68,3.7,100,6.7,4.7,1.8,3.4,5.4,13,1.7,100,98
3.57,3.4,100,6,1.6,0.2,1,0,11,3.2,100,95
4,5.2,100,8,2.8,0.4,1.6,6.2,13,3.3,100,100
3.73,4,99,5.4,5.9,2.7,1.9,0.6,19,6.6,100,80
4,5.5,93,7.1,4,3.5,3.4,3.3,9,2.3,100,95
3.45,2.5,91,7.2,3.9,2.5,1.4,1.3,8,5,97,98
3.96,5.2,100,4.8,8.8,3.4,0.7,2.2,16,3.6,100,93
3.8,2.7,88,6.5,4,0.4,0.6,1,20,5.4,100,90
4,4.7,100,7.3,5.3,0.5,1.7,6.4,5,2.2,100,97
2.4,1.3,67,7.5,10.2,6.2,2.5,2.7,10,2.8,82,88
4,3.9,93,6.8,8.1,4.6,0.7,3.5,14,1.2,100,100
3.24,0.5,80,7.8,6.6,4,0.5,0.9,12,6.5,95,87
3.65,3.1,97,6.9,5.3,1.8,2.5,0.2,13,6.9,100,88
3.79,4.2,98,7,7.1,2.4,2.8,2.1,12,4.9,100,99
3.33,2.7,87,7.3,6.8,2.8,3.5,4,8,6.6,100,81
3.03,1.9,70,8.1,8,4.8,1.7,2.8,1,2.1,95,69
4,4.8,100,6.2,6.2,3.4,2.1,4.9,12,2.2,96,97
3.76,3.3,95,6.4,7.2,3.6,2,3.2,11,0.4,100,80
3.62,2.8,77,6.2,4.9,2.5,0,3,5,4.3,100,90
3.61,3.6,92,6.6,7.6,4,3,4.1,9,5.2,100,100
4,7.5,100,8.7,5.5,3.3,2.6,3.2,16,2.1,100,100
4,5.2,100,7.7,5.5,2.9,2,4.9,11,4,100,100
4,5.2,100,5.6,3.5,1.7,1.9,4.1,13,4.8,100,100
3.86,4.2,100,6.3,5.1,2.6,1.7,4.8,7,3.4,100,96
3.58,3.7,100,7.4,3.4,1.2,4.3,4.4,15,5,92,91
2.63,0.5,68,5.9,7.7,2.7,0,5.7,23,4.2,95,83
3.06,2.5,88,6.1,4.8,2.9,0.9,4.7,15,8.1,90,94
4,2.8,91,8.6,3.5,0,1.5,6.5,14,2,100,100
2.84,0.7,79,6.3,4.4,2.5,3.1,1.9,13,1.3,67,84
3.47,1.8,87,8.1,4.1,1,2,4.7,9,6.8,100,83
3.13,0.5,70,8.5,6.8,3.5,0.6,0.2,17,0.8,78,71
3.16,3.4,83,6.1,4.6,3.8,0.4,4.9,11,3.9,93,88
4,4.7,100,5.9,3.5,2.2,1.8,3.1,21,5.2,100,100
3.67,5.2,100,6.7,5.5,3.6,1,4.9,21,0.9,100,89
3.11,4.1,89,5.7,5.1,3.7,4.2,6.4,9,8,100,91
3.57,2.1,80,7.1,5.6,2.5,1.8,4.6,16,6.4,99,95
1.92,0.6,58,6.8,8.4,5.1,0.6,2.2,9,0.7,73,74
3.59,0.9,79,7.4,3.4,1.7,3.9,0.8,18,4.1,95,85
3.19,1.6,81,8.7,8.1,5,0.3,4.1,8,7,86,76
3.62,2.2,75,8,5,2.5,1.6,2.4,13,7.3,83,85
3.39,3.3,87,7.6,4.4,1.5,0.7,4.3,15,4.7,100,92
2.9,2,65,4.6,4.5,2.3,0.6,2,16,3.2,89,77
4,4,100,7.5,4.8,1.2,1.9,1.1,7,0,100,99
4,3.2,98,9.1,9,4,2.7,2.5,14,3.9,100,98
3.75,3.5,100,3.5,4.3,0.4,2.4,4,13,4.2,97,95
4,5.2,100,7.8,9.6,4.9,0.4,3.2,6,2.4,100,100
3.33,1.7,86,6.8,2.7,1.4,3.1,1.4,18,2.6,94,84
3.6,4.1,92,6,6.3,4.1,2.1,6.6,20,2.9,100,98
3.8,3.5,96,8,6.5,2.8,0,2.7,12,4.5,100,90
3.55,3,88,9.1,8,3.2,2.5,0,11,3.4,100,95
4,4.8,99,7.9,5.7,1.9,3,4.9,10,8.1,100,96
3.79,4.8,97,6.6,5.1,3.3,1.7,3,25,4.5,100,93
3.32,2.1,79,5.9,5.5,3,2.2,2.7,17,3.6,100,89
3.73,3.2,82,7.2,4,0.6,4,2.6,8,3.8,96,92
3.34,3.9,91,8,4.2,1.4,0,2.6,4,0,100,93
3.87,3.1,81,6.5,4,2,2.3,6.3,10,5,100,97
3.59,4.4,90,6.7,4.4,1.7,0.3,3.9,10,3.7,100,80
4,3.9,100,10,7.7,4.7,3,3.5,13,3.6,100,100
4,6.2,100,8.3,4.5,2.8,1.1,2.5,12,2.5,100,100
3.33,1.2,80,8.4,5.8,1.6,2,6.5,18,5.2,92,89
4,3.3,92,5.2,4.6,2.1,0,4.7,1,3.5,100,100
3.36,2.1,90,6.2,4.9,2,2.6,5,15,2.3,78,94
3.85,4.4,100,7.1,6.6,2.4,0,3.6,16,5.7,100,90
3.69,1.1,90,5.8,4.1,1.2,1.1,5,3,0,94,100
3.95,4,100,8.9,5.8,1.6,3.1,3.8,8,6.3,100,100
3.69,2.6,89,8.7,5.7,3.9,2.4,2.3,10,5.2,100,86
3.49,2.4,79,6.4,6.6,3.1,1.1,3.7,15,4.6,94,87
3.12,1.3,67,9.1,6.6,2.6,0,7.2,10,1,89,81
3.68,2.8,89,7,4.8,2.8,1.3,3.4,12,6.6,100,98
4,5.1,100,10,5.5,2.7,0.8,5.5,8,6.7,100,100
4,3.5,88,7.2,5.3,2.5,0.8,5.4,12,4.4,100,99
4,4.4,95,7.7,6.9,3.6,0.5,4.1,9,3.8,100,100
4,6,100,8.7,7.1,3.5,1,6.3,8,3.3,100,100
4,3.9,100,8.5,2.3,0.4,1.2,0,13,2.7,100,84
3.4,2.7,82,7.6,5.5,2.6,4,0,16,5.6,87,84
3.78,4.2,94,6.8,5.4,0.5,0.1,6.5,13,6.6,100,80
3.58,2.7,92,7.6,8.1,3.8,3,1.7,11,3.7,89,89
3.43,2.7,82,6,8,4,3.1,3.2,17,5.3,100,89
2.6,1.2,78,7.2,4.7,1.9,0,6.5,10,4.6,82,72
3.59,4.9,89,5.7,8.2,2.6,0.4,3.4,12,3.7,93,91
3.69,2.9,94,4.9,4.2,0,1.4,6.4,18,0,94,98
3.51,3.8,100,7.1,7.3,4.3,1.7,2.2,10,4.3,100,96
3.44,1.9,80,8.5,7.2,3.9,0,4.2,9,5.2,90,87
3.89,4.2,100,8.1,6.9,4.5,1.2,3.1,16,3.8,100,91
3.25,2.4,77,6.9,8.5,5,2,6,7,5.2,82,92
4,3.3,100,9.1,4.7,1,0,2.5,18,4.6,100,100
3.57,4.8,100,6.3,7.9,4.1,1.4,1.1,2,4.4,100,100
3.57,4.7,89,4.7,7.8,5,0.3,2.1,12,3.3,100,88
4,3.5,75,4.4,1.8,0.6,1.2,2.2,9,4.3,100,82
2.59,0.8,65,5.6,5.8,2.5,0.4,1.7,14,4.3,81,82
4,8,100,8,6.1,2.3,1,1.6,19,0.3,100,87
4,6.1,100,6.2,5.9,4.1,1,5.2,6,3,100,100
4,4.6,100,7.6,2.9,0,3.7,5.8,5,2.9,100,92
3.79,2.4,95,9,10.1,5.5,4.2,3.8,18,4.1,100,96
3.45,3.3,100,5.7,4.2,2.6,4.2,1.7,11,3.4,100,84
3.58,2.7,91,7.6,6.9,4.2,0,1.8,12,4.3,97,89
4,5.4,99,7.6,7.5,2.7,2.3,0,11,1.3,100,94
3.74,3.9,98,6,6.7,3.5,1.1,3.8,10,0.8,97,98
3.78,2.3,89,8.6,2.4,0,0.1,1.6,7,3.4,100,100
3.86,2.8,84,6.7,5.2,2.2,3.4,5.9,11,2.3,100,98
3.96,5.2,100,6.5,8.1,4.1,1.3,0.2,8,3.5,100,97
4,5.9,100,9.5,6,3.2,2.7,1.8,17,3.8,100,100
4,5.8,100,7.6,4,0.3,2.8,2.8,9,7.1,100,100
4,4.6,100,8.1,6.2,2.9,2.4,3.9,19,0.3,96,83
3.7,3.1,95,8.6,5,1.6,1.1,6.6,15,2.3,100,92
2.84,0.5,62,6.2,5.2,1.4,1.1,0.3,7,4.3,75,77
3.96,3.9,100,8.5,3.1,0.5,1.6,2.4,7,1.1,100,97
3.48,3.5,87,6.4,5.6,3.7,3.4,0.1,11,1.1,100,90
3.17,3.7,84,6.3,8.1,4.5,2.8,4.6,8,6.6,100,86
3.24,3.6,77,6.7,8.8,6,1.2,1.7,8,6.4,96,94
2.88,1.5,83,6.3,3.1,0.6,1.4,2.8,16,4,89,97
3.97,4.3,98,8,7.6,4,3.8,2.7,13,4.5,100,99
3.91,4.4,96,7.3,8.5,4,0,3.2,18,3.6,100,98
3.9,4.5,100,6.4,4.7,1.9,0,2.7,7,5.7,100,100
4,4.9,100,7.8,4.4,1.4,0.4,1.1,3,2.8,100,88
3.65,4.4,94,6.7,2.8,1.2,4.3,3.2,8,5.4,100,89
3.48,2.9,100,6.6,4.7,2,0,1.4,17,4.5,94,94
3.53,3.4,80,7.1,6.4,3.1,0.3,4.6,9,3.4,99,90
3.44,3.6,90,7.6,7.8,4.8,1.9,3.1,20,3.6,95,97
3.74,3.7,86,7.5,7.1,4.5,1.7,0.9,9,4.2,100,91
4,5,100,6.6,4.3,0.4,3,7.8,15,2.9,100,100
4,4.5,100,8,4.7,1.6,3.1,6.3,12,1.3,100,100
4,6.6,100,6.7,10.8,4.7,1,7.9,2,5.1,100,100
4,6.8,100,6.2,4.9,1.7,2,2.3,9,4.5,100,100
3.45,3.6,92,5.2,2.4,2.7,1.8,1.3,14,4.6,100,91
3.35,0.5,91,8.2,1.9,0.2,0.5,4.6,12,3.1,100,91
4,5.4,100,7,8.1,4.5,2.2,5.2,10,0,100,100
3.9,2.7,90,7.3,2.2,0,1.7,3.4,11,2.6,100,97
3.62,2.3,100,8.3,2.6,0.3,1.9,0,13,2.1,94,95
3.45,2.9,79,6.4,5.9,4.4,0.7,1,1,2.1,95,86
3.11,2.8,84,5.4,8.1,5.7,3.1,3.8,9,3.9,100,89
4,4.4,100,7.1,5.6,2.4,0.1,1.7,8,7.3,100,97
3.39,1.2,74,7.4,6.2,2.7,0.4,0.3,15,0.5,100,90
3.03,1.9,62,6.7,6,4.2,4.1,2.5,16,6.2,86,78
3.91,4,100,8.8,7.2,3.2,1,0,13,2.7,100,100
3.66,4.4,98,4,3.8,2.2,1.6,1.8,13,6.7,100,91
4,4.5,100,8.3,5.6,2.1,1.3,2.1,2,6.3,100,96
3.38,2.3,91,7.9,3.8,0.4,0,3.6,7,3.2,85,82
3.16,2,91,7.5,5,3.1,0,4.1,10,3.6,98,99
3.53,2.7,98,3.5,4.4,2.7,0.9,3.8,11,4.7,92,92
4,3.9,100,8.5,5.6,2.1,1,4.8,12,2.3,100,100
4,5.7,100,5.8,3.6,1.3,0.4,2.7,2,5,100,88
3.29,0.5,76,6.4,4.2,1.4,2.1,0.1,17,6.4,87,93
3.48,3.2,92,6.8,7.5,3.7,2.7,3.1,7,5.6,99,77
3.06,1.5,69,7.5,7.7,4.1,1.9,1.2,1,3.2,82,95
2.46,1,83,7.8,4.2,2.3,1,0.3,16,1.7,74,78
4,5,96,8.1,5.1,2.2,2.8,4.2,7,4.5,100,100
4,4.3,100,8,3.4,1.5,2.3,0.2,15,4.7,100,98
3.76,4.2,92,7.3,8.2,4.2,3.5,4.4,3,2.2,96,96
4,4.9,100,7.5,7.6,2.8,0.7,0.4,10,1.5,100,98
3.69,2.8,87,5.7,5.4,3.4,0.4,2.4,7,4.6,100,97
3.19,2.9,83,6.1,6.3,3.3,2.5,1.9,14,5.1,93,100
4,6.8,100,8.1,6.4,2.3,1.5,5.3,8,2.8,100,99
3.46,3.1,100,8,4.1,1.1,1.8,4.2,14,4.4,95,100
4,4.6,100,7.9,5,1.3,4.5,1.4,10,1.5,100,100
3.54,3.5,100,6.4,7.6,4.5,0.2,2.7,9,5.9,100,98
3.15,0.7,68,8.1,3.4,1.7,2,5.7,16,6.3,82,92
2.97,0.5,68,5.6,5.3,2.2,1.7,6,22,6.5,91,97
3.08,2.6,75,8.3,5.5,1.1,3.1,0.3,10,5,86,72
3.99,5.1,100,6.7,4.4,1,0,5.6,8,7.9,100,99
4,4.7,100,9,6.5,1.6,0.9,5.5,11,4.8,100,100
3.35,4.9,89,5.2,6.2,5.3,2.3,3.4,13,8.3,100,90
3.02,2,79,9.1,7.3,3.8,1.6,2.8,3,4.9,89,84
4,5.9,100,6.6,4.2,2,1.7,1.9,7,2.9,100,97
2.73,2.1,77,6.5,6.3,4.4,0.6,0.5,4,2.6,92,81
3.8,3.8,91,7.2,7.2,2.6,2.3,3.7,6,8.7,100,93
3.36,3.5,96,6.2,7.5,4.8,3.1,2.7,19,5.6,87,94
3.19,3.2,80,6.9,8.7,6.1,3.7,3.9,1,4.4,82,78
3.96,5.5,87,6.1,7.7,4.3,1.7,3.9,14,4.5,100,95
3.05,2.4,81,6.2,3.3,2.9,1.5,8,10,3.1,89,86
3.21,1.5,74,7.6,8.4,3.8,1.9,5.4,13,5.2,97,74
3.34,3.5,80,5.9,8.1,2.8,0.4,4.1,6,7,100,88
3.74,2.9,94,6.1,4.1,0,1.1,0,10,5,100,100
4,8.6,100,5.4,5.3,1.8,0.4,3.8,18,4.5,100,97
3.73,4.5,100,6.4,4.1,1.4,2,6.2,10,3.3,100,92
3.82,2.9,94,8.6,3.5,1.8,0.6,2.1,19,4.9,88,97
2.75,1.9,70,6,9.9,5.5,1.6,7.4,1,4.9,72,88
2.57,0.7,59,6.1,8.6,4.5,1.6,4.1,15,4,68,80
2.79,2,70,7.2,7,3.5,1.3,3.6,12,7.4,75,88
3.9,3.7,98,6.6,7.4,4,3.5,1,5,5.2,100,96
4,5.6,100,9.7,3.4,0,2.6,6,17,1.4,100,100
4,5.2,89,6.8,6.3,3.9,2.3,1.3,8,5.4,100,100
4,3.8,93,7.4,10.2,4.2,2.7,1.9,13,6.5,100,100
3.53,3,95,8.1,2.7,0,0.8,0,7,3.8,100,86
3.63,3.9,100,8.1,6.4,3.9,0.5,4.8,9,3.8,100,93
3.52,2.7,89,7.3,5,0.7,2.3,4.2,16,3,94,81
4,6.1,100,6.8,3,0,0.4,3,24,3.5,100,100
3.77,3.2,90,9.4,7.8,4.8,0.7,4.5,8,3.1,100,100
3.56,3.4,86,6.9,6,1.3,1.3,4.3,18,5.5,100,98
3.18,0.5,77,6.5,5.5,1.7,0,2.3,19,3.1,95,83
3.71,3.2,96,6.2,8.2,4.3,0.5,1.4,15,3.1,97,90
4,4.8,100,4.9,3.6,2.3,2.6,0,16,0.3,100,100
3.58,1.9,87,8,6,2.5,1.7,2.6,8,0.4,100,92
3.55,2.4,88,4.2,4.3,2.5,2.3,0.4,7,4.5,100,100
3.92,4.7,100,7,5.8,3.3,2.4,3.3,10,5.1,100,92
2.86,1.3,78,6.8,5.7,2.5,0.3,2.7,13,5,63,83
4,5.1,97,9.7,6,3,0,2.2,10,5.9,100,93
3.42,2.7,86,4.8,5.8,2,1.6,5.1,8,2.2,95,87
3.51,2.9,98,5.9,7.2,3.3,1.2,1,8,5.9,100,100
3.24,1.8,67,6.8,7.3,3.3,0.7,0,10,3.6,89,87
3.39,4.1,81,6.8,7,5.6,0.7,2.5,16,2.3,100,87
4,7.2,100,6.3,8,2.2,2.9,1.5,7,5.6,100,100
4,4.7,91,6.9,5.5,2.5,0.4,3.2,15,2,100,97
3.02,2.2,85,5.5,7.7,3.2,2.1,1.2,15,3.1,88,90
3.96,5.2,89,7.4,4.2,4.2,2.4,3.8,9,4.4,100,86
3.87,3,92,4.2,3.9,1.2,2.9,1.1,13,3.6,100,92
4,5.6,100,7,4.2,3,0,1,18,2.8,100,95
4,4.7,100,6.3,2,0,1.2,4.2,10,5.2,100,100
3.08,0.5,75,8.2,5.5,2.4,4.7,2.9,8,4.8,87,79
3.64,2,88,9.1,7,4.4,5,0.6,7,0,86,98
4,4.9,95,6.6,6.3,1.7,4.1,1.1,8,1.3,100,100
4,3.7,99,8.7,8.2,3.1,2.4,2.3,16,3.3,98,100
3.32,2,78,6.6,3.8,2,1.9,0.7,12,5.6,77,86
3.65,2.5,93,5.8,3.9,1.5,0.5,2.4,4,6,96,100
3.51,0.6,79,9.1,6.1,4.3,0,2.5,18,5.4,82,83
3.68,3.4,90,7.6,5.6,1.2,2.7,1.2,11,6.6,100,96
4,6.8,100,7,6.4,3.2,1,4.3,14,2.8,100,100
4,4.7,100,7.8,6.3,3.3,0,1,15,0.7,100,93
4,6.8,100,7.3,4.9,1.5,2.1,5.5,8,2.5,100,100
3.99,4.8,100,6.9,5.6,3,5.3,2.6,6,4.6,100,100
3.8,5,100,5.4,3.4,1.4,2.1,1.7,7,4.1,100,94
4,6.5,100,6.7,6.7,3.6,0.9,4.1,11,2.3,100,100
4,4.1,95,7.7,3.5,0.8,2.4,3.1,14,4.6,100,100
3.72,3.2,93,6.9,5.7,2.3,0.6,4.5,21,4,100,91
4,5,100,8.1,3.4,2.4,0.9,0,16,4.6,100,96
4,5.7,100,7.5,7.7,4.5,2.1,4,2,5.2,100,85
3.12,2.8,83,5.9,5.2,3,0,2,11,5.4,95,88
2.88,2.4,73,5.4,7.4,4.2,1.9,3.1,1,3.7,100,82
3.49,3.7,100,6.8,7.7,3.6,1.3,2.8,17,0.1,100,100
3.78,4.7,100,6.4,5.9,3.6,1.4,5.7,11,8.6,100,96
3.63,4.7,100,7.4,6.7,2.3,0.8,0,12,5.1,100,93
3.19,1.4,67,6.1,5.2,4.3,3.5,6.2,11,3.6,90,82
4,6.4,100,6.3,7.2,2.3,0.1,4.4,12,3.3,100,94
3.31,2.5,87,8.3,4.7,0.2,1,3.3,9,0.7,96,100
3.67,3.1,87,7.2,4.4,2.5,2,0.1,12,1.6,100,100
2.71,2.1,76,6.2,5.4,3.5,3.5,0,7,5,93,77
4,7.5,100,7,1.6,0.4,0,1.9,13,3.2,100,96
4,3.9,100,8.7,5.6,1.5,2.1,4.3,13,3.5,100,97
3.62,2.2,100,7.4,3.6,1,1.2,3,14,1.3,100,92
4,4.8,92,7.7,6.5,4,4.4,4.2,12,5,100,100
4,4.7,90,6.1,7,5.3,2.4,0.1,17,2.7,100,100
3.48,3.2,86,8.2,7.7,2.5,1.2,3.1,21,3.1,100,80
4,4.8,100,9.8,5.4,3.6,0,5.2,4,7.1,100,100
3.3,2.3,78,6.1,6.6,3.6,1.5,5.9,6,2.7,100,91
3.01,2.8,72,5.6,8.4,5.1,1.4,0.5,11,1.2,83,78
2.82,0.5,88,7.2,4.3,1.8,0,2.3,10,1.9,82,79
2.82,1.5,86,8.1,4.8,2.5,1.4,2.3,14,4.9,88,81
4,6.2,100,6.9,4.9,2.3,3.4,1.7,14,3.9,100,100
4,6,100,5.7,6.6,2.9,2.2,4.8,13,4.1,100,100
3.42,3.6,77,6.9,9.2,6.6,1.4,8.7,4,4.2,100,100
4,6,100,7.7,7.8,2.8,1.4,0.8,13,3.5,100,100
3.92,3.3,100,6.5,3.6,1.5,0.9,3.8,21,1.1,100,100
3.91,3.1,94,7.7,5,1.1,0.6,3.6,15,6,100,90
4,3.6,90,8.4,5.6,4.7,2,3.6,12,4.4,100,98
3.91,3.3,96,7.3,3.6,1.5,0.9,5.7,15,1.6,100,100
3.68,3.2,100,7,5.8,3.8,1.8,3.7,8,7.5,100,92
4,5.2,100,8,3.5,1.8,2.4,0,14,4.5,100,91
3.75,3.7,93,6,4.2,0.9,0,0.1,12,3.7,92,99
3.35,4.6,99,5.9,6.6,3.7,0,0.9,6,2.5,100,91
4,5,100,6.7,2.2,1.9,0.5,1.5,13,3.1,100,100
3.98,4.1,91,6.4,8.8,3.4,0.9,2.7,12,4.8,100,100
2.91,2,70,6,6.7,3.5,0.4,2.6,16,3.5,90,80
3.7,1.5,90,9.2,6.6,3.6,0.5,0,13,5,94,81
3.91,3.7,100,9.6,7,2.4,0.4,0,13,4.3,100,100
3.56,3.2,91,6.6,8,3.8,0.5,0,13,3,100,100
4,3.6,100,7.1,4,1.4,2.3,0,13,7.3,100,97
3.9,3.5,89,6.8,1,0,0.8,5,18,1.5,91,99
4,7.4,100,8.3,7.6,3.9,2.7,2.5,16,4.8,100,91
3.53,1.5,100,8.6,4.8,3,3,1.1,7,4.8,91,80
2.87,0.5,74,4.9,6.4,1.9,2.2,0,11,4.8,82,89
3.79,4,100,7.6,2.7,0.6,0,1,5,4.9,100,90
3.81,2.9,92,5.4,2.5,0,0.5,4.2,19,5.8,100,92
4,4,86,9.1,4.3,2.9,2.4,4,9,3.8,99,99
4,4.4,89,7.5,6.8,5.3,3.6,2.5,8,2.2,100,100
3.71,5.4,100,6,5.5,2.6,0,2.5,21,1.7,100,96
3.24,1.2,73,6.7,5.1,2.3,2.6,0,9,5,79,93
3.45,2.7,85,6.7,5.2,2.8,0.3,1.4,7,5.2,100,80
3.67,4.1,94,7.6,11.6,6.1,0,4.1,15,7.2,100,96
3.95,4.7,94,8.3,7.6,3.9,2.4,1.7,12,2.9,98,98
4,6.8,100,5.6,4.4,1.4,0,6.2,8,2.6,100,100
4,4.9,100,9.2,2.5,2.8,0,5.4,14,4.8,100,95
3.9,3.4,92,8.9,7.3,3.3,4.7,2.1,15,0.1,100,99
3.46,2.2,87,5.9,7.8,1.2,0,2.5,16,2.9,100,95
2.74,2.7,74,7.1,6.7,3.9,0,7.4,13,1.4,90,88
3.71,2.6,89,9.1,3.6,1.6,1.4,4.7,16,4.6,95,100
4,4.5,100,8.5,3.7,0.5,0.6,3.1,16,3,100,93
3.19,3.9,100,6.6,4.2,2.9,1.9,3.4,10,2.9,100,89
3.49,1.5,82,8,6.3,2.7,2.1,3.3,21,2.8,94,77
3.87,2.8,99,10,7.6,2.8,0.2,3,15,3.8,92,85
4,4.8,100,7.1,3.9,1.7,4.3,0.9,19,4.2,100,100
3.92,4,99,6.2,4.1,1.9,0,2.2,11,6.5,100,100
3.57,4.4,100,7.2,7.4,4.5,1.1,0.1,16,3,95,100
3.47,4.1,89,7.3,5.9,3.5,1.3,4.4,13,2.3,95,100
4,5.9,100,6.4,2.6,1.4,1.5,2.7,17,4.1,100,90
4,3.9,100,7.5,2.5,0,2.4,4.6,10,1.9,99,95
3.21,2.9,81,5.5,3.7,1.4,2.5,0.5,9,4.6,87,92
3.46,2.1,85,6.2,7.6,3,1.4,5.8,18,7.8,91,98
4,3.9,84,7.9,6.3,1.9,2.9,5.6,13,0.8,100,90
2.23,0.5,76,4.9,6.4,1.7,0,0,17,6,78,68
4,3.2,94,8.1,5.9,1.9,1.8,2,5,5.6,100,98
3.28,3.2,92,4.6,5.9,2.7,2.7,2.2,8,5.2,84,82
3.17,1.5,80,4.9,6,4,1.5,0.1,9,4.8,98,90
3.54,2.1,93,6.4,7.4,2.8,1.1,2.5,18,5.4,99,96
4,4.7,100,7.3,6.3,2.9,1.4,4.1,18,4.8,100,97
3.96,3.8,85,8.6,4,2.5,1.8,2.1,12,5,100,86
3.83,3.7,82,7.1,4,2.1,1.8,0,14,6.6,100,94
3.83,4,83,6.7,5.6,4.1,2.5,4.5,13,3.3,100,100
3.81,3.6,99,7.7,4.4,3.9,2.5,1.4,7,8.7,100,96
3.57,5.4,87,6,9.4,5.9,1.2,1.6,12,5.1,98,89
3.66,3.7,91,7.2,5.2,3.7,1.8,6.4,7,3.2,97,86
2.79,1.3,73,5.6,4.2,2.1,1,3.8,10,2,85,82
4,5.9,100,7.1,4.4,1.4,0,1.4,11,5.6,100,91
4,4.1,100,6.8,7,4.2,3.2,0.6,20,6.1,100,100
3.66,2.6,88,6,3.7,1.6,3.6,4.9,13,2,81,94
3.78,1.6,84,7.2,8.8,4,1.8,4.8,10,5.6,88,94
4,4.1,91,7.2,2.9,1.7,1.1,2,15,4.5,100,96
3.73,3.3,100,8.4,4.5,3.3,0.8,0.5,9,2.5,100,92
4,5.9,100,5.1,4.7,1.2,3.4,3.8,25,6.3,100,100
3.45,3,93,6.9,6.2,4,0.5,4.2,14,3.3,100,95
3.37,2.2,82,6.1,3.1,0.9,0.5,2.3,1,0.1,100,100
4,4.8,87,8,4.9,3.2,0,0.8,8,4.9,100,99
4,4.9,100,7.9,5.9,2.5,2.3,3,21,4,100,100
4,3.8,95,7.6,6.3,3,3.5,3.9,13,3.4,100,92
3.85,4.5,100,6.2,5.3,2.2,2.2,2,10,4.2,100,96
3.9,3.4,99,8.1,4.5,2.2,0.8,3.5,14,5.7,100,100
3.67,3.9,100,5.2,5.1,3,0,3.7,4,4.3,97,100
4,5.2,100,4.9,4.1,1.3,2.1,5.3,7,0.4,100,97
3.81,4.4,97,5.5,5.5,1.3,1.9,2.2,5,5.3,100,91
3.64,3.2,79,7,7.2,2.3,0.7,0.7,10,6.6,99,100
4,5.5,100,7.8,6.5,2.2,1.3,2.9,20,0.7,100,100
2.07,0.5,60,3.5,4.9,1.3,2.3,6.4,15,4.2,62,60
4,6.6,100,8.6,8.4,4.2,2.5,0,14,5.7,100,100
3.19,0.9,75,7.2,3.9,2.3,2.3,0,9,2.9,86,88
3.17,2.6,86,5.1,4.6,2.5,3.2,2.8,16,7.6,90,84
4,3.4,100,7.1,4.4,0.8,1.8,2.2,8,0,100,98
3.09,3.3,81,8.3,8.8,5.9,2.4,2.6,11,3.9,100,82
3.38,5,86,7.7,9.8,6.4,1,2.5,16,3.9,82,90
3.49,1.9,93,8.3,5.8,1.6,0.2,5,12,2.5,92,100
3.6,3.9,100,5.4,8.6,4.6,2.2,2.9,17,0,93,100
3.21,2.6,82,6.5,4.4,2.7,2.1,4.6,11,3.8,95,100
3.4,3.9,97,5.9,8.2,5.2,0.8,0,19,4.9,98,92
3.86,3.4,100,9.1,5.2,3.3,2.8,1.9,14,4.8,100,100
3.42,3.6,81,7.8,5,2.9,1.2,1.4,8,4.2,86,92
4,2.7,94,10,1,0,0,0,9,3.5,96,100
3.88,2.7,85,6.4,4.7,1.5,1.7,3.2,11,1.3,98,100
3.9,3.9,100,6.1,3.7,2.8,0,2.8,17,3.9,100,100
4,4.9,100,6.8,6.6,3.1,0,2.1,21,5.1,95,100
3.95,2.6,90,8.7,5.6,1,1.2,2.7,5,8.1,100,94
3.34,2.2,80,6.6,5.3,1.7,2.3,3.2,10,3.4,97,90
3.97,4.4,85,7.1,6.7,3.6,1,5,18,2.3,100,93
3.96,3.5,100,7.1,5.5,0.7,1.7,4.3,12,0,100,100
4,4.7,100,7,6.4,3,1.1,3.7,11,2.6,100,97
2.96,2.1,83,6.2,6.7,4.7,1.1,7.6,15,8.8,93,97
2.96,0.8,62,6.8,6.6,3.4,0,1.6,5,3.2,83,86
3.87,2.7,92,6.8,8.7,3.3,0,0.3,15,5.8,100,100
3.69,2.4,89,7,1.7,0,1.7,5.3,14,3.8,100,91
3.71,3.4,91,8.1,2.9,1.6,0.7,6.7,13,1.2,100,98
3.69,2.5,88,9.1,9.6,5.9,0,1.7,17,1.2,96,96
4,4.6,91,6,4.6,1.9,1.1,5.8,12,5.5,100,98
3.38,3.1,87,6.5,7.1,4.7,0,1.9,12,5.5,97,83
3.68,3.7,92,6,3.4,1.9,1.4,4.2,13,1.9,100,100
4,3.7,100,7.2,3.1,2.4,0,4.3,2,5,100,100
3.69,3.8,99,6.4,4.9,3.6,3.1,1.7,17,0,79,100
3.79,3.5,94,7.3,7.9,3,2.8,6.7,15,3.8,95,94
4,4.3,100,8.3,6.4,3.4,0.3,6.9,15,5.2,100,100
3.19,2.3,86,4,2.2,1.6,2,1,14,0.2,96,96
4,5.6,100,7.6,5.5,1.1,0.7,3.4,19,6.1,100,95
3.25,3.1,85,6.4,6,1.5,4.4,4.8,13,3.5,99,88
3.08,1.5,78,7.6,6.5,2,0,0,11,1.3,90,82
3.67,3.8,84,5.9,5,2.5,3,3.1,3,2,100,93
3.51,2.2,91,8.4,7.1,4.4,2.7,0,6,3,97,86
4,4.5,100,8.1,6.1,2.9,0,4.3,10,7.8,100,96
3.84,6.8,100,7.7,8.2,3.5,2.9,3.2,12,4.6,100,88
3.33,2.3,80,8,5.3,3,0.9,2.3,9,2.3,90,89
3.98,4,100,6.1,3.2,1.1,0.5,0,11,5,100,100
2.67,0.9,62,6.3,6.6,2.8,1.8,1.8,7,5.8,76,73
3.87,4.2,91,7.9,7.5,3,1.2,4,17,4.8,100,98
3.19,2.2,80,6.1,6.8,3.9,1.7,2.9,11,2.1,88,79
3.89,2.6,100,8.7,5,1.2,0.6,5.4,18,2,100,92
3.48,1.8,89,6.6,3.1,0,1.5,5.3,11,0,89,96
3.61,4.6,100,7.6,5.8,3.1,2.8,5.2,14,5.2,100,95
4,5,98,9.5,5.3,3.3,0.1,1.9,14,3.3,100,100
3.57,3.5,84,6.2,4.1,2.5,1.9,3.6,13,2,100,92
3.24,2.2,95,7.1,5.1,2.8,0.6,1.1,6,5.3,97,92
4,5.9,100,8.3,5.9,4.1,0.6,0.5,10,2.9,100,100
3.74,2.4,89,8.1,5.4,2.1,4.6,5.4,2,0.3,96,96
2.74,0.5,77,6.6,6.9,2.4,3.5,0.6,20,4.9,82,83
4,4.2,93,6.4,6.1,2.9,0.7,0.4,1,1.7,100,96
3.13,1.8,80,6.7,2.9,1,0.8,3.2,16,2.6,90,72
4,5,93,8.7,6.6,2.6,0.4,2.5,13,3.3,100,98
3.24,2.9,79,6.7,6.1,2.7,2.6,2.6,3,3.7,96,81
3.55,4.4,99,7.1,8.9,5.3,0,7.6,13,0.3,100,97
4,5.6,100,6.5,4.8,2.4,2,1,6,2.2,100,100
3.04,1.7,87,7.8,7.5,3.1,4.6,4,14,2.5,90,77
3.22,2.7,72,7.2,8.6,4.2,1.7,3.2,12,4.2,100,93
3.9,3.4,99,5.8,4.3,1.5,2.8,5,13,3.5,100,99
3.7,5.8,100,5.8,8.8,4.9,2.7,1.4,10,2.3,100,94
2.39,2.5,64,4.6,9.7,5.4,0.9,2.6,19,9.1,79,81
3.72,2.6,94,6,5.2,2.8,0,3.2,7,4.5,99,95
3.6,4.2,90,8,4.9,2,2.8,0.1,9,0.8,99,91
3.58,2.6,94,8.6,8.3,5.2,2.8,0,11,6.8,100,84
3.44,3.7,93,7.8,5.7,4,4,3,11,6.9,100,92
3.15,1.2,71,7.7,6.4,2.9,1.5,5.7,6,6,100,91
4,6.8,100,6.8,9.1,4.9,0.2,2.3,2,4.1,100,95
2.88,1.5,80,7.9,7.6,4.8,1.6,2.6,14,4.9,92,87
3.38,3,100,7.3,5.7,2.3,0.6,5.3,14,3,95,85
3.8,3.5,100,9.2,7.9,3.2,2.6,2.7,21,3.8,100,91
4,6.4,100,6.9,6.2,3.7,2.5,4.6,18,3.7,100,95
3.07,1.5,75,8.6,6.2,2.8,2.4,8.3,12,5.1,90,74
3.83,6.5,100,8,3,0.7,0.6,1.8,9,3.6,100,97
3.93,4.6,100,7.9,3.7,1.4,1.3,2.6,18,0.3,100,100
3.68,4.1,100,4.6,4.2,0.8,0,3.8,8,4.8,100,100
3.29,2,80,8.1,6.8,3.5,0.3,6,16,1.5,93,88
3.94,4.4,100,6.8,4.7,1,0.7,2.8,5,4.5,100,98
3.54,2.4,97,6.5,6.2,3.1,0,4.5,22,1.4,100,89
3.58,5.4,98,5.2,9.1,5.5,0.9,3.7,7,6,100,100
3.09,2,63,7,9.9,4.9,1.7,2.9,7,6.6,96,80
4,3.3,97,7,4.3,0,0,2.2,2,3.4,100,100
3.55,2.7,87,5.4,4.3,0.9,0.2,1.8,10,5.6,100,93
3.53,2,80,5.2,5.2,1.6,1.8,9.1,14,8.4,100,86
3.91,4.6,93,7.6,3.6,1,1.3,0,9,5.6,95,91
4,4.3,100,8,3.1,0.3,2,0.1,8,3.5,100,100
3.79,5.3,100,7.2,6.4,2.8,2.7,3.5,5,3,100,100
2.89,0.8,74,8.4,7,3.9,2.3,3.4,13,5.5,88,85
4,5.1,100,6.9,8.2,4.2,2.7,3.9,15,4.8,100,95
4,7.3,100,6.9,6.6,2.1,2.2,1.3,13,4.2,100,100
3.44,2.8,86,5.9,5.3,2.4,0,0.9,15,1.5,93,91
3.91,6.3,100,5.1,3.9,3.3,0.4,2.4,6,4.2,100,92
4,3.1,94,9.2,8,2.6,0,4.8,9,3.8,100,100
2.83,1.4,75,8.4,6.2,4,1.4,1,11,4.3,99,98
2.93,3,82,5.3,6.6,3.4,1,3.3,18,3.8,83,80
4,5.1,100,7.2,6.1,2.2,2.6,2,18,7.8,100,100
3.98,2.2,86,6.9,4.7,0,0,0,16,5.4,100,100
3.33,2.6,84,6.7,10.2,5,0,0.4,16,3.4,93,100
4,4.4,100,6.5,4.4,1.8,0.8,4.8,8,2.6,100,89
3.43,3.5,93,7.5,7.7,3.3,2.1,1.8,13,10.9,96,87
4,4.4,100,8,3.2,0,1,5.5,4,3.8,100,99
3.74,3.9,92,7.5,9.1,2.8,2.3,2.9,16,2.5,100,100
3.84,4.2,100,6.9,7.3,3,1.3,0.3,11,1,100,92
2.86,2.9,81,6.8,5.8,3,1.5,4,22,1.4,93,80
3.57,3.8,87,8.1,9.3,7.3,1.8,1.4,13,2.3,100,92
2.95,2.1,77,7.6,1.7,1.9,0,2.2,8,2.5,93,77
3.81,5.4,100,7.1,7.8,4,2.1,5.3,11,3.4,100,97
3.12,2.5,77,7,7.8,3.6,1.1,0.4,9,6.2,94,83
4,5.2,100,7.4,5.7,1.8,2.3,2.1,9,5,100,92
3.33,3.1,89,6.4,4.2,4,3.8,0.8,12,5.9,94,95
3.97,3.8,99,8,4.1,2.6,3.2,0.6,7,3.2,100,100
2.97,2.8,92,5.7,7.7,4.1,1.4,2.1,12,4,100,88
2.86,2,71,6.5,10.8,5.7,2.3,1.3,2,5.9,88,67
3.38,0.9,87,7.7,5.9,3,0.5,2.5,13,6,92,94
3.17,1.9,77,5.6,6.7,2.4,0,4.3,8,3.5,98,79
3.38,3,86,5.1,6.2,4.4,0.2,1.5,5,7.8,91,86
3.08,3.8,89,7.1,8.1,4.9,2.5,0.1,16,1.8,100,90
4,5,100,5,4.2,1.5,0.7,4.3,3,7.2,100,100
3.62,2.8,78,5.4,6.5,2.1,1.5,1.5,15,3,94,89
3.43,2.2,84,7.9,6.2,3.8,1.4,6.7,14,2.1,100,82
3.28,1.3,78,6.8,7.6,2.6,4.7,2.2,8,2,79,75
3.95,4.2,100,8.5,4,1.4,0,2.7,11,3.2,100,100
4,5.6,100,5.6,5.3,3.6,1.3,0,13,5.9,100,100
4,5.4,97,6.9,5.6,3.8,2.2,0.7,13,6.5,100,100
4,4.6,100,7.5,4.6,2.3,1.9,0,17,5.2,100,96
4,4.5,96,5.6,6.3,2.9,1.1,3.6,16,2.9,100,96
4,6,100,8.2,4.2,1.9,0.8,2.8,17,3.1,100,90
4,4,91,7.6,3.2,1.2,2.8,4.3,18,3,90,97
3.72,4.5,94,5.1,6.2,2.1,0,4.6,13,9,100,100
3.32,3,98,7,2,2.9,1.7,4.9,11,4.6,97,91
3.59,1.5,97,7.5,3.1,0.6,0.4,2.5,11,4.7,92,96
3.38,2.5,89,6.3,3.6,2.2,0.6,3.2,10,4.4,93,100
3.25,3.5,88,5.2,4.9,2.9,0.8,4.2,19,3.3,100,90
3.16,3.6,82,7.3,7.9,4.6,1.3,1.4,8,3.6,93,93
4,6.4,100,9.7,5.1,2.3,0.9,1.1,18,5,100,97
3.92,3.6,99,6.5,3.5,0.9,1.6,6.1,10,6.1,100,98
4,5.3,91,8.9,6.9,2.5,2.3,0,18,4.1,100,95
3.61,2.8,74,6.1,5,2,2.1,4,16,1.2,100,100
3.69,3,91,7.3,8.8,3.6,1.6,3.7,12,1.1,99,100
2.94,1.5,75,7.9,6.2,2.3,1.5,0.8,13,4.8,96,85
4,2.4,82,7,1.8,0,1.7,1.7,6,4.6,100,100
3.74,4.3,86,6.6,12,8,1.5,2.3,15,1.5,98,100
3.86,3.5,97,7.9,6.3,3,1.8,3.4,17,3,100,100
4,4.9,100,9.3,8.1,2.9,0,3.7,19,4.6,100,94
3.37,3.8,94,7.4,3.2,0.5,0,2.9,10,4.3,97,90
3.96,3,96,6.4,3.9,0.6,1.6,3.4,23,7.5,100,100
4,6.7,100,6.8,6.2,2.7,2,4.3,10,6,100,100
4,3.4,93,10,6.1,3.3,0,4.2,10,1.6,100,99
3.78,5.2,100,7.2,8.4,3.9,2,6.1,11,6.6,100,97
3.55,2.9,85,6.3,8.5,3.2,0.4,5.1,11,0.8,88,96
3.43,4.6,90,5.6,1.2,1,2.1,3,5,1.3,100,94
3.45,4.9,100,4.8,4,0,0,4.3,6,1.7,100,90
4,3.8,100,7.4,4.5,2.6,4,3.8,6,1.9,93,96
2.71,0.5,94,7.8,1.9,2,1.9,3.3,13,5.3,81,90
3.46,3.5,97,6.5,4.5,0.9,2.9,1.3,19,4.7,90,93
3.81,5.3,100,7,7.6,4,1.2,3.3,9,4,100,100
3.97,4.3,100,5.6,4.2,0.4,2.5,0,11,7.9,100,100
3.17,4.2,85,7.2,7.1,3.7,2.2,5.1,8,0,100,89
2.75,0.9,70,7.6,4.8,0.7,0.7,3.7,15,6.9,72,86
2.93,2.4,83,6.4,5.3,3,1.1,2.7,13,8.2,86,88
3.71,4.1,80,9,7.5,4.2,3.4,2.2,17,4,94,95
4,4.1,87,6,6.1,2.3,3,4.3,7,4.5,100,88
4,5.3,97,7.3,9.9,5.3,0,6.7,12,1.3,100,97
3.59,3.3,96,8,8.8,5.7,2.8,3.8,11,2.8,100,91
3.81,4.1,98,6.9,5.9,3.2,1.1,6.8,11,5.7,97,99
3.36,3.5,79,6.8,6.5,3.6,1.2,4.6,17,3.4,100,97
2.86,2,75,5.3,6,4.4,1.1,1.4,9,3.6,95,88
3.14,0.5,78,8.6,7.5,3.6,2.6,4,10,6,84,85
3.88,4.1,100,6.8,4.8,3.5,3.1,3.8,8,2.4,100,100
3.86,3.8,100,7.6,5.5,2,2.5,1.4,23,2.8,100,97
3.99,2.6,100,7.8,3.4,0.3,1.4,2.2,7,2.5,100,99
3.17,1.1,83,6.2,1.8,0.7,1.6,2.1,15,3.5,82,94
3.18,4.4,95,6.8,7.6,6.4,1.1,3.2,5,2.9,100,88
3.39,3.1,94,8.6,5.3,3.3,0,2.4,14,7.1,94,91
3.62,4.3,100,5.7,5,2.4,1.8,3.5,6,3.7,100,100
4,6.3,100,9.6,9.5,4.7,3.1,3.9,13,4,100,97
3.05,0.5,71,6.1,4.6,1.7,2.8,5.5,14,3.2,89,94
3.11,2.5,76,5.6,7.4,3.7,1,4.1,12,2.6,99,94
3.69,3.2,94,7.2,7.4,2.9,1.2,1.6,16,10.4,100,90
4,5.7,100,9.7,7.8,3.5,1.6,7.2,14,1.6,100,93
2.96,1,80,4.7,5.3,2.3,1.4,1.6,9,6.3,82,82
4,6.4,100,6.8,3.6,1.4,0.8,2.2,14,3.1,100,100
3.99,3.7,100,7.6,5.2,1.6,2,4.2,13,1.2,100,100
3.49,3.4,78,7,3.8,1.6,0.5,8.8,17,4.8,95,84
3.5,3.2,86,7.5,8,2.8,2,3.8,5,3.8,100,100
3.69,2.8,98,6.1,4.5,0.5,3.3,1.7,13,4.6,98,100
4,5.1,100,6.3,4.2,0.9,0.7,0,12,6.5,100,100
3.4,1.9,89,6.8,6.6,3,1.7,0,10,2.2,87,78
3.86,4,96,5.6,5.8,2.6,1.8,3,17,1.7,93,99
3.43,2.9,80,6.9,5.7,3.1,2.4,4.1,8,3.7,89,93
3.81,2.4,99,6.5,6.3,2.7,0.6,0.2,16,4.5,91,100
4,7.4,100,6.4,9.3,6.6,0,3.4,8,4.7,100,100
4,4.1,92,7.4,8.3,3,4.1,0.4,19,5.1,100,100
3.56,4.4,100,4.8,4.4,2.2,2.4,1.2,14,4.4,100,100
4,5.2,97,6.7,6.6,3,0.4,4.3,4,7,100,100
3.37,1.4,70,9.8,6.4,4.3,0,1.5,18,1.4,93,85
4,6.1,100,5.7,4.7,2.7,0.8,5.6,15,4.2,100,100
3.16,0.5,79,8.5,4.7,3.8,2,1.8,12,1.8,97,89
3.52,2.3,100,7.1,6.9,3.4,0.2,5.2,9,7.5,100,89
3.72,2.8,87,6.3,4.8,2.4,1.9,7.5,8,0,100,87
3.69,4.4,90,5.4,7.3,3,1.6,1.5,15,3.1,100,97
3.7,3.8,100,7.2,8.7,5.2,1.8,7.9,4,1.3,100,96
3.49,3.2,88,8.7,6.4,3.2,3.9,3,9,3.1,100,86
4,3.5,91,6.5,2.6,1.3,3.2,1.7,15,1.8,100,100
3.36,2,87,6.9,6,2.3,0.3,2.4,5,2.4,100,97
4,1.3,95,8.2,2.2,0,0,2.2,5,6.8,84,94
4,4.6,100,7.4,4.3,3,0.3,5.8,15,5.1,100,95
3.12,4.5,89,5.1,8.3,4.8,0.7,5.6,11,5.2,100,79
4,5.9,100,7.1,2.3,0.8,2.6,5.6,20,5.9,100,100
3.47,2.3,82,8.8,3.5,3,1.1,0.4,10,4.1,91,97
3.86,4.5,92,7,8.9,4.3,1.1,3.4,4,4.1,100,91
2.9,3.1,77,3.7,6.7,4.4,3.3,0,18,3.2,100,84
4,5.3,100,7.5,5.6,4.7,1.8,5,5,5.3,100,92
4,5,100,6.8,1.8,0,2.2,2,7,1,100,100
3.7,3.8,96,4.8,5.7,3.6,0,4,10,0.7,98,89
3.49,3,90,5,4.9,0.5,1.4,2,13,6.8,87,86
4,4.9,100,8.2,2.3,1.3,0.9,0,14,6.5,100,100
4,4.5,91,6.1,5.4,4,0,4.8,17,1.3,100,100
3.55,2.5,83,5.9,7.2,3,1.1,4.9,1,3.6,100,100
3.14,1.5,80,7,6.4,3.9,0.5,3.3,7,2.2,81,100
3.66,3.1,91,6.2,4.7,1.4,2.3,0,17,1,100,88
3.54,5.8,100,7.1,7.4,5,1.5,4.5,8,4.1,100,100
4,5.2,96,6.8,9.2,3.8,1.4,1.5,12,5.1,100,80
2.67,1.8,70,5.6,5.6,4.1,0,4,19,6.2,68,77
2.96,1.7,82,6.4,4.5,1.2,2.6,2,11,3.3,89,80
3.79,5.4,100,7.5,9.4,4.6,0,2.2,11,4.6,100,96
3.45,1.8,83,7.1,4.9,2.3,0.7,4,11,5.9,79,93
3.59,4.3,95,6.9,4,1.9,1.1,1.4,18,3.9,100,88
3.53,2.6,90,9.3,7.6,3.7,2.1,2.7,4,3.6,98,96
4,5.9,100,7.9,7.9,3.7,1.1,4,21,2.2,100,100
4,2.3,88,8,3.5,1.5,0.3,7.3,11,4,100,100
3.78,5.2,93,6.8,10.7,5.9,2.7,2.9,10,2.1,100,94
3.46,3.8,94,7.3,8.6,5.5,0,4.7,8,4.9,100,96
3.92,3.9,93,6.5,7.3,3.7,2.4,0.7,6,2.8,100,99
2.95,0.5,66,7.9,8.2,3.4,2.1,6.4,1,7.1,89,87
2.72,0.5,70,6.9,7.2,3.3,1.2,1.4,18,3.2,85,67
3.75,3.2,91,7.3,3.5,0.5,1.6,2.7,1,6.5,97,100
4,3.9,96,7.2,5.2,3,1,4,12,3.8,100,90
3.72,1.8,92,7,9.2,2.9,0.2,1.4,10,2.2,91,93
4,1.9,91,10,4,1.9,0,5.2,13,3.3,99,99
3.69,4.3,100,6.2,5.7,2.3,0.1,1.7,2,2.1,100,100
4,4.3,100,6.2,3.6,0,0,4.7,8,3.6,100,99
3.86,3.3,98,7.8,4.9,1.2,2.7,5.1,14,0,100,94
3.75,4.7,100,6.3,9.8,4.2,2.4,4.2,13,5.1,95,100
2.4,1.7,76,6.7,8.5,5.4,1.2,4.4,9,0,83,93
3.44,3,87,5.7,4.3,1.4,0,8.1,13,3.2,96,90
4,6,100,7.6,8,3.1,0.7,3.8,21,4,100,93
4,3.6,100,7.6,7.2,4.4,2.3,3.2,17,3.6,100,89
3.5,3.7,85,6.6,6.1,2,1.5,3.7,17,3.2,96,82
3.82,7,100,7.9,7,3.8,0.3,5.5,15,2.3,100,100
2.96,1.4,67,4.8,6.8,2.7,1,7.7,13,0.7,97,81
4,4.7,90,6.2,8.5,4.6,2.5,2.7,9,3.9,96,100
4,6,100,6.8,3.4,0.9,4,1.2,12,3.2,100,97
3.24,3,89,5.6,1.9,1.1,2.9,5.3,22,6,90,76
3.75,4.8,100,4.9,4.2,3.2,1.1,0.3,17,5,99,95
2.75,2,76,6.6,3.7,2.9,0.1,3.5,10,6.9,85,80
3.82,2.5,83,7.8,5.6,2.7,0.7,3.6,2,6.2,99,96
3.93,4.1,90,8.5,3.9,3.7,3.1,2.8,16,4.7,100,94
4,4.7,100,6.3,4.2,1.4,1.3,2.9,17,5.3,100,98
4,5.2,100,7.9,3.9,0.7,0,0,9,4.7,100,95
4,5.9,100,7.8,6,2,0,1.3,9,1.8,100,88
3.88,3.4,100,8.5,5.8,2.2,0.2,4.9,2,0.8,100,100
4,5.3,100,6.6,6.5,2.4,0,0,18,3.5,100,92
2.77,3,85,4.8,8.2,4.7,2.6,2.8,10,4.7,95,78
4,4.9,100,7.1,6.6,4,4.4,2.4,13,4.7,100,100
3.4,3.8,80,5.8,6.5,3.6,2.7,0,7,2.5,100,86
3.46,4.2,89,6.1,5.1,3.1,2.8,6.4,5,4.5,100,86
4,4.1,100,6.6,5.4,2.1,2.7,0.9,19,3.6,100,100
3.53,1.1,85,6.6,2.6,1.5,0,4.1,10,5.9,100,78
3.33,1.8,77,7.2,5.3,1,1.3,2.1,8,3.7,97,70
4,3.7,100,7.8,3.7,1.8,1.5,1.3,27,8.1,100,97
3.06,1,73,6.6,5.9,2.7,3.8,2.5,17,5.8,85,88
4,4.7,100,7.5,4.5,1.1,0.6,2.3,8,5.1,100,100
4,4.8,100,7,7.5,3.1,2.4,2.6,16,6,100,100
4,4,93,8.1,3.5,2.5,0.5,1.4,4,3.2,100,100
2.92,1.8,88,6.8,4.8,2.2,0,1,10,5.4,91,92
3.86,5.6,100,6.9,8.2,4.5,0,5,8,5.1,100,99
4,6.6,100,6.6,5.1,0,0,3,14,3.5,100,100
4,3.7,100,6.8,5.2,2.2,1.3,2.9,20,7.1,100,100
3.94,4.3,93,6.1,2.3,0,2.5,1.2,4,6.7,100,100
4,3.8,82,5.9,8.6,3.2,4.8,6.1,21,6.4,100,95
4,4.3,87,7.9,7.9,3.9,2.5,2.8,16,5.2,100,78
3.63,3.3,100,5.7,5.4,0.8,0.4,0,7,5.1,100,86
3.37,3.4,92,6.6,2.5,1,2.9,3.6,7,6.8,83,96
4,4.9,100,8.2,3.9,0.3,2.6,1.5,8,5.6,100,91
4,7,100,6.6,4.6,2.9,1.3,4.8,8,6.4,100,100
3.37,1.4,81,8,3.7,2.3,0.1,5.1,8,5.8,85,93
3.72,3.3,84,6.3,6.1,2.4,0,4.8,3,8.4,100,99
2.87,1.7,76,5.7,6,2.2,0.4,2.1,11,5.1,96,86
4,5.9,95,5.1,3.7,1.3,1.6,2.8,16,6.8,100,94
3.29,2.6,84,8.6,9.2,4.5,3.3,3.5,9,2.8,80,70
3.15,1.3,71,5.6,5.8,3.2,0.5,4.8,13,5.8,98,78
3.93,4.5,92,7.9,3.7,1,1.7,0.9,18,2.7,97,90
4,6.1,100,5.8,4.7,1.7,2.2,3.2,5,4.5,100,100
4,4.5,100,8.6,4.2,1.5,0.6,6.7,9,5.9,100,88
3.91,3.8,91,9.6,9.4,4.9,0,1.9,4,6.1,100,97
3.38,4.1,81,5,5.6,3.9,1.5,2.9,5,0.2,100,97
4,5.6,100,5.7,4.7,2.6,0.1,8.2,19,5.5,100,99
2.91,2.2,82,7.9,7,5.4,0,2.5,9,1.6,93,91
2.95,3.3,69,7.6,10.3,5,3.5,0,14,4.8,88,76
3.3,2.8,87,7.9,5.1,2.5,0.7,2.9,13,0.1,99,94
3.46,1.7,75,6.3,4.3,2.2,2.1,6.3,16,3.4,96,88
4,3,89,9.4,5,2.3,1.9,5.1,13,3.7,100,98
4,5.2,100,7.1,5.4,1.4,0,1,13,5.8,100,91
3.72,4.3,92,5.5,9.2,5.4,1.8,3.8,5,4.3,95,100
4,4.5,100,6.7,3.6,1.3,1.9,2.6,12,2.2,100,94
3.5,3.7,88,5.6,6.6,4.1,1.7,4.6,12,6.5,100,94
3.88,4.3,100,8.9,5.1,3.8,1.5,1.8,7,5,96,100
3.32,2.3,81,6.2,5.5,2.3,2.2,4,2,5.4,100,86
2.96,3,87,7.6,10,5.5,2.1,6.8,13,3.5,100,85
3.92,3.8,100,6.4,2.8,0.5,2.3,0,18,4.1,100,94
4,3.9,90,6.3,6.5,2.7,0,4.2,3,5.3,100,100
3.57,4,76,4.7,4.4,2.1,0,5.6,11,6.6,100,97
3.23,3.3,77,7.7,5.9,4.2,0.8,0,1,5.9,92,97
4,2.9,100,8.6,7.1,3.3,1.4,1.6,15,5,100,100
4,8.2,100,5.9,6,0.2,2.5,2.2,18,1.8,100,90
3.42,4.9,100,5.1,8.4,4.7,4.1,1.5,12,7.1,100,94
3.71,4.1,100,8,6,3.5,0.5,1.4,15,3.4,100,95
3.86,3.2,81,5,3.8,1.2,3,2.3,12,3.8,99,88
3.63,2.8,86,8.5,7.6,2.3,1.6,4.7,7,5.7,91,98
3.31,3.3,84,5.9,4.3,0.9,0.7,6,11,5.2,86,86
4,3.9,100,5.7,4.6,2.5,2,5.6,12,0,99,100
2.94,0.7,66,7.3,5.9,3,2,5,11,3.6,76,88
2.88,1.1,85,5.8,5.6,2.3,1.9,6.7,14,3.7,100,79
3.6,2.5,80,6.2,5.7,2.1,3.3,7.1,13,2.9,100,92
4,3.8,100,7.4,5.2,0.4,0.7,3.3,11,3.6,100,100
3.03,3.1,93,4.1,7.8,3.3,2,5.9,9,5.3,95,99
4,5.7,100,9,3.2,0,0,3.8,14,6.3,100,89
3.09,1.3,77,7.1,5.8,2.8,0,2.6,14,4.4,74,92
3.18,2.4,100,5.4,3.6,0.1,1.4,2.9,13,0.8,99,98
3.65,5.8,92,5.8,5.2,2.9,0.5,5,8,4.3,100,96
3.78,3.7,89,8.2,7,2.8,3.1,5.9,6,1.8,100,100
4,4.8,100,7.7,6.2,3.4,2.6,4.2,15,4,100,87
4,6.6,100,8.7,7.7,4.1,2.1,2.2,8,6.8,100,98
3.11,2.5,77,6.2,9.5,4.4,1.3,2,10,5,78,80
3.46,3.4,100,7.4,4.1,0.4,0.2,0,4,2.5,95,94
3.86,3.1,78,7.5,6,2.7,0,3.7,14,1.9,100,95
3.16,0.6,77,7.8,8.2,5.8,0.4,3.6,6,5.7,95,88
3.8,3,99,8.4,5.9,3,2,0.9,6,6.9,100,87
4,4.8,94,6.1,3.2,1.6,0,3.9,7,1.1,100,100
3.88,4.3,98,6.9,6.3,2.7,3.3,3.9,14,5.2,100,100
3.44,4.4,97,6.3,2.6,2.2,1.6,0,11,7.4,95,92
3.69,2.9,96,6.9,5.2,1,2.4,2.4,9,3.1,100,89
3.08,2.5,94,7.8,8,4.1,3.3,5.8,20,2.3,99,98
4,5.4,95,5,6.8,3.7,0.2,1.7,15,4,100,100
3.81,2.8,98,8.3,3.2,0.8,1.1,3,2,4.3,97,100
4,3.9,95,5.6,5.7,2.7,2.3,3.3,8,6.5,100,100
4,3.7,96,6.6,2.9,2,0,2.9,2,3.6,100,100
4,5.7,100,8.5,4.4,0.4,2,4.4,10,4.4,100,100
4,5,100,7.4,3.5,0.7,3,4.9,17,4.1,100,94
3.39,1.6,74,7.4,5.7,0.9,2.3,5.5,13,6.4,100,93
3.13,1.7,84,5.6,6.2,2.7,1.9,2.4,11,4.9,88,96
4,4.4,100,5.7,5.4,2.1,0,4,10,3.2,100,88
4,3.4,98,8.1,4.9,1.4,1.4,4.7,14,5.2,100,93
3.08,2.8,99,6.3,4,2.2,0,2.8,4,4.8,100,84
3.91,5,97,6.4,6.4,3.9,1.4,1.6,11,2.1,94,100
3.83,3.8,100,8.2,6.5,3.3,1.5,3.3,13,1.4,100,88
3.36,3.6,75,5.7,6.9,4.3,0.5,1.8,6,1,84,86
4,4.7,98,7.3,4.8,2.5,3.2,1.6,8,5.1,95,100
3.55,2.9,85,7.1,7.9,5.2,0,3.4,22,5.8,90,87
4,5.9,100,7,6.4,3.3,4.6,2.6,15,2.2,100,100
3.34,2.3,88,6.4,7.9,2.1,2.4,3.4,3,5.5,98,97
3.96,4.5,100,6.3,5.5,2.9,2.6,0,8,1.7,100,86
4,5.7,97,5.7,3.1,0.9,1.6,2.6,12,8.5,100,95
3.62,1.4,92,7.6,5.1,2.3,0,0,24,4.2,96,97
3.29,3,81,6.2,8.2,3.4,0.6,0.9,16,4.6,93,100
4,5.2,96,8.2,8.6,3.7,1,2.8,17,1.4,100,100
3.77,5.2,100,6.7,7.5,2.2,1.2,5.4,14,7,100,98
2.98,3.2,71,5.7,10,6.9,0.5,4.1,7,6.7,90,75
3.88,2.4,97,6.7,6.3,2.5,3.6,3.2,20,2,100,100
4,4.9,89,6.5,2,0.3,0.2,2.2,16,7.2,100,100
4,5.3,98,8.2,7.2,4.6,1.1,2.5,18,2.4,100,100
3.6,1.8,85,6.6,5.4,3.7,0.2,5.6,21,2.6,100,98
2.96,1.7,84,6.7,6.7,3.1,1.2,0.8,20,4.2,90,83
3.6,3.8,79,8.7,5.1,2.1,0,1.5,12,2.1,95,100
3.56,4.4,94,7.6,6.7,3.4,0.8,5.1,13,8.4,99,94
3.88,3.1,76,9,7.2,5.2,2.8,2.3,13,7.9,100,93
3.84,4.5,100,8.5,7.1,3.1,1.6,6.9,17,4.7,100,100
3.43,2.4,88,5.9,1,0.6,0,4.4,14,1,89,93
3.09,0.5,78,8.2,2.7,0,1.8,5.3,13,4.9,75,86
3.66,2.9,90,8.8,6.3,3.4,2.1,0,11,4.4,94,92
4,3.6,91,8.8,1.9,1.3,1.8,5.1,11,1.5,100,92
3.54,3.1,87,8.2,6.2,2.7,1.9,1.3,14,1.7,100,96
3.43,1.8,94,8.2,4.4,1.6,3.5,4.4,18,0,100,89
2.65,0.8,72,6.6,5.2,1.5,3,2.3,7,4,74,75
3.55,2.7,83,6,7.1,1.7,0.5,3.4,12,3.7,98,93
4,4.8,100,6.6,5.2,1.8,0.7,0.8,14,2.3,100,98
3.9,5.4,90,5,8.2,4,0.4,0,20,1,100,100
4,5.3,100,8.6,8.4,3.7,1.7,3.3,10,6.5,100,100
3.72,2.3,100,6.7,4.6,1,2.3,2.4,8,4.8,100,91
3.26,1.8,79,8.5,3.2,1.2,0,1.2,20,5.5,89,87
3.55,4.2,100,5.5,4.4,3.4,1.8,0,15,2.6,100,93
4,4.5,82,8.3,7.8,4.4,0.5,0,10,0,100,94
3.89,4.1,94,6.4,6.9,4.4,0,4,17,4.3,98,96
2.51,0.5,64,5.5,5.8,1.3,1.6,2.5,3,5.1,76,79
3.2,2.2,89,9,6.7,4.3,3.9,1.8,12,4.9,89,89
3.68,3.5,100,8.3,3.1,0.1,1.5,3.4,13,1.6,100,87
4,4.2,97,7.3,4.1,2.5,2.8,5,15,6.1,100,92
3.85,4.7,91,7,6.1,3.5,1.7,3.5,8,5.1,100,99
4,3.7,100,7.5,1.9,0,1.3,2.1,8,1.9,100,96
3.62,4,90,7.2,7.9,5.9,2.1,7.3,20,7.1,100,90
3.56,3.6,82,6,7.7,4.8,0.7,1.7,12,3.5,100,94
3.47,4.5,93,6.5,6.1,3.8,0,0.2,13,6.4,96,97
4,4,100,9.4,7.6,1.4,0,3.2,8,3.7,96,100
3.79,3.6,99,10,6.7,2.7,1.3,2.5,7,3.9,100,95
3.85,3.1,94,8.9,8.3,4,2,4.9,9,5.5,100,100
3.92,3.6,100,7.6,4,1.1,1.8,1.9,18,3,100,100
3.88,4.2,100,6.6,5.6,2.5,0.6,2.7,9,3.6,100,86
3.96,3.9,89,6,6.7,4.2,1.5,1.3,11,3.7,100,100
4,4.1,100,6.1,6.7,0.6,0.8,4.6,20,5.7,100,99
3.7,5.5,100,6.3,6.2,3.3,0,3.3,23,5.1,100,87
4,3.9,100,9.6,2.5,0.2,0,2.4,5,4.9,100,100
3.57,2.5,92,9.2,3.5,1.4,1,2.7,1,1.5,95,100
4,4.8,100,7.9,5.4,2,2.5,3,8,4.2,99,94
2.58,1.5,75,5.8,8.3,3.6,1.4,0.1,7,3.4,76,82
3.18,1.9,90,8.1,6,1.7,0,5.3,14,6.3,100,94
4,4,100,6.7,5.1,3,2.9,5.2,12,1.7,100,92
3.92,4.3,100,4.4,3.9,1.8,0.5,3.1,11,3.8,100,92
3.34,1.6,91,7.3,6.5,2,0,2.9,16,4.9,95,97
3.16,2.9,83,6,10.2,4.7,1.3,1,1,3.8,93,91
3.6,2.6,88,6,3.9,1.1,2.9,6.5,9,7.1,92,100
3.1,2.8,83,6.7,8.3,3.9,1.7,6,11,5.1,90,96
3.49,4.9,100,6.4,4,2.8,0,3.8,17,0,100,96
4,4.6,100,7,3.9,1.9,0.1,4.6,12,3.6,100,100
4,3.5,100,6.9,2.8,1,2.9,5.5,14,4.8,100,100
3.46,2.7,86,4.7,4.6,1.1,0.6,5.1,10,5.2,92,85
3.81,1.5,97,8.8,4.5,1.7,0,1.3,12,2.3,100,92
4,5.6,100,5.8,5.9,2.6,0,2.4,11,3.8,100,93
3.78,4.4,100,5.9,8.2,3.7,1,3.9,11,3,100,87
3.74,2.4,83,6.6,4.5,2.3,3.1,3.4,12,1.3,91,92
3.72,4.6,100,6.9,5.6,2.5,2.3,4.5,19,2.2,100,100
3.68,3.4,95,8.8,4.1,2.7,1.6,4.3,14,2.8,100,84
3.89,3.1,100,7.3,7.9,3.5,4.6,3.5,11,9,100,99
3.94,4.2,94,7.7,8.1,3.8,2.2,0,15,6.2,95,100
3.65,2.4,85,7.3,4.1,0.7,5,5.3,13,5.1,92,93
3.77,3,96,7.3,5.5,2.4,0.9,4.7,15,4.5,85,100
4,3.7,81,7.4,7,4.6,1.5,7.1,10,4.8,100,85
3.31,2.8,94,4.7,2.1,0.8,0.5,2,14,2.9,96,91
4,4.5,90,6.7,6.3,2.9,1.6,0,15,3,100,96
4,6.3,100,8.4,6.4,2.5,1.2,2.6,5,6.7,100,100
3.69,2.4,100,10,7.3,1.9,5.5,3.9,10,4.5,93,99
2.15,1,63,5.6,7.7,5.2,1.1,2.1,11,0,75,73
3.15,0.5,75,7.5,6.2,2.9,2.9,5.7,10,5,79,91
3.09,3.3,95,6.3,9.4,5.1,1.4,1.7,7,5.3,100,92
3.5,2.5,82,9.5,7.2,2.8,2.3,2.8,1,7.6,84,97
4,3.8,92,5.4,5.8,3.5,1.9,2.5,17,6.4,100,100
3.59,3.7,100,7.7,4.6,1.9,2,8.5,1,1.1,100,99
2.67,1.1,63,5.3,4.4,2,1.5,1.2,22,2.1,75,69
2.97,0.8,64,6.6,5.3,3.4,0,4.2,11,5.1,71,95
3.87,3.9,100,7,8.2,3.4,2.6,0.6,9,3.7,100,94
4,3.7,86,8.3,6.8,3.7,0,3.7,4,1.4,100,88
3.18,2.9,82,5.7,6.3,3.4,3.4,1.1,4,3.4,97,93
3.32,1,65,7.8,4.1,0.8,2.2,5.2,8,2.4,90,84
3.75,4.2,94,7,4.7,1.6,1.8,4.8,13,8.1,98,100
4,5.4,100,7.3,6.8,4.1,1.5,3.5,19,5.1,100,94
3.97,3.9,100,8.1,2.1,0,3.2,0.2,4,8,100,100
3.38,2.2,86,5.5,8.1,3.2,3.2,2.9,14,6,89,90
3.95,3.6,96,8,4.9,2.6,0,2.4,3,2.5,94,100
3.18,1.5,66,6.3,6,4.1,0,4.7,7,6.3,84,82
3.92,5.1,100,8.3,6.3,3.4,2.3,1.2,15,5.8,100,100
3.64,3.6,93,7.4,7.4,1.8,1.5,5.3,7,3.8,97,87
2.59,0.8,63,6.7,3.7,1.7,0.7,4.9,20,4.9,76,87
3.67,3,90,6.3,5.9,2,1.6,0.3,16,5.8,100,100
3.74,4.2,100,8,6.4,3.7,0.2,2.6,14,1.1,94,100
4,3,100,8.5,3.3,0,2.1,2.9,9,1.9,100,100
3.94,3.1,98,6.4,7.1,3,0.4,5,8,1.7,100,100
2.63,1.7,83,5.6,2.4,1.5,1.3,1.6,10,3.9,78,80
3.82,4.3,92,7.8,5,3.1,2.1,3.4,13,6.2,100,100
3.14,2.5,86,5.3,7.4,3.3,0.7,5.2,13,4.6,100,98
3.1,0.5,75,5.4,3.4,0.3,0.9,3.5,8,4.3,76,77
3.82,2.9,85,5.7,5.8,2.5,1.3,0,8,6.9,100,100
3.93,5,100,6.5,6.9,3,1.8,2,4,1,100,100
3.81,2.9,89,5.4,4.8,2.9,3.3,4.8,23,5.6,100,78
4,6.1,100,4.7,6.9,2.6,0.9,4.6,8,2.9,100,82
3.63,4.1,93,5.6,5,1,2.4,0,4,5.2,89,87
3.97,4,92,7.8,4.5,1.2,2.2,3.4,1,3.7,100,96
3.76,3.3,95,5.5,4.3,0.7,1.8,4.9,9,7.1,96,100
3.98,3.4,97,6.6,8,3.6,2.6,4.1,14,7,100,100
3.45,3.1,90,9.3,4.9,2.6,3.5,4.3,11,4.2,100,97
3.64,3,81,6.9,6.5,2.7,1.6,7.1,11,3.2,100,93
4,4.3,100,7.4,5.3,0.2,2.4,2.9,16,6.8,100,94
3.53,2.1,94,5.9,6.5,2.7,0.8,3.6,15,4.3,100,98
3.66,1.9,100,9.6,6.5,3.8,1,1.1,8,5.9,100,96
3.82,1.8,98,6.4,5.8,0,0.2,1.7,13,2.5,100,100
4,6.6,100,6.7,5.3,2,1.1,2.3,12,2.1,100,100
4,4.3,99,8.6,5.1,0.4,1.8,4.7,9,3.2,100,100
4,4,100,6.8,4.7,2.2,1.5,1.5,19,3.8,100,100
3.34,1.9,84,7.1,5.7,1.4,1.2,5.5,8,0.7,95,86
3.54,4.4,96,6.7,5.7,3.4,1.2,0.8,9,1.8,100,92
3.32,3.3,100,6.7,6.5,3.1,1.3,4.3,10,4.7,100,84
3.91,3.8,100,7.4,7,4.7,1.3,4.1,17,2,96,100
3.44,2,89,7.7,8,2.7,3.5,3.5,17,2.7,93,89
3.9,3.7,91,6.2,6,3.3,1.4,5,19,2.8,100,94
3.38,2.9,89,6.1,3.7,2,0.2,1.5,16,2.3,100,88
3.01,2.4,75,6.3,4.2,1.1,3.9,2.1,12,3.9,100,79
3.94,4.6,100,5.3,7.7,4.1,1.4,1.1,17,0,100,100
2.83,1.2,80,5.1,7.7,4.7,1.3,3,14,4.3,84,85
3.81,4.3,91,7.4,5.9,3.9,0.3,2.8,11,2.8,98,95
4,4.5,97,8.1,7.2,3,0.5,4.7,10,5,100,88
3.52,2.2,97,8,5.8,1.3,3.6,3.8,11,3.4,92,97
3.25,2.3,73,4.1,5.5,4.5,0.3,4.4,10,3.1,93,81
3.72,3.2,97,6.7,5.6,3.7,0.5,2.6,14,4.6,98,96
3.42,3.9,81,5.7,8.6,5.8,2.3,3.8,11,3.4,93,89
4,3.3,93,7.2,3.5,1.1,0,6.6,14,5.9,100,100
3.61,4.2,98,6.5,7.7,4.1,2.8,0.3,15,1.6,100,100
4,6.1,100,7.7,8.8,3.6,2.3,0,12,6.3,95,100
3.24,2.7,85,7,4.8,2.3,1.3,4.3,10,3.7,92,80
2.34,0.9,63,4.7,9.7,4.8,2,1.3,7,4.7,73,82
4,4.7,100,5.8,4.6,3.4,3.5,0.2,11,0.5,100,100
4,6,100,7,4.9,1.4,2.5,4.1,13,3.8,100,100
3.83,4.1,100,7.1,4.9,2.6,2.6,1,5,8.6,100,96
3.14,1.9,76,5.3,5,1.4,2.2,6.1,3,5.7,84,89
3.96,3.3,100,5.2,3,2.1,1.2,3.3,11,2.6,100,94
2.98,1.8,81,7.1,5.4,3.9,1.4,2.6,8,3.5,98,89
3.69,4.5,100,5.3,7.9,4.3,1.8,1.4,17,3,100,99
3.02,1.5,64,5,5.3,3.1,2.3,3.4,19,4.8,83,91
3.64,3,100,6.5,4.3,1.7,0.9,0,7,5.4,82,96
2.98,2,77,6.4,8.6,3.4,2.2,0,3,6.3,83,75
3.46,3.7,86,5.9,7.1,3.9,1.2,0,15,3.9,100,90
3.61,3,97,6.2,4.1,0,1.8,5.3,13,3.1,100,100
3.65,3.8,78,7,5.1,3,1.6,1.2,14,0.3,97,91
3.54,3.5,94,6.1,3.9,2.5,2,0.1,16,6.8,95,95
3.17,2,78,7.1,7.1,4.2,2,2.8,10,4.7,91,92
3.72,4.4,100,6.5,4.6,3.4,1.5,7.4,11,3.4,100,87
3.9,3.4,93,7.2,5.7,3.5,0.4,5.2,16,3.8,100,100
3.47,2,78,8.1,5.4,2.1,3.3,1.4,14,3.4,99,85
4,6.9,100,8,5.7,2.8,0.9,1.4,22,5.7,100,100
3.61,4.2,78,8.5,7.6,4.2,3,1.4,13,1.9,100,82
3.74,3.3,100,8,6.4,2.7,0,1.2,13,9.4,100,98
3.99,5.6,88,7.3,4.7,3.1,0.1,4.1,16,2.4,100,100
4,6.3,100,6.5,2.4,0.5,2.9,2.3,22,2.9,100,100
3.91,3.3,97,6.5,3.1,2.7,3.8,0.8,16,4.1,100,100
3.75,4,100,5.9,2.6,0,2.3,0.3,11,6,100,100
3.58,2,98,7,5.9,2,0,7.6,9,2.1,100,100
3.76,3.3,92,7.8,7.7,2.9,3,4.5,13,4.7,100,100
3.69,3.2,91,6.1,7.2,4,0.3,1.3,7,0,98,96
4,3.8,96,7,5.9,1.3,0.1,5.4,15,6.5,100,100
3.7,4,81,6.2,6.9,3.4,1.7,0.7,13,1.1,100,98
3.94,4.3,86,7.3,8.1,5,0.9,2.7,15,5.7,100,94
3.8,3.9,83,6.3,4.1,1.8,2.6,2.5,3,7.1,100,92
3.34,1.7,86,6.1,1,0.5,2.2,3.4,19,1.9,86,91
3.62,2.1,78,6.2,7.7,3.2,1.1,1.1,6,4.7,100,97
3.66,2.7,91,7.6,3.9,1,2.3,3.3,6,1.8,100,90
3.81,3.1,98,6.9,6.3,1.6,4.4,0,2,4.4,99,93
3.81,5.1,100,6.5,6.1,4.2,1.1,2.2,9,5.6,100,100
2.88,1.8,81,7.3,11.5,5.6,2,5.7,13,5.7,86,92
4,3,100,6.5,4,1.3,2.3,5.1,11,4.7,100,100
4,4.9,100,8.4,3.9,1.7,2.2,1.6,15,2.6,100,98
3.83,3.1,74,5.8,4.8,2.1,4.2,0,18,4,100,90
4,4.2,94,6.8,5.2,2,3,0,19,3.8,100,100
3.13,3.3,81,5.3,8.6,5.7,0.2,4.2,11,5.2,98,84
3.96,3.9,100,6.6,4.4,2,0.3,3.6,11,3,94,95
4,3.2,94,5,3,2.2,1.4,3.8,11,5.2,100,100
3.91,4.5,88,7.9,7.2,5.2,2.3,6.4,10,5.2,100,98
2.49,1.2,67,7.9,8,3.7,2.8,3.3,22,7,83,67
3.96,3,99,7.9,6.2,4.3,2.8,3.5,14,5.1,100,100
4,3.9,100,7,2.3,1.4,1.5,0.2,15,0,100,100
4,4.3,100,5.9,3.7,2,2.3,6.2,15,4.8,100,93
4,5.7,100,6,4.1,1.2,3.6,2.7,18,4.2,100,100
3.67,2.9,91,8.8,6.1,4,2.2,1.4,11,3.4,91,93
4,5.7,100,8.7,7.3,4.6,2,3.4,15,7.5,100,100
3.48,2.5,82,7.1,3.9,1.9,2.8,7,15,2.1,85,85
4,5.5,100,6.4,6.5,2.3,1.8,7.3,4,2.8,100,89
4,4.7,100,8.6,5.9,2.3,2.4,1.1,10,4.5,100,91
3.37,2.1,100,6.2,6.2,0.5,3.9,5.4,11,4.5,100,92
4,4,100,7.3,4.3,1.8,0,3.7,17,3.7,98,94
3.38,3.4,92,8.6,6.7,4,1.3,5,29,4.3,100,100
4,4.4,100,6,5.9,1.5,0.7,3.6,10,7.5,100,100
3.49,3.2,81,8,6.4,2.9,0.6,4.2,10,4.9,89,87
3.91,3,100,7.6,2.7,0.8,0.8,5.6,14,1.5,100,100
4,5.6,100,7,6.3,2.6,0,0,3,5.6,100,95
3.47,3.4,92,5.8,5.5,2,0.9,3.7,3,3.4,100,100
4,4.7,100,6.1,1.8,1,2.9,0.7,11,6.6,100,93
3.19,3.2,88,7.3,6.2,4,0,2.1,9,3,92,84
4,6,100,5.3,7.3,4.1,0,3,18,4.1,100,92
3.83,2.5,100,7.2,6,1.3,0.8,1,10,4.1,100,94
3.17,2.6,95,7.6,6.3,2.5,0.5,1.8,5,4.2,89,88
4,5.8,100,8.2,5.2,2.9,2.6,0.2,7,3.2,100,100
3.18,2.8,81,5.3,2.3,0.1,3.8,1.8,18,5.7,90,94
4,5.9,100,8.6,4.7,0.7,4.4,4,8,4.4,100,100
4,4.8,100,9,4.8,4.7,0.5,4.7,10,5.4,100,100
3.5,3.3,100,7.5,3.2,1.2,2.3,1.5,10,5.2,100,100
2.63,0.8,63,5.8,9.4,4.7,1.5,5.7,9,1.4,81,81
3.88,3.5,89,6.6,4.2,0.8,2,4.2,14,5.6,100,97
3.46,3.7,94,6.9,5.9,3.8,2.2,5.9,21,5.3,92,97
4,5.3,100,7.3,3.9,2.3,1.4,0,15,6.7,100,100
4,5.9,100,7,6.5,2.5,0.3,3.6,16,5.9,100,96
3.13,2.5,89,7.3,8.7,5.6,0.5,4.2,7,5.6,95,87
3.95,4.7,95,6.9,3.6,0.9,1.8,0,14,4.3,100,100
3.84,4.6,100,7.3,7.1,3.7,2,7.8,19,0.4,100,100
3.87,5.1,91,6.4,6.8,3.6,0.7,1.7,11,4.7,100,88
3.58,4.2,100,6.6,10.9,7.8,1.2,4.1,12,4,100,94
2.89,0.6,85,6.3,2.6,1.2,3,4.9,16,4,75,95
4,3.3,100,9.3,3.7,1.9,1.5,3.2,20,3.6,98,97
3.28,1.8,69,8.8,7.9,4,2.1,5.8,18,6.2,91,98
3.85,3.2,82,7.7,6.2,2.5,3.5,7,6,1.7,100,100
4,5,100,8.6,5.6,2.1,1.7,0.8,14,1.3,100,98
3.37,4,86,8,6.5,4.2,0.9,3.2,9,3.3,93,90
4,5.2,100,7.2,6.3,2.4,0.9,4.8,10,4.6,100,100
4,4,100,5.2,4.1,1.5,2.3,0,5,4.6,100,97
3.46,1.6,78,6.7,8.5,3.9,0,5.1,11,5.1,81,89
2.68,0.5,60,6.6,5.5,3.4,3.5,6.4,8,4.4,79,72
3.19,3.7,78,5.6,4.7,2.3,3,5.6,11,5.9,98,82
3.53,3.2,91,5.2,5.1,2.3,0,3.9,14,4.6,100,100
3.35,2,78,7.6,5.4,1.4,0.8,6.1,13,5.7,95,92
3.05,0.9,73,7.4,6.9,3.9,0.8,3.7,16,6.9,90,81
2.81,2.4,75,5.6,5.3,2.3,2.2,0.4,10,6.1,92,84
3.4,3.2,87,6.1,4.1,1.6,0.5,2,4,2.1,100,98
4,4.5,100,8.4,4.2,0.9,0,2.5,20,1.4,100,100
3.45,3.8,90,5.9,6.3,3.4,3.1,2.9,15,4.7,100,100
4,5.9,100,7.2,4.1,2,0,2.8,15,5.7,100,99
3.23,1.9,89,6.8,3.2,0,3.7,2.3,15,6,97,84
4,4.8,100,7.6,4.2,1,1,3.4,13,1.2,100,100
4,3.6,90,6,8.2,2.4,1.5,6,17,4.4,100,98
3.54,4.5,100,7.1,4.8,2.5,1.2,3.4,9,5.4,100,95
3.47,2.8,82,7.2,4.4,2.4,0.9,4.3,16,2.7,100,83
4,5.1,93,7.3,5.5,2.2,1.6,0,14,5.2,100,92
4,3.9,100,7.1,2.4,0.6,1.2,3.3,13,5.8,100,100
3.42,2.5,96,7.4,3.2,1.5,0.4,5.2,10,7.5,94,100
3.57,3.5,79,9.6,5.9,4.6,2.3,5.5,13,4.6,98,98
4,3.1,92,10,6.5,4.4,1.2,5.3,11,6.6,100,94
3.55,4.2,98,6.2,5.8,3.7,4.1,3.6,16,2.6,100,92
2.99,1.7,76,4.2,5,3.5,0.4,3.8,10,2.3,77,82
3.55,3.5,87,7.7,6.9,4.2,2.1,1.7,7,5.2,86,100
4,4.1,100,7.2,1.3,1.1,0.8,4.7,15,3,100,100
4,3.5,100,8.3,6.4,2.8,0.7,1.7,23,3.6,97,99
4,5.5,100,7.3,3.4,1.1,1.5,4.4,13,6,100,92
4,4.7,100,7.1,3.6,1.1,2.3,3.1,11,3.6,100,100
3.96,3.5,83,8.4,7.1,3.4,2.5,3,21,2.8,100,93
4,3.8,100,8.5,7.6,4.2,1.3,5,14,8.4,100,95
3.59,3.9,93,5.3,4.7,2.5,3.5,4.1,11,2.4,100,90
3.51,4.1,86,6,8.8,5.3,2.6,3.6,21,5,100,93
2.41,0.8,58,6.9,8,3.1,1.9,2,8,2.3,70,78
3.97,3,100,7.1,3.4,1.6,2.4,6.2,10,3.9,100,89
2.8,1.3,73,6.7,5.1,1.2,0.2,3.7,14,1.8,93,82
4,5.4,100,7.5,6,4.3,3,4.5,26,6.7,100,98
3.65,3.4,98,8.2,7.4,3,0,3.2,7,3.3,96,91
3.92,3.2,100,9.1,5.9,3.8,2.1,1.6,6,6.1,100,100
4,4.8,100,7.7,2.1,0,1.4,3.7,13,3,100,100
4,4.1,95,6,7.6,3.2,0,1.8,19,5.5,100,87
3.77,1.8,86,6.8,5.9,2,0,3.9,17,6.5,99,89
4,3.4,97,6.9,2.9,0.7,1.5,0,9,2.3,100,100
3.58,3,85,7.6,5.9,2.7,1.4,2.2,6,3.8,100,86
3.35,0.9,84,7.5,6.5,4.4,0.5,3,9,1.3,100,81
3.59,2.5,80,9.5,7.3,6.2,1,1.1,13,4.4,100,100
3.18,3.2,93,6.4,6.4,3.2,0,3.7,14,1.6,90,100
3.91,3.3,93,7.5,4.3,1.7,0,2.2,11,3.7,100,96
3.68,1.3,81,9.8,3.5,1.6,1.1,3,11,4.7,89,91
3.84,5.2,100,6.3,8.8,4.2,0,1.9,11,5.6,100,100
3.7,3.3,97,7.2,3.2,1.3,1.2,4.9,15,7.3,100,88
3.03,3.6,72,5.9,6.9,3.7,2.1,4.1,14,4.3,96,83
4,4.1,99,7.1,7.5,3.2,1.2,3.6,15,3.5,100,100
2.87,2.3,77,6.1,5.8,3.1,2.1,3.1,14,4.5,75,78
4,4.2,92,8.3,2.5,0.4,0.5,8.1,3,6.6,100,100
3.87,2.9,98,7.2,5.7,2.3,0,2.7,12,2.4,100,100
3,2.2,80,5.9,4.1,0.6,2.2,1.6,9,1.7,77,90
4,4.4,100,8,6,1.9,1.1,0.7,20,3.1,100,100
4,5.7,100,7.2,9.4,4.2,0.1,4.8,6,2.5,100,100
3.78,4.6,97,8.1,7.1,4.6,1,6.3,2,5.9,92,91
3.7,4.9,100,5.6,6.3,3.1,0.5,1.3,16,3.5,100,95
3.54,2.7,84,7.4,3.4,1.9,2.5,2.4,13,5.9,100,95
3.2,1.1,82,7.9,9,5.2,0.2,2.3,13,3.5,95,83
4,5.7,100,6.5,5.1,1.9,0.4,2.8,14,5,100,100
4,6.6,100,5.5,3.9,1.1,1.4,0,12,5.5,100,100
4,5.8,100,7,6.1,3.8,1.5,4.6,10,2.2,100,93
4,3,76,8.5,6.1,3.5,1.1,5.4,13,4.2,90,91
3.27,1.8,80,8.4,5.3,2,0,0,7,3.3,88,81
3.38,1.9,79,6.5,4.8,3,0,6.5,19,4.4,96,85
2.53,1,72,5.5,6.1,3.5,1.7,6.2,9,4.3,80,76
3.86,3.3,95,6.5,6.1,3.1,0,0,6,5.4,100,99
4,5.9,100,6.4,4.7,3.5,2.1,0,14,3.9,100,98
3.87,3.3,88,7.5,3.7,2,0,2.7,8,3.1,100,97
3.95,4,93,6.9,5.8,3.6,0.8,5.6,18,6.5,100,86
4,5.6,100,6.1,7.7,2.8,0,3.6,2,2.2,100,97
3.79,2.9,95,8.3,4.1,2.1,0,3,4,3.4,100,100
4,6.6,100,7.2,5.3,2.4,0,4.1,10,3.1,100,100
4,6.5,100,7.5,4.5,2.7,1.1,1.4,13,5.5,100,90
3.47,3.3,88,4.9,2.7,0.6,0.5,5.6,8,4.4,100,90
3.14,2.6,87,4.1,3.1,1.8,0.6,2.8,11,8.5,89,91
3.9,4.5,100,5.3,6.7,2.9,0,0,21,3.2,100,94
3.81,3,85,6.4,2.2,0.8,2.6,1.4,8,6.9,100,99
3.14,1.8,90,7.7,6,1.9,1.4,3.7,4,4.5,73,100
3.79,5.4,95,4.2,10,6.4,1,2.4,11,4.6,100,93
4,5.3,100,8.9,4,1.1,2.3,2.2,6,1.2,100,100
4,3.7,91,7.2,6.3,2.2,1.5,3.4,15,6.7,100,92
3.37,1.6,70,8.6,8.2,1.5,0.4,3.7,14,5.4,81,89
3.06,1.7,69,5.9,6.2,2.6,1.9,0.5,11,3.9,87,88
3.7,3.7,83,7.6,3.3,1.6,3.6,5.4,14,3.4,98,85
3.68,2.8,77,7.1,7.2,2.4,1.1,2.7,7,4.8,100,97
4,3,100,8,4.9,1.7,2.1,3.8,17,4,100,92
4,5,96,6.7,9.9,4.4,2.9,3.2,9,4.2,100,100
4,4.6,87,7.6,5.3,2.9,1.6,2.2,20,0.5,100,100
4,5.6,100,8.3,5.8,1.3,2.7,4.8,10,2.5,100,94
3.08,2,81,6.2,7.1,4.1,1.1,3.2,10,3.7,100,80
3.58,3,94,7.3,7.6,1.4,0,3.1,11,1.5,92,99
3.57,4.6,94,4.7,3.2,0.5,0,0,15,3.7,100,80
3.88,4.2,100,7.8,9.4,2.8,2.2,4.6,19,5.5,99,100
4,5.8,99,9.3,9.2,5.7,3.7,2.7,14,6.1,100,100
4,4.1,100,5.5,4.1,0.1,0.5,4.5,23,2.8,97,100
4,6.3,100,6.9,5.8,0.8,3.5,6.3,8,4.9,100,100
3.48,4.3,98,8.1,6,3.9,0,4.6,11,5.5,100,81
4,5.1,94,7,6,1.8,0.9,3.1,6,2.7,100,94
3.69,3,94,7.2,6.3,3.7,1.4,2.4,9,3.3,100,93
3.95,3.5,90,6.5,4.7,1.5,2.1,8.1,9,5.3,100,88
4,4.9,100,6.5,6.1,3,2.2,4,5,3,100,96
4,5.9,100,6.9,9.1,5.4,1.4,3.4,17,0.4,100,100
4,4.6,98,7.1,4.6,1,4.7,2.6,15,7.3,100,90
3.5,3.4,100,5.6,6.6,4.3,1.9,1.2,10,0.7,100,92
3.82,5.6,100,6.9,6.9,3.8,0.6,0,14,5.8,100,93
3.23,0.5,75,8.9,1,0.6,3.8,6,10,4.2,72,92
2.62,1.4,84,6.5,7.8,3.6,1.8,1.4,11,3,90,72
3.86,4.5,100,5.5,7.9,2.9,3.2,2.6,15,4.8,100,100
3.71,3.5,76,6.8,6.1,2.9,0,2.8,12,4.5,91,91
3.44,4.4,85,6.1,4.4,3.3,1.7,5.9,12,4.7,97,100
3.35,3.6,85,5.4,6.2,2.3,1.1,1.5,2,9.1,100,99
3.72,4.4,100,7.2,5,2.9,0.8,3.5,16,8.1,100,90
3.73,2.3,78,6.1,6.4,3.2,1.7,4,19,5.3,100,91
4,4.4,100,6.3,7.7,3.9,3,0.2,17,8.8,100,99
4,5,100,7.2,4.2,0.5,1.3,0,9,7.5,100,88
4,5.3,86,5.2,9,4.7,3.3,1.6,17,6.5,100,91
4,6.5,100,4.9,4.3,1.1,0,3.5,14,6.3,100,100
4,3.9,98,7.8,7.1,3.9,1.9,3.2,8,3.5,100,94
3.46,3.9,84,4.7,6.8,2.9,2.2,2.8,10,1.9,87,90
3.27,1.2,73,5.8,3.8,0.9,0,4.3,12,3.6,77,87
3.22,2.7,73,4.8,5.8,3.6,2.1,1.3,1,0,91,85
3.33,3.2,87,6.4,4.9,1.4,1.2,2.7,13,2.3,99,94
4,5.1,100,7.5,6,4.4,2,2.8,6,3.4,100,100
3.52,2.6,82,7.1,4.6,1.7,3,1.3,7,3.9,88,85
4,4.7,100,9.9,1.9,0.6,1.8,7.6,13,3,100,100
3.89,3.5,93,8.3,7.4,5.1,1.1,0,10,1.5,100,100
3.89,3.2,88,5.9,5.5,3.1,0,5.5,7,6,100,100
3.19,3.9,77,5.6,5.9,4.1,1.4,4.6,13,3.7,92,98
3.94,2.9,100,10,5.8,1.5,3.4,4.6,8,6.8,100,100
3.85,2.9,88,8.3,4.2,0,0,3.2,8,4.5,100,100
3.06,0.9,66,7.7,9.9,5.3,3,5.7,18,4.1,93,75
3.49,3.1,87,7.1,5.6,2.8,2.3,2.1,13,4.1,99,89
3.29,2.8,87,7.3,6,3.5,1.4,3.8,14,0,97,91
3.31,2.7,82,5.2,7.8,3.8,2.3,3.1,20,1.6,100,91
3.44,4.1,100,7.2,5.5,2.3,3,2.5,11,4.6,100,88
3.98,4.5,97,7.1,6.2,3.1,0.9,3.2,9,2.5,100,96
3.9,3.8,78,5.9,5.1,5.2,1.6,1.1,9,4.5,95,100
4,5,100,6.4,6.7,2.8,1.5,1.7,21,5,100,100
3.89,4.4,97,8.8,7.9,4.2,3.5,6.2,12,2.6,100,95
3.92,3.1,94,6.8,3,0,1.5,8.8,7,5.2,100,96
3.51,2.8,82,9.5,8.5,4.5,1.7,4,13,6.1,98,96
3.47,4,90,4.9,4.2,0.5,2.7,4.7,9,6.3,100,92
3.68,4.4,100,6.4,6.5,4.3,2.2,3.5,10,2.6,100,84
3.88,5.6,92,5.1,6.1,3.4,1.8,3.9,20,6.8,100,96
4,5.3,93,5.5,4.5,2.7,0,4.1,13,1.8,100,94
3.82,2.7,82,6,7.5,2.7,0.9,5.1,6,1.1,92,93
3.76,3.3,96,7.4,6.6,2.4,2,6.1,10,4.1,95,100
4,4.5,95,7.3,3.6,1.6,1.7,1.2,3,0.6,100,100
4,5.1,90,6.2,6.2,2.5,1.3,8.7,8,4.3,100,94
3.1,4.9,81,4.3,9.4,6.1,2.4,3.3,17,2.5,99,87
3.63,3.4,88,8.8,7,4.8,4.3,3.3,8,4.5,100,87
3.2,1.6,74,6.7,4.6,1.5,1.6,2.2,25,3.4,86,94
3.11,2,97,5.7,7.2,3.2,2.4,2.2,1,3.1,83,88
3.62,3.9,100,7.3,7,2.9,1.2,4.2,10,1.6,100,100
4,4,100,7.2,8.4,2.6,0,4.3,13,5.2,97,100
3.48,1.9,87,6.6,4.4,1.3,1.1,4.1,12,3.4,91,100
3.48,3.6,96,7.2,6.2,3.5,1.8,2.1,15,6.3,92,98
3.84,4.4,100,5.6,7.8,4.1,1.4,0,11,5,99,100
3.3,1.8,86,7.9,4.3,1.5,1.6,0,18,4.7,100,95
3.52,5.2,90,5.8,8,5.7,0,3,6,4.8,100,96
3.06,2.9,100,6.3,7,5.1,0.9,3.7,11,2.3,99,84
4,5.4,100,7.8,2.5,3.6,0,2.2,6,2.5,100,87
3.77,2.7,100,8.4,4.9,1,1.9,1.6,10,6.3,100,100
3.47,2,99,8.9,4.4,3.4,1.5,3.6,11,5.1,94,95
3.68,2.8,76,8.3,5.1,3.2,1.3,2.8,15,3.9,83,85
3.83,3.4,83,6.6,7,3.6,0,2,7,6.2,92,95
2.95,2.9,79,5.2,7.8,5.2,1.3,0,11,5.5,87,87
3.99,3.2,99,8.7,8.1,2.5,3.4,1.3,12,4.2,100,93
4,4,100,8.6,7.1,5.9,0.8,4.9,13,4.8,97,93
3.5,3.2,87,6.2,9.1,3.4,1.6,1.1,6,3.4,80,94
3.94,3.4,100,8.1,7.1,2.4,1.7,4.3,13,4.9,100,97
3.16,0.9,72,6.6,10.5,6.4,0,5.8,18,1.9,87,85
3.7,4.1,100,8.8,8.7,4,0,1.4,18,7.1,100,94
3.64,3.4,90,6.4,5.6,2.1,0,2.1,11,4.6,100,84
4,5.9,100,9.4,3.9,2.9,2,5,15,8.6,100,97
3.53,2.1,85,7.9,7.4,3.8,3.1,5.5,11,2,100,82
3.46,0.8,87,9.2,3.8,2.6,3.8,1.7,17,2,87,98
2.79,4.4,87,6.4,5.4,3,1.3,0,15,3.8,92,76
4,4,100,7.5,4.5,1.6,2.9,5.5,6,0,100,94
3.31,2,72,5.8,2.2,0.3,1,4.2,11,5.4,79,78
3.48,1.2,72,8,7.1,3,0,3.8,9,4.7,95,92
4,5.8,100,8.1,5.7,3,0.4,4.8,12,5.3,100,100
4,5.6,100,9.9,7.1,3.6,0.9,0.6,6,2.7,100,100
3.09,0.5,75,7.6,4.9,1.9,1.5,3.8,11,3.5,75,83
3.75,2.8,86,7.9,4,0.8,1.4,2.4,11,3.9,91,96
4,6,100,6.4,3.3,1.4,2.3,4.2,11,6.7,100,100
2.74,2.8,86,7.6,6,4.4,1.2,4.6,13,5.9,83,81
3.45,2.8,89,6.5,4.6,1.8,2.7,5,4,5.1,100,88
4,3.1,100,7.1,3.9,2.1,0.7,4.2,16,4,100,94
3.69,1.8,86,7.2,7,2.3,1,3.5,16,2,96,93
3.02,0.9,80,6.6,3.2,1.9,3.6,3.6,19,6.2,77,92
4,5.1,100,7.1,7.6,1.8,0,3.7,12,1.6,100,93
3.08,0.7,85,6.5,4.9,1.5,4.7,1.8,13,4,87,89
3.1,3.9,83,6.5,8,4.9,2.2,2.3,17,0.9,100,81
4,4.8,100,8.3,6.2,3.8,5.5,3.8,8,4.2,100,91
3.13,1.3,78,7.2,8.5,4.7,3.3,4.3,14,3.5,80,85
3.25,2.1,90,7.4,7.8,5,1.2,1.7,8,2.8,93,83
4,5.3,97,5.3,3.4,0,0,0.8,15,2.5,100,100
3.98,4.3,93,7.5,7.3,3.3,3.5,0,14,5.9,100,97
3.8,2.6,88,7.6,5.7,1.9,0,0.5,8,0.3,98,91
4,5.3,100,6.5,9,4.5,2.1,1.9,15,2.7,100,95
4,5.3,100,9.5,5.3,1.7,0.3,2.1,10,1.6,100,99
3.51,3.9,93,4.3,3.1,1.2,2.8,2.4,11,0,100,96
3.32,2.1,84,7.9,1.1,0.6,0,0.6,16,3.6,89,68
3.63,2.9,98,7.9,5.6,2.3,2.5,0,17,3.6,100,88
3.51,3.9,100,7.6,7.5,4.2,2.1,3.3,14,3.2,100,94
3.15,3.2,86,7.2,8.5,3.2,1.8,3.3,12,1.4,100,83
4,4.9,99,7.7,3.9,1,2,4.2,16,4.6,100,100
2.82,1.2,79,8,9.4,6,1.8,4.6,10,5.5,75,69
2.64,1.3,78,6.1,7.7,3.8,0.5,3.8,16,7,89,81
3.42,3.8,88,7.4,7.6,4,0,3.2,9,4.8,100,85
3.42,2.8,89,6.8,8.7,4.7,1.3,4.8,11,5.1,90,89
3.56,2.6,94,5.7,2.3,0.3,4.1,5.8,7,3.2,98,89
3.1,0.8,88,7.9,3.2,1.4,2.2,1.6,12,5.1,83,100
3.48,3.5,96,6.3,6.7,4,0.6,4.5,20,4.7,100,95
3.72,3.4,88,5.2,2,1.6,2.4,1.8,20,3.2,100,94
3.71,4.5,93,6.4,5.4,2.4,1.1,3.4,20,2.3,100,100
3.44,3.6,100,6,4.9,2.7,0.4,5.1,9,3.9,100,100
3.93,3.3,94,8.2,4.3,0.9,3.1,2.5,26,6,100,100
3.97,5.3,92,7.2,5,2.3,2.4,1.1,18,4,100,97
3.11,1.5,70,8.7,6,4.2,1.5,2.1,17,4.9,84,95
3.18,4.3,78,6.2,8.5,3.9,3.4,1.1,13,5.2,100,87
3.15,1,84,8,7.6,4.5,2.1,0.9,4,2.7,92,88
3.64,2.2,100,10,8.3,4.3,1.8,5.4,9,4.7,100,94
3.35,1.7,82,7.4,6.6,3.4,0,4.1,10,2.9,100,100
3.58,4.7,89,8,6.9,3.3,3.2,1.6,11,2,100,91
3.34,3.4,100,7.8,4.6,3.2,0,1,10,3.8,100,96
3.68,3.5,95,5.3,6.4,1.9,1.7,1.2,12,0.3,96,100
3.27,1.8,95,7.7,5.4,1.3,1.9,1.6,14,6.5,90,100
3.75,3.1,98,7.4,4.8,1.8,0.8,5.3,12,2.5,97,100
3.7,2.4,75,6.7,5.6,2.3,0.1,2.8,11,3.2,86,96
3.98,4.1,100,5.9,6,1.8,1.7,7.3,11,2.9,100,100
2.82,2,70,7.8,6,3.4,2.3,2.9,19,3.3,95,72
4,5.5,98,5.8,4.2,3.1,0.6,1.8,10,1.9,100,98
3.3,1,88,9.6,5.9,3.3,0.8,4.9,16,2.9,89,99
3.41,2.3,92,7.1,6.5,3.3,0,0,12,7.4,92,94
4,6,96,5.5,7.6,4.6,0,3.4,3,3.2,100,100
3.51,2.8,78,6.4,7.4,2.8,1.3,0.6,24,3.2,97,91
2.54,1.5,76,6.7,6.1,4.3,0.5,0,18,1.6,79,87
4,3.8,100,9.9,5.6,3.6,2.4,2.8,23,3.2,100,96
3.12,2.8,87,5.9,6.2,4.5,2.4,4.7,16,3.9,81,85
3.29,2.2,98,6.9,8.7,5.2,2.3,3.4,12,3.3,80,89
2.73,1.9,77,6.4,4.9,3.7,0.6,3.2,15,9.4,79,90
4,7.7,100,7.6,6.9,3,2.7,0,10,1.9,100,95
3.37,3.1,86,6.4,4.8,2.9,0.3,2.7,8,2.1,100,86
2.58,0.6,65,5.6,4.2,2.1,2.6,2.7,22,4.6,75,78
4,5.7,100,6.8,7.1,2,2.1,4.2,11,4.9,100,97
4,4.4,98,6.6,8.7,4.2,2.4,0.9,13,1.9,100,100
3.52,2.4,97,6.3,4.5,1.4,0,4.7,14,0.5,100,89
3.37,2.1,74,6.4,6.6,5.2,3.1,2,11,4.9,84,87
4,4.5,100,8.4,8,2.6,1.7,2.4,17,3.2,100,90
3.3,3.1,95,6.6,9.9,7.1,1.5,4.1,12,3.1,100,92
2.9,0.6,79,5.6,5.1,1.8,0.3,0.6,30,5,78,83
4,6.2,100,6.4,7.3,3.2,0.7,4.6,2,5.2,100,100
3.79,2.8,84,7.1,2.9,2.3,1.2,0.3,9,4.5,100,97
3.99,5.7,100,5.4,3.8,1.6,1.2,4.3,17,2.3,100,100
4,5.4,98,9,7.3,4.4,3.7,2.5,4,4.3,100,99
3.44,2,93,8,4.3,1.1,1.4,2.7,13,1.4,100,88
4,5,98,8.7,3.2,1.8,1.1,0,10,5.9,100,100
2.9,2.5,77,7.5,7.1,3.7,1.2,1.8,11,4.7,82,79
2.59,0.7,66,4.5,6.9,3.9,2,2.6,18,7.9,68,80
4,2.9,100,8.8,5.7,0.7,1.8,6.1,13,4.9,100,83
3.79,4.1,100,6,7.9,3.7,0.1,2.9,8,1.9,100,99
3.43,2.8,86,6.1,5.7,3,3.9,1.7,17,5.7,91,90
3.87,3,89,7.2,4.2,1.4,1.2,4.7,13,7.2,97,86
4,5.2,100,8.7,5.8,1.6,0,2,5,4,100,98
4,3.7,100,8.3,3.3,0,0.7,5.1,9,4.8,100,100
3.15,2.2,86,8.1,6.8,5.4,1.4,3.5,12,3,88,78
4,4.6,98,6.6,9.8,4.3,3.7,1.2,16,6.1,100,100
4,3.8,100,6.6,2.7,0.9,1.2,4.9,11,4.1,100,100
3.08,0.5,83,7.4,10,4,0.4,4.2,17,8.5,78,89
4,4.1,100,6.8,5.4,1.9,1.1,4.8,12,5,100,100
3.68,4.1,85,8.1,6.4,4.2,1.3,2.6,9,7.4,100,95
3.97,3.5,100,8,2.3,2.1,1.3,4.2,12,5.1,100,93
4,4.8,100,7.7,6.2,2.3,0,6.8,16,2.8,100,91
3.2,2.5,74,4,3.5,2.4,0.2,3.3,11,3.1,100,86
3.76,4,100,7.2,5.2,1.8,2.6,2.2,6,3.9,100,93
2.83,1.1,96,6.9,10.2,4.9,2,6.1,13,4.3,80,84
4,4.1,99,7.2,5.7,4.1,1.9,4.3,7,6.3,100,100
4,6.4,100,6.1,6.9,3,0.7,2.1,19,5.6,100,100
3.21,2,75,5.4,6.3,4.3,0,6.5,18,2.2,94,96
3.56,2.4,92,7.6,4.8,0.4,1.6,0.6,11,7.5,97,93
3.12,2.4,75,6.6,4.1,1,2,4.1,14,6.4,93,78
3.46,3.7,81,7.7,6.5,3.5,3.9,5.3,12,3,96,88
3.18,1.9,80,6.2,8.3,3.9,0.4,5.1,20,6.5,86,85
4,4.1,99,8.7,7,3.2,2.3,1.2,4,4.1,100,100
4,4.8,100,8.2,2,0,2.2,0.5,13,1.6,100,96
4,4.3,100,7.4,6.3,1.2,0,3.5,7,6.1,100,100
2.82,0.8,73,6.7,4.6,3.4,1.9,4.4,14,0.9,87,85
3.71,5,100,8,9.7,6.4,0.4,0.8,3,2.1,100,100
3.7,4.9,82,7.5,6.6,4.6,2.2,3.6,14,2,100,86
3.45,4.7,90,7.3,6.4,5.2,2.5,0.1,22,5.1,100,85
3.88,4.1,95,8.3,4.9,3.3,0.6,5.1,9,3.9,100,100
3.79,3.8,96,8.7,6.2,3.3,2,1.9,4,3.4,100,96
4,5,92,5.5,4.6,1.2,3.9,2.7,15,5.5,100,95
4,6.4,100,5.7,8.5,4.2,1.9,4.7,10,0.8,100,100
3.69,2.1,87,6.1,7.5,2.7,1.1,4.5,17,1.9,98,92
3.87,5.1,100,5.2,7.1,3.8,1.8,3.9,17,4.2,100,97
3.37,3.4,70,6.9,5.3,2.8,0.8,5.1,17,3.6,100,92
3.8,3.3,90,7.7,7.4,3.2,0.4,3.8,12,4.7,100,100
2.58,1.2,76,7,5,2.7,2.8,5.9,21,3.4,89,89
3.48,3.1,81,6.4,4.2,3.1,1.3,0,16,2.4,100,98
2.81,2,81,8.4,8.4,4.3,2.3,2.9,8,0.2,82,83
3.81,2.8,95,7.2,5.5,0.9,0.9,2.8,9,2.7,85,98
3.92,1.9,93,7.4,2.6,0.6,2.7,2.6,19,3.9,90,99
3.89,2.8,90,8.4,8.8,3.4,2.2,4,15,2,100,90
3.7,2.9,89,6.9,8.7,5,3.8,3.4,8,3.1,100,95
3.78,3.6,94,9.5,8.8,5.3,1.8,4.6,10,2.6,100,93
3.07,1.1,60,6.5,3.4,1,1.5,0.6,12,2.8,88,76
3.54,1.3,82,9.4,6.4,2.2,1,7.6,16,2.9,90,94
3.94,4,89,5.8,1.8,0.6,1.9,2.2,11,0.3,90,95
3.25,2.3,88,7.6,4.6,2,1.5,3.6,19,5.3,99,84
3.86,5.1,97,6.2,6.6,4.5,2.1,2.6,14,0.4,100,98
3.94,3.8,96,8.3,4.2,2.8,0.4,3.2,19,4.2,100,84
3.89,4.4,92,6.4,6.2,2.2,1.9,1.9,6,2.9,98,100
4,5.6,100,7.3,7,3.6,1.5,3.4,20,4.2,100,95
4,3,93,6.2,5.6,1.6,1.9,4.2,18,3,100,100
3.3,2.6,77,8.1,7.9,5.2,0,0,12,3.5,100,97
4,4.8,95,6.2,7,2.8,1,2.3,9,3.7,100,99
3.79,4.3,90,9,5.3,2.2,3.3,2.3,19,3.9,100,90
3.32,3.2,89,5.8,6.1,3.7,0.7,7.6,10,3.7,100,99
3.81,5.6,91,5.4,6.4,4.2,1.2,4.7,12,5.5,100,97
4,3.2,88,8.1,5.8,5.2,0.9,6,15,5.8,100,100
3.89,3.5,98,6.3,6.9,2.5,0,4.1,6,5.5,99,100
4,3.5,100,7,8.7,4.4,0.5,3.2,11,1.5,96,100
3.01,2.1,79,6.6,9.5,3,0.8,3.7,7,5.1,93,88
4,3.6,97,5.4,4.5,1.9,2.3,5.2,4,7,98,100
4,5.6,100,6.9,3.8,1.6,1.2,6.5,22,5.6,100,100
4,4.2,89,8.5,2.2,1.2,2.6,3.6,9,3.8,97,100
3.46,3.5,86,8.2,5.9,1.7,1.7,1.8,15,4.3,100,96
3.26,3.3,95,7.3,8.4,4.5,0.5,4.8,22,2.3,92,90
3.76,4,100,8.3,8.8,3.9,0,1.3,9,5.8,100,95
4,4.6,85,5.7,2.8,0.9,3.8,3.8,6,6.1,100,98
4,4.4,100,6.6,4.1,0.2,2.2,4.4,21,2.1,100,100
3.82,3,96,7.5,3.5,1.1,0.6,2.8,7,3.9,93,79
3.67,4,92,6.8,6.2,1.6,3.2,1.2,10,2.9,100,100
4,4.2,92,6.7,5.9,2.3,1.6,2.1,9,1.1,100,95
3.05,2,68,5.6,5.7,4.6,1.3,2.4,13,4.7,93,82
3.16,3.8,76,4.5,4.8,2,4.2,0.9,3,6.6,90,80
2.16,0.5,60,8,6,5.3,2.2,2.2,15,5.2,75,65
4,4.2,100,7.3,1.9,0.3,3.4,0.1,14,1.9,100,100
3.86,4.5,100,8.1,4,2.3,3.4,4.2,16,6.1,100,84
3.95,4.6,100,6.5,6.2,4,1,3.7,16,1.3,100,100
3.28,2.9,68,6.1,6.8,4.1,0.6,3.5,14,1.5,87,87
3.78,4,100,7,5.5,2.3,2.8,2.2,10,4.7,100,100
4,5.6,100,8,7.4,4.3,2.6,2.5,12,1.4,100,100
3.95,5.6,84,6.7,7,4,1.8,1.3,9,3.6,100,100
3.54,3.5,93,8,5.2,1.8,2.1,4,13,4.5,91,96
3.45,3.7,94,5.8,4.8,3.3,1.1,0.3,8,2.6,100,94
4,5.2,100,6.8,7,3.9,0.8,3.2,13,7.8,100,100
2.78,1.2,67,6.9,6.6,1.9,0.6,1.7,10,6,85,82
3.78,3,98,8.5,8.1,5.3,3.3,6.5,8,4.6,100,86
4,5.5,100,7.2,5.1,1.5,4.7,4.1,17,3.4,100,100
4,5,99,9.1,6.5,3,1.1,3,16,2.7,100,92
4,4.1,100,5.4,4.9,0.9,2.1,0.8,12,3,100,91
3.57,1.2,95,7.2,6.3,3,1.6,0.3,3,4.4,93,96
3.92,3.4,93,7.2,5.2,1.2,2.2,4,8,3.1,90,100
3.63,2.6,85,7.7,6,2.4,0.7,6.6,12,1.9,100,87
3.97,4,92,6,4.2,0.4,1.5,3.8,14,7.7,100,93
3.89,2.3,100,9,7.5,4,0.3,3.4,14,0,100,100
3.41,2,76,7,5.1,3.3,1.4,3.4,13,2.8,93,92
2.11,0.5,58,5.7,6,4.4,1.9,3.2,12,2.8,56,65
4,5.3,100,7,4.9,2.3,3.8,3.4,11,3.9,100,98
3.69,2.9,80,6.6,9.4,4.5,0.8,1.6,9,4.5,100,97
4,3.7,95,10,5.7,2.9,2.1,1.1,20,2.9,100,89
3.93,3.5,89,8.3,6.4,3,4.1,3.2,17,5.8,100,91
2.74,1.9,70,7.1,6.6,6,1.5,6,15,3.7,79,83
3.58,1.6,82,6.9,5.3,2.1,0,4.6,6,3.4,88,87
3.54,2,92,8.1,7.7,4.6,0,0.5,6,4.2,78,100
3.42,2.4,78,8.2,3.3,3.5,1.8,2.5,12,4.4,97,80
3.59,4,81,3.5,5.2,1.9,1.1,4.5,9,2.5,100,88
3.73,2.3,93,7.8,1.8,0.8,0.8,6,6,3,100,96
4,6.1,100,7,3.4,1.3,4.3,6.6,13,4.2,100,100
3.59,5,100,5.4,8.7,4.5,1.9,2.6,3,3,100,97
4,4.7,100,8.1,8.6,5.4,2.1,4.6,12,6.4,100,92
4,3.3,84,9.7,5.4,2.9,2.3,3.5,15,3.1,95,89
4,5.8,94,7.7,5.4,3,0.8,2.8,14,5.7,100,84
3.53,3.2,96,8.3,6.5,4,2.1,3.1,3,4.3,89,100
4,3.5,100,9.2,6.1,2.9,0.4,3.1,3,4.5,100,100
4,3.8,100,6,6,4.4,1.5,5.4,11,6.6,100,100
3.94,4.6,99,4.8,7.5,3.2,1,0.2,9,5.1,100,100
3.59,4.5,97,7.8,4.6,3,0,3.9,6,0,100,100
3.62,2.8,98,6.7,2.7,1.8,1.2,6.1,1,5.7,95,100
3.06,2.7,79,5.4,5.6,1.4,1.2,5.9,8,4.2,94,91
4,4.5,100,6.9,2.5,0,0.6,4.1,11,2.8,100,100
3.97,4.6,100,7.9,7.8,4.7,1.5,1.5,11,0.8,100,100
3.66,2.9,83,6.8,6.4,2.6,0,4.6,6,2.6,94,94
2.98,1.1,68,6.1,4.3,2.2,0,5.6,7,4.4,89,78
3.69,3.2,97,6.7,3.2,0,0,2,10,4.7,98,83
4,4.4,100,7,5.6,1.8,1.3,3.7,8,5.3,100,94
3.94,6.2,100,4.7,6.6,1.6,2.1,2.6,14,3.4,100,100
2.68,1.7,72,6.8,4,1.6,1.8,1.8,15,3,81,78
3.47,2.9,83,5.4,5.7,3.3,3,2.4,14,2.4,85,89
3.98,2.9,97,7.8,6.7,3,2.1,3.3,7,5,100,100
4,5.5,100,5.1,4.1,0.8,1,1.2,14,4.9,100,87
4,3.4,100,8.2,3.7,0.9,0.7,0.8,14,3.1,97,100
3.25,2.1,95,6.5,5.8,0.9,3.2,1.2,19,3.4,74,97
3.51,4.3,97,6.3,6.5,5.5,4.4,3.7,22,2.5,97,94
3.14,2.9,75,7.4,6.3,5,1.8,0.1,18,4.9,96,86
2.85,1.7,83,6,2.5,1.5,2.4,0,10,3.1,91,84
4,2.2,100,7.3,4.4,0,0,5.7,8,3.3,96,100
4,6.1,100,6.1,6.6,3,0,1,11,0,100,95
3.66,4.1,100,6.3,4.3,2.9,3.3,2.6,9,4.1,100,94
3.35,3.7,100,7.5,6.2,3.3,0,4.8,22,5.1,99,100
3.08,3.1,76,5.6,6.9,3.9,2.5,0.1,17,3.7,85,83
3.84,3.9,100,5.5,3.8,3.5,4,0.1,15,5.1,100,100
3.76,3.9,100,7.3,4.3,1.1,3.6,1.7,16,7.2,97,98
3.78,3.9,93,7,4.8,3.2,1.2,4.9,19,5.9,100,94
3.66,3.7,100,7.2,7.9,4.1,1,3,15,1.2,100,100
4,4.8,100,7.4,3.3,1.7,1.8,3,11,3.4,100,100
3.46,3.5,92,7.1,6.5,3.2,0.1,2.4,16,5.5,94,96
2.97,2,78,7.7,6.6,2,1.4,4.1,16,3,86,96
3.47,2.6,73,7.1,10,5.8,2.9,5.9,6,5,95,69
2.7,0.5,72,4.6,4.4,0.8,4.4,9,24,1.9,92,82
4,6.5,100,4.9,7.4,4.5,3,2.7,9,2.9,100,100
4,4.8,100,9.3,1.5,0.3,3,6.1,20,1.3,96,91
3.39,2.3,82,7,8,5.5,3.4,5,11,3.8,100,79
4,3.1,100,8.1,3.8,1.1,0,3.5,18,5.9,90,88
3.33,2.5,87,6.6,5.7,3.1,1.6,0,12,2.9,100,100
4,5.8,100,6.9,1.6,0.4,0,2.2,5,2.7,100,85
3.3,1.4,84,6.5,4.3,0.8,0.1,2.3,17,7.8,82,77
4,3.7,99,10,5.7,4.1,1.3,3.7,19,5.9,100,99
3.38,3.3,92,7.3,9.2,4.3,3.5,2.6,12,5.1,100,100
4,4.7,100,6.4,6.4,3.2,1.1,1.9,16,4.8,100,100
3.15,3.3,81,5,8.1,3.9,0.8,7.1,9,7.2,100,87
3.59,0.9,66,9.4,8.6,4.4,1.3,5.6,12,8.3,100,95
3.94,3.1,94,6.8,7.3,1.8,1.4,0,18,4.5,100,100
3.56,2,90,7.9,3.9,0.7,0,2.4,14,6.2,100,93
4,3.6,99,8,5.3,2.8,3.1,4.3,15,7.6,100,91
4,5.7,100,6.4,4.5,1.9,1.3,5.7,17,4,99,100
3.11,0.9,75,7.8,8.2,3.4,0.4,2.2,20,3.9,78,90
3.31,2.3,80,6.3,5,3.6,2.7,2.6,18,2.5,95,90
3.48,2.7,91,5.8,3.7,1.8,0.2,3.2,14,0.5,93,93
3.68,2.9,81,8.4,7.2,3.9,2.4,4.3,12,2.4,100,100
3.65,4.6,99,6.8,6.6,3.8,1.5,0,13,5.1,100,100
3.82,3.2,89,7.6,8.1,3.9,0,0,6,4.5,99,80
3.93,4.1,100,7.5,3.6,2.2,2.2,5.5,13,4.8,100,84
3.52,2.6,82,7.8,6.9,4,0,1,6,5.8,100,97
3.77,3.8,90,5.1,6.4,3.6,1.3,7.2,10,4.9,91,100
4,4.7,97,6.3,5.5,3.8,0,1.3,16,5.5,100,90
3.31,2.4,60,6.6,9.4,5.3,2.5,2.6,10,5.7,100,82
3.63,4.7,94,6,6.2,3.3,0.4,3.7,19,0.8,100,100
4,3.6,96,7.5,4.7,1.9,1.5,0,12,3.1,100,97
4,5.1,100,8.4,3.1,1.1,2.6,8.7,18,2.5,100,100
3.35,3.2,90,8.6,7.1,4.5,0,2.2,11,2.9,94,72
3.45,4.1,100,6.6,5.1,3.3,0.3,1.3,11,6.4,100,97
3.01,3.4,96,7.4,9.3,5.3,0,0.7,18,2.4,97,92
3.36,3.4,84,7.5,4.2,0,0.1,3.7,11,5.3,100,93
3.55,3.9,100,7.7,9.2,4.2,3,3.6,14,2.9,100,99
3.33,4.3,100,5.9,5.9,2.4,1.6,0.7,10,3.8,100,99
3.4,1.6,84,9.2,4.9,2.3,1,0.3,1,6.4,87,95
4,5.7,94,8.1,4.1,1.7,0.1,5.1,9,7.4,100,100
3.28,0.7,79,8.1,7.7,4.1,0.9,1.7,19,3.7,83,82
3.89,2.5,83,8.4,6.9,3.7,1,0,14,4.2,99,85
3.86,3.4,98,7.6,3.9,1.1,0.4,2.7,16,6,100,100
3.18,4.1,87,5.8,5.7,3,2,2.2,17,3.9,100,88
4,5.9,100,6.8,8.3,3.9,0.3,6.9,16,2.8,100,94
2.65,0.7,76,5,5.6,3.1,0,2,20,3.4,78,74
4,2.7,98,7.5,9.1,4.5,0,2.4,10,4.5,100,99
2.4,0.5,69,6.8,5.6,2.4,0.9,3.4,19,3.2,75,78
4,3.5,100,7,2.6,0,3.3,1.9,15,1.6,100,100
4,3.9,94,8.4,5.2,3.1,3.4,3.9,14,1.8,100,92
4,5.9,100,6.5,5.9,3.1,0,1,2,4.6,100,99
3.2,3.7,81,6.7,6.9,3.3,0.3,2.5,14,2.5,100,82
4,5.1,100,7,7,4.5,0,3.8,17,5.2,100,100
3.72,4.4,99,4.8,4,0,1.2,5.3,13,5.7,100,100
3.17,2.8,87,6.7,4.9,2.4,0.6,1.8,18,1.5,100,100
3.04,1.4,72,4,4.3,1.4,1.8,1.8,18,5.6,92,75
3.99,3.9,90,6.3,2.5,1,0.3,6.1,11,5.5,100,98
3.15,1.3,85,8,6.4,2.7,2.7,1.9,13,0.6,96,76
3.89,5.4,100,7.5,6.6,3.9,2,2.9,11,2.9,100,87
3.37,3.3,96,6.3,8.2,3.3,1.2,6.4,10,2.1,100,91
4,5.3,100,7,5.6,1.8,0.4,3.1,12,5.8,100,94
3.33,2.8,88,5.7,5.7,2.6,4.4,2.5,13,8,96,88
4,3.9,100,7,8.7,4.2,1.5,2.7,2,5.4,100,92
3.55,3.8,93,10,7.3,3.8,1.1,1.5,12,7.3,93,89
4,3.4,94,9.2,6.2,2,1.8,3.9,14,6.3,100,100
3.78,2.9,87,7.1,3.9,1.9,0,1.2,13,5.3,100,94
3.98,4.1,94,7.2,3.8,0.2,0.6,4.6,12,1.8,96,100
3.69,2.1,95,5.8,5.8,2.2,2.4,3,7,5.6,100,97
2.6,1.7,65,6,1.3,0.2,2.6,3.5,5,5.7,78,72
3.49,5.4,91,7.4,10.7,5.9,2.2,6.5,9,7,100,99
3.79,4.6,100,6.4,3.1,1.5,0,0.1,3,3.8,100,100
3.55,3.6,87,8.1,5.9,4.5,1.3,3,12,3.7,100,99
4,6,100,8.9,5.1,5.5,0.4,4.3,8,3.7,100,95
3.56,3.1,90,7.4,6.7,3.1,2.1,1.8,13,2.3,96,96
4,5.5,100,7.1,3.6,2.6,1.7,4.9,9,2.8,100,96
3.57,3.8,96,5,3.2,0.8,2.5,1.9,2,1.1,100,91
4,2,83,7.9,6,2,1,3.6,7,4.7,100,95
3.98,6.3,100,5.6,8.4,5.2,1.6,2.8,13,3.4,100,100
3.52,5,100,6.5,5.6,3.3,3.4,3.3,16,0.5,97,100
4,3.3,100,8.2,3.9,2.8,3.5,3.1,11,6.3,100,100
3.63,4.6,94,8.2,7.7,4.8,2.8,2.9,13,2,86,93
3.19,2.9,90,6.4,7.8,3.8,0,2.1,11,6.5,97,100
4,4.7,100,6.5,6.4,2.6,0.9,1.7,11,7,100,93
2.71,0.5,59,6.2,8.2,3.1,3.2,3.6,8,0.9,77,88
3.1,2,73,5.6,3.8,1.6,1.4,3.1,12,0.3,98,93
4,5,100,6.2,3.4,2,0.6,1.6,9,2,100,97
3.25,3.1,81,5.1,5.9,2.5,1.7,3.7,19,4.6,100,92
4,3.8,95,7.8,6.9,3.6,0.7,2.1,9,1.7,100,100
3.56,1.5,82,7.5,3.9,0.9,1.7,6.1,13,3.4,96,85
4,6.3,100,7.7,5,2.9,1.7,8,7,1.9,100,100
4,5.3,100,5.9,2,2.2,0.7,5.8,11,1.8,100,100
3.66,3.2,92,5.6,3.2,1.4,1.8,5.7,7,2.3,100,96
3.31,2.9,84,7.1,5.9,2.2,0.9,4.6,9,3.6,88,81
3.87,5,100,7.1,3.3,0,0.8,2.6,17,7.5,100,86
4,6.5,100,6.8,5.9,1.7,1.9,0,12,4.1,100,93
4,4.9,100,6.7,4.6,1.2,2.3,0.9,16,3,100,100
4,6.8,100,9.1,6.3,2.4,1.6,1.6,11,2,100,98
3.78,2.1,97,7.5,3.9,0,0.1,5.4,16,3.3,100,92
4,2.3,98,9.4,6.1,3.1,0.3,3.5,16,5.6,99,100
3.75,1.7,77,8.5,7.2,4.2,3.2,1.7,16,5.1,86,77
4,4.2,100,9,2.1,2.6,1.2,0,17,2.4,100,100
3.67,3.8,82,5.7,5.7,3.5,0.6,7.6,14,2.5,100,94
3.86,3.3,90,7.7,4.3,2,4.1,4.1,10,3.9,100,100
4,4.7,100,6.5,3.4,0.5,3.2,4.8,5,5.3,100,99
3.98,5.3,100,5,4.7,2.8,2.9,1.9,8,5.6,100,97
2.71,1.2,80,8.8,7.9,3.8,1.5,2.7,14,2.9,83,77
3.56,2.6,88,6.6,2.7,0.8,1.2,2.3,18,1.6,94,100
3.79,4.7,100,5.7,6.4,2.1,1.2,3.1,14,5.7,100,99
3.47,2.8,92,6.5,4.2,2.4,1.1,6.7,10,6.5,93,93
3.09,2.3,86,6,9.4,7.1,2.1,0.6,10,2.4,100,86
3.3,5,96,6.2,5.3,3.1,2.6,2.9,12,0,100,100
2.83,1.6,77,6.7,2.4,0,0,3.7,15,2,96,85
4,3,93,9.1,4.4,0,0.3,2.8,12,3,95,95
3.83,4,98,6.2,6.5,3.9,0.7,5,10,5.9,100,100
3.37,2.6,96,9,9.1,6.5,0,0,8,5.2,81,85
4,4.7,100,8,4.5,2.4,1.8,6.8,8,1.8,100,100
3.7,2.6,96,7.5,5,2.3,0,0.3,9,8.9,100,94
4,5.6,100,7.9,6.7,3.4,3,0.7,12,6.6,100,100
3.86,3.3,84,7,4.3,1.6,1.3,2.1,8,2.1,100,94
3.61,4.5,100,8.5,2.8,0,1.6,1.7,9,2,100,100
4,4.6,100,7.7,8.6,4.4,2.5,3.8,15,6.5,100,94
3.42,2.6,89,5,5.2,1.9,1.9,3.6,15,0.5,92,93
2.45,0.5,76,7.4,6,4.4,1.6,3.2,20,2,65,73
3.41,4,87,7.9,4.6,1.7,1,0.2,14,2.4,94,99
3.7,3.6,89,6.7,5.4,3,1.2,2.7,5,4,90,87
3.68,4.3,100,7.2,7.7,4.1,0.6,3,4,2.8,99,98
3.12,3.2,85,6.3,7.5,4.4,2.7,5.5,13,2.9,80,89
3.4,2.9,84,5.3,7.5,3.1,2.2,3.4,12,1.8,94,86
4,6.5,100,5.1,5.2,3.1,4.2,3.8,11,6.2,100,100
3.1,1.3,73,5.2,6.5,3.7,2.2,6.9,6,5.7,100,75
4,4.6,100,7.8,5.2,3.5,1.7,0.7,7,5.9,100,100
3.42,2.6,84,4,3.8,0.9,1.9,2.2,17,3.9,100,93
4,3,98,6.2,2.1,0.9,0.6,0.7,17,1.6,100,100
3.78,3,97,6.1,3.4,0,3.1,6.2,13,3.2,100,90
2.69,2.3,77,6.7,6.8,3.9,1.3,6.3,15,4.3,89,95
3.35,4.4,88,4.8,5.4,2.2,0,6.1,6,3.3,95,100
3.79,5.6,100,7.5,7.9,4,0,4.1,14,6.2,100,100
3.77,4.2,100,5.5,6.7,3.4,1.3,3.8,9,5,100,81
4,3.7,97,8.4,2.8,1.3,0,2.1,18,3.3,100,99
3.07,2,86,6.3,4.9,2.6,0.2,4.5,14,0.9,86,96
3.4,4.3,98,6.9,5,2.1,2.5,0.4,4,3.3,92,97
4,6.7,100,7,4.5,1.9,2.6,0.4,6,7.5,100,100
3.4,2.9,96,7.3,7,4.2,2.3,2.2,12,4.5,92,96
2.95,2.9,82,7,11.5,6.6,2.5,6.8,7,4.9,100,86
3.46,2.7,78,6.5,7.6,4.5,2.3,2,18,1.2,86,86
3.45,2.8,100,7.4,6.3,2.8,2.5,2.2,3,5.7,100,94
2.8,0.5,64,7.6,5.3,4.7,2,3.6,12,4.6,73,77
3.73,4.1,96,6.1,9.3,5.4,2.3,4.8,4,2.2,100,98
3.55,2.2,77,7.5,7.1,0.7,3.6,5.5,10,3.2,91,88
3.04,1.1,86,8.4,9.2,4.6,1.2,0.8,6,3.1,84,77
4,4.6,100,7.8,6.5,4,4.5,2.8,12,6,93,94
3.09,1.9,80,8.1,10.3,4.6,1,3.4,7,7.1,95,84
3.55,3,79,7.2,7,4,0.9,3.6,9,3.5,92,86
4,5.7,100,5.9,5.9,2.5,1.9,4.7,17,6.1,100,100
2.4,1.4,71,6,8.5,5.8,1,4.6,10,2.1,76,75
2.92,1.2,94,7.4,5.9,3.3,0,3.1,1,3.5,85,74
3.98,3.9,95,8.1,2.4,2.1,0.3,5.3,11,2.3,89,100
4,5.2,99,10,7.5,3.6,0.7,4.9,19,5.1,100,85
2.77,1.1,78,8.2,6.9,4.3,1,4.8,14,1.7,76,86
3.79,4.1,99,5.6,5.7,2.9,0,1.9,17,4.9,100,100
3.9,4.4,90,6.1,6.7,3.4,0.6,4.4,9,4,100,88
2.75,0.5,85,9.7,5.4,2.9,0.7,5.4,15,3.1,78,83
4,4.7,100,6.7,5.1,1.8,0.5,2,10,4.4,100,100
4,4.8,100,7.1,6,1.6,1,3.3,14,3.3,100,100
3.34,3,96,5.8,4.2,0.7,2.6,6.1,18,8.4,99,96
4,5.4,100,8.9,7.9,5.1,2.7,3.8,7,1,100,100
4,5.2,100,7.6,5.4,2.5,1.8,2.8,3,5.1,100,92
3.59,3.7,85,6.1,3.2,0,2.9,5.9,10,6.4,100,80
2.95,2.8,79,5.8,5.4,3.4,1.6,2.1,14,4.4,87,85
3.41,2,100,7.4,6.6,3.4,3,0,20,2,100,78
3.82,3.4,98,7.1,3.8,0,2,1.4,12,7.1,100,99
3.95,4.4,95,8,4.7,1.6,0.6,5.3,15,0,100,97
4,3,100,7.7,4,1.5,0.7,4,9,3.9,100,97
3.21,0.5,73,6.7,4.4,1.7,2.2,3.1,9,2.8,95,92
3.86,5.4,100,6.3,8.4,4.6,2.5,5.1,14,9.3,100,94
3.95,3.8,97,6.8,4.3,2.6,0.2,3.3,20,2.4,100,89
3.74,2.9,100,6.3,4.2,2.2,4.2,2.6,12,0.9,100,99
4,4.8,88,6.8,5.6,4.5,2.7,4.7,13,2,100,100
4,5.8,100,7,6.5,3.5,1,2.2,9,5.5,100,100
3.32,0.5,81,5.9,4.2,0.2,0.2,4,9,8.3,76,97
4,4.2,100,7.8,6.5,1.9,0,1.4,18,2.5,100,100
2.93,1.4,70,6.6,8.2,3.3,3.3,0.9,5,2.8,89,89
3.97,4.2,97,6,3.6,1.4,2.6,1.3,8,3.3,100,100
3.56,3.7,88,6.6,9.1,5.8,1.5,2.9,11,5.8,100,95
4,4.5,100,7.3,5.5,3,2,1.7,13,2.8,100,95
3.67,2.8,100,7.1,6.7,1.7,0,1.8,12,4.7,100,100
3.25,0.7,75,7.5,5.7,1.1,0,2.7,16,2.8,80,91
3.72,2.8,100,8.1,7.4,4.2,2.1,2.9,27,3.3,93,97
4,4.1,100,8.6,4.1,1.8,1.8,0,7,2.8,100,100
4,5,100,7.3,2.3,3.4,1.7,0,13,4.8,100,100
3.68,1.7,79,5.7,2.4,1.1,3.5,3.8,9,2.9,92,91
3.64,5,98,6.7,3.7,2.9,2.4,3.3,17,7.6,100,100
3.23,2.5,90,5.8,3.1,1.8,0.9,0.3,21,1.5,95,96
3.98,4,100,9,7.6,2.3,0.9,3.9,12,5.1,100,100
3.79,2.7,91,9.4,3,1.6,2.3,3.9,17,5.3,88,93
3.72,3.8,100,7.8,6,4.3,2.2,2.4,7,3.9,97,100
3.85,4.8,100,8,4,2.1,3.9,6.9,18,0,98,93
3.56,1.7,85,7.3,8.7,2.6,0.6,5.5,21,3.7,88,100
3.55,2.5,95,7.4,5.6,2.7,0.3,2.2,11,2.6,100,100
3.38,3.8,93,5.1,9.4,5.2,1.7,2.2,15,3.5,100,92
4,7.1,100,6.9,7.3,4.1,1.6,0.1,6,3.6,100,98
3.06,2.2,85,5.9,4.6,4,3,5.4,9,6.9,100,96
4,6.6,100,7.3,5.2,0.4,1.7,3.5,15,5.7,100,100
4,6.5,100,6.9,5.3,1.8,2.1,4.6,24,3,100,97
3.84,3.4,94,9.3,7.5,4.6,0,0,3,4.1,100,98
3.88,3.1,93,8.1,6.1,1,3.1,4.6,13,5.2,97,100
3.58,2.5,87,7.3,5.5,2.9,1.5,2,18,6,93,95
3.59,3.4,95,6.7,4,1.2,0,4.2,21,5.5,100,100
3.73,1.4,91,9,4,1.4,2,4,11,7.1,100,100
2.6,3.4,75,7,9.6,5.3,0.6,3,18,0.1,85,84
4,5.7,100,7.4,7.9,3.9,0.3,1.6,16,2.4,100,100
3.56,2.6,84,7.1,7.6,4.3,1.9,3.8,21,2,88,87
3.29,3.1,100,6.5,5.7,4,0.2,1.3,11,6,89,100
3.46,0.9,59,7,5.2,2.6,2.2,5.1,12,1.4,79,92
3.7,4.1,100,4.6,3.5,1.8,1,1.6,9,2.7,100,100
3.24,3.9,97,5.1,6.6,2.2,1.4,3,11,3.7,100,93
3.41,3.6,100,7.4,3.6,2.5,2,1.5,10,8,99,97
3.23,3.2,86,8.9,10.4,5.5,0,3.3,8,4.4,100,85
4,3.1,97,7.4,5.3,0.8,1.6,0.9,21,5.7,100,90
3.94,4.3,99,6.1,3.9,2,3.4,1.4,12,1.4,100,91
4,3.5,100,5.3,3.9,1.4,2.1,7.6,10,7.6,100,100
4,4,93,7.9,6.5,4.4,2.4,4.7,10,1.5,90,97
3.78,3.8,82,6.3,9.1,5.6,2.2,3.7,4,2.4,100,76
4,5.2,100,7.8,8,3.3,0,4,15,2.8,100,100
4,4.5,100,7.5,7.8,3.4,2,3.6,8,5.4,100,86
3.62,3.8,100,7.6,5.4,2.9,1.5,2.8,9,5,100,93
4,5.8,100,7,8,3.5,0.9,4.5,18,3.7,100,88
3.33,4.1,96,7.5,8.4,4,3.9,1.3,9,3.2,100,92
4,5.5,100,6.9,6.2,3.4,0,6.2,14,3.6,100,94
3.6,4.4,97,6.2,6.5,3.5,5.8,3.2,9,6,100,96
2.73,0.7,62,5.8,8.9,4,2.7,4.6,9,5.4,89,76
3.68,5.5,95,4.1,4.4,0.1,2.6,6.1,9,3.6,100,100
3.65,3.7,87,6.8,7.3,2.8,0,4,11,6.7,100,100
3.42,3.4,76,8.8,9.4,3.3,1.1,1.4,5,1.7,100,88
3.54,3.9,93,7.9,7.1,3.4,0,5.4,16,4.5,96,98
3.56,3,87,7.3,5.9,2.5,0.6,6.4,26,4.1,100,98
3.32,3.8,98,6.1,7.6,3,1,0,15,4.2,100,97
3.44,2.6,92,8.2,7.1,1.7,1.9,2.8,7,7.3,100,88
4,5.4,100,6.9,2.4,0.1,1,3.6,15,6.7,100,97
4,3.3,100,8.9,7.1,4.3,1.2,2.5,4,0.4,100,100
3.46,2.9,86,5.8,2.9,1.1,1.6,0.5,8,7.1,100,85
3.05,2.1,73,6.1,6,2.6,0.1,1.2,10,0.4,97,74
3.34,3.9,76,6,5.8,1.7,1,0,17,5.9,90,95
3.23,3.8,87,5.2,7.1,5.2,0.3,4.9,15,4.6,100,78
3.86,4.1,95,5.9,7.1,2.7,0.7,5.7,5,3.6,92,93
3.68,2,94,7.1,4.8,2.3,1.1,5.7,16,4.5,100,93
2.96,1.1,65,6.1,6.3,3.9,1.8,2.9,9,5.8,96,80
3.92,4.4,92,3.5,10.4,6,1.2,3.5,15,0.9,100,100
4,5.7,90,8.3,5.6,3.4,1,5.1,8,5.8,100,96
3.09,2,69,5,3.5,2.2,0,2.5,11,4.9,85,85
4,5.9,100,7.7,7.7,3.8,0,1.1,8,2,100,100
3.94,3.9,100,7,3.2,0.4,1.4,1.9,11,5.5,100,99
3.96,3.5,84,9.5,7.3,2.9,1,3.4,6,2.2,98,100
3.58,2.9,79,8.2,9.8,5.8,2,1.6,8,3.6,86,95
3.44,1.4,77,6.4,3.9,3,0,3.9,9,2.6,92,99
3.83,5,100,6.2,7.6,3,2.4,0.3,7,4.6,100,100
3.76,2.3,92,8.8,8.1,2.8,0.5,2.5,10,5.8,96,97
3.28,2.3,89,5.2,6.4,2.2,1,3.8,12,2.3,86,77
4,5,93,7.2,7.6,3.3,1.8,3.3,19,1.8,100,91
2.35,0.7,74,6.8,6.7,4,0.6,1.5,6,4.1,72,85
3.4,1.2,71,6.6,4.7,2.3,0,4.5,7,4.3,98,84
4,3.5,100,7.4,3.3,0,1.1,3.5,12,2.9,100,100
3.55,3.9,91,7.2,7.6,3.5,0,0,4,1.4,100,95
4,4.2,100,7.5,10.1,6,0,3.9,13,5.1,100,98
3.81,3,96,7.2,4.7,2.2,2.3,2.2,12,2.9,99,100
4,7.3,100,7.5,3,0.6,1.5,2,15,3.3,100,84
3.35,3.2,76,7.1,5,3.8,1.8,1.3,23,7.9,100,97
3.17,3.2,94,6.2,9.2,5.4,2.2,1,12,2.6,99,92
3.41,2.3,77,7,6.1,3.6,1.9,3.4,9,6.4,100,86
3.22,3.7,82,6.1,8,5.4,0.6,4.1,17,6.4,100,95
4,4.4,100,6.1,9.1,4,1.2,3.3,12,3.9,100,92
3.91,5.3,94,6.6,7.6,3.9,0.5,4.9,11,4.5,100,100
3.25,1.3,80,6.9,5.4,2,1.9,4.2,21,4.6,73,83
3.38,3.1,89,7,7.2,3.2,0,0,16,4.6,88,88
4,4.2,99,8.1,7.5,2.8,0.4,1.2,7,3.2,100,100
4,4.4,100,6.4,3.8,2.7,1.6,5.4,7,7,100,99
3.36,3.5,98,7.2,4.7,2.4,1.2,0.5,5,2.6,95,99
3.99,4.3,100,7.1,5.8,3.1,0.1,0,6,9.5,100,100
3.06,2.3,85,6.3,2.7,0.9,0,6.7,18,1.7,85,86
4,5.8,100,7.1,6.7,4,1,3.6,9,4.3,100,100
4,5,100,8.2,2.6,1.5,1.4,1.6,3,2.6,100,100
2.93,1.5,76,7.2,6.5,2.4,2.2,1.3,14,6.4,68,82
3.42,1.9,82,7.3,5.7,3.3,1,4.3,13,0,92,94
3.22,1.9,86,6.2,4.6,1.4,2.7,4,10,3.6,82,88
4,4.5,100,9.4,3.1,0,2.5,3.7,9,7.9,100,99
3.08,1.6,73,6.2,5.9,2.2,1.2,2.6,12,1.5,91,89
3.29,3,87,5,1,0.7,2.3,0.4,12,5,91,85
3.64,4.2,100,8,7.4,3.9,2.6,2.9,14,4.1,100,86
4,3.4,98,6.9,3.8,1.1,0.8,5.1,3,3.5,100,100
3.79,3.9,80,6.6,8.5,5,0.8,1.9,7,3.6,100,81
3.38,1.9,96,6.3,4.4,2.8,1.8,4.2,10,2.2,100,98
4,4.4,100,9.2,6.4,2.9,1,2.2,5,4,100,100
3.85,2.6,90,7.4,4.6,0,4,4.6,14,3.3,99,100
3.51,3,89,7.7,6.2,3,2.4,1,15,6.3,96,100
3.44,3.9,94,7.2,4.8,2.7,1.9,3,9,2.8,100,88
4,3.7,96,7.3,3.1,0.9,0.8,3.9,15,1.7,100,87
4,3.5,100,8.7,6.6,2.9,3.7,1.6,13,7.4,100,100
3.4,2.4,100,6.7,5.9,2.2,0.9,3.7,13,2.6,100,100
3.2,3.1,83,5.3,5.9,2.5,2,2.9,1,7.5,88,87
3.82,3.5,91,8,5.8,2.8,2.9,2.9,11,4.2,100,100
3.27,1.4,80,7.6,5.3,2.1,2.1,1.6,9,7,96,100
3.65,2.8,76,7.1,6.1,3.2,0.6,5,11,4.7,92,74
4,4.1,100,7.6,5.2,2.7,1.8,1.1,10,0,100,100
3.28,1.6,79,6.6,7.4,3.5,1.2,3.6,6,0.5,92,98
3.72,5.2,100,7,5.4,2,0.7,1.3,10,3.1,100,100
4,5.4,94,6.8,5.7,1.2,3.2,2.9,10,3,100,91
3.32,1.6,62,6.3,6,1.7,1.9,4.3,17,3.4,94,78
4,5.5,100,8.4,8.3,5,2.5,2.4,11,1.4,100,95
3.67,3.3,91,5.3,7.9,4.2,0.9,0,9,1.2,100,99
3.6,4.1,85,9.8,6.5,4.6,1,0.3,6,0,88,92
3.6,2.8,94,8.1,7.6,4.7,1.4,0,26,5,96,100
3.62,4.9,97,4.9,5.5,2.1,2,3.1,17,3.5,100,100
4,4.1,89,6.7,4.3,3.2,3.4,3,13,4.8,100,100
3.3,2.3,85,6.8,6.4,2.9,1.4,2.3,5,1.4,100,90
2.99,1.8,70,7.5,5.6,3.8,0,1.7,4,7.8,98,87
2.9,1.3,56,5.8,4.4,2.4,2.3,3.4,20,2.2,74,81
3.63,3.8,100,7,5.3,2.9,0.9,0.1,20,4.1,100,95
3.6,4.4,98,6.9,5.9,2.9,1.3,4.9,13,3.9,100,92
4,4.5,91,6.1,5,3.6,3.6,3.2,8,2.2,100,100
3.67,3.3,83,5.9,7.8,3.8,0.7,1.1,9,6.5,100,100
3.39,1.8,77,8.1,6.1,2.9,0.8,2.2,8,6.2,96,85
3.05,2.5,79,5,8.3,3,0.6,2.7,22,2,90,82
4,5.2,100,7.6,6.5,3.1,0.3,0.2,11,6.9,100,100
3.05,2.8,91,8,9,5.3,0.7,4.3,16,3.8,82,97
3.56,3.7,93,6.7,2.2,0.2,1.8,4.9,17,3.7,90,82
3.04,1.9,76,7.1,2.9,1.3,0,3.2,6,2.4,100,91
3.84,4,93,8.4,7.5,3.8,0.5,4.9,12,4.6,100,94
3.7,2.8,100,6.2,4.9,3.2,1.1,8.3,11,3.6,99,100
3.91,5.1,100,6.3,7,3.2,2.8,0,18,2.6,100,90
3.76,4.7,100,6.4,8.8,3.8,4.1,3.1,15,0.6,100,100
3.56,2.8,88,8.4,7.2,3.1,0.2,0.3,12,3.1,99,100
4,3.3,100,8.6,5.7,2,2.3,6.1,13,3.6,100,100
3.41,2.7,89,5.3,7,3.7,2.2,3.5,9,8.5,100,86
3.14,1.4,72,8.2,5.3,2.8,1.4,1.6,7,6.4,93,90
3.16,2.2,88,8,5,2.1,3.8,2.5,8,3.4,92,90
3.83,3.8,94,8.9,6.1,3.8,1.3,5.7,14,3.9,100,95
3.84,4,99,7.5,5.2,3.8,2.4,3.9,17,2,100,99
3.38,3.7,100,6.9,6.1,3.1,3,4.2,15,4.8,90,100
3.29,3,77,8.4,9.7,5.4,1.3,6,4,2.9,83,86
4,4.9,100,7.8,6.3,4.8,0.1,4.9,14,3.8,100,88
3.75,3.6,90,9.7,9,4.3,0,5.2,15,2.9,100,94
3.96,4.6,100,8.2,11.1,6.6,2.1,2.7,21,2.2,100,95
3.34,0.8,83,7.2,6.1,2.6,1.5,0,5,3,80,82
3.18,0.5,55,5.6,5.6,2.1,1,3.2,17,5,93,71
3.45,3.9,83,6.3,6.9,4.1,1.6,1.7,20,6.8,99,100
2.73,1.4,65,5.3,5.5,2.4,2.9,4.6,7,0,83,80
3.3,3.2,90,6.7,5.2,2.8,2.5,0,15,8.4,100,85
3.94,3,97,8.1,4.3,1.3,1.1,4.7,4,1.4,100,94
3.74,5.9,100,7,6.9,3.7,1.3,3.4,12,2.2,100,100
4,4.1,100,8.2,5.9,0.6,2.9,3.7,7,7,100,100
3.55,3.7,93,7.4,6.4,2.7,0.7,4.2,15,1.1,100,90
4,4.8,100,6.5,5.5,2.8,1.3,2.9,12,2.3,100,96
3.58,4.1,100,7.1,5,2.1,2.6,2.3,10,1.4,100,100
3.98,2.8,82,7.6,2.3,0.2,2.7,5.3,15,1.9,100,100
4,5.1,95,7.2,2.5,0.2,1.4,4.2,8,5.5,100,90
3.29,1.8,79,7.2,5.8,1.7,4.1,4.4,12,3.4,100,82
3.69,4,87,6.1,6,3.6,1.7,2.8,15,2.4,100,100
2.88,1.2,69,6.5,5.5,3.2,0,3.2,10,4.6,76,89
4,3.8,100,9.7,5.1,2.8,2.9,3,13,6.2,100,100
3.61,3.8,91,8.5,3.6,1.5,0.8,0,11,4.7,100,95
4,6,100,5.2,7.7,3.3,2.4,0.2,19,3.9,100,95
2.96,1.2,74,4.2,3.3,0.1,1.8,2.8,19,9.3,93,95
3.35,2.6,90,7.1,2.7,0,5,0,12,5.8,100,92
4,4.7,100,8.1,5.4,2.4,1,2.8,11,7.1,100,100
4,4,96,6.4,5.3,2,1.5,1.2,7,2.7,100,100
3.58,3.8,88,8.2,6.4,4.3,1.4,2.8,23,5.5,100,98
3.51,2.1,81,7.1,4.3,3,1.2,3.3,16,6,99,91
3.15,2.6,81,6.8,9.9,5.3,0,0,17,4,79,86
4,5.4,100,7.9,6.2,2,0,3.7,19,6.2,100,99
3.27,3.4,78,6.4,7,3.5,1.1,2.1,12,6.4,100,98
4,4.1,97,6.7,6.5,2.4,1.5,0,11,4.9,100,97
3.51,3.3,90,7.8,10.2,4.9,0.9,2.1,19,4.2,100,92
3.09,1.7,82,7,4.9,2.5,1,3.8,9,1.4,90,91
4,4.9,100,9.3,5.8,4.1,2.4,2.2,11,2.6,100,100
4,4.3,93,7.8,5,1.2,0.9,2.1,14,2,100,100
4,7,100,7.8,3.4,2.2,0,3.3,7,0.3,100,100
3.55,2,83,6.9,5.7,2.7,2.3,2,16,2.3,90,90
4,4.7,100,8,7.3,4.7,2.9,2.5,15,4.3,100,100
3.31,1.5,82,6.6,3.8,0,2.2,0.3,9,7.4,83,88
3.75,3.7,92,7.3,4.7,2.3,1,2,18,4,98,89
3.88,5,100,5.9,6.7,2.3,1.3,6.8,6,3.1,100,100
3.05,0.5,70,8.2,2.1,0,1,3.4,10,4.4,81,88
3.4,3.2,82,7.3,5.9,2.1,2.1,3.5,19,5.3,97,85
4,2.7,87,9.4,2.7,0.5,3,1.7,11,5.6,100,99
3.88,2.4,99,9.9,3.7,0,2,2.2,5,6.2,100,100
4,4.1,94,7.9,4.2,2.4,1.5,2.5,13,3.7,100,100
4,5.2,100,7.1,5.4,2.4,1.6,4.7,11,4.5,100,99
3.56,3.3,100,5.9,7,2.4,2,5.4,15,4.4,97,100
4,3.8,87,8.1,6.3,3.2,3.9,2.1,17,3.2,100,100
4,3.7,84,7.3,5.9,1.5,2.5,3,12,4.1,100,99
3.71,3.5,95,7.6,8.5,5.5,0.2,2.5,1,2,89,100
3.58,1.9,79,9.1,5.2,2.8,0.2,4.5,15,7.1,100,90
3.98,5.2,90,6,7.9,4.7,3.8,3.9,7,3.5,100,95
3.83,3.9,98,5.9,4,0.3,2.4,2.8,15,2.1,94,96
4,4.1,98,6.7,2.2,1.5,0.2,5,16,0.3,100,92
3.25,2.3,78,8,7.4,3.8,0.4,4,17,4.3,77,78
3.7,2.8,94,7.7,4.4,2.5,1.5,1.5,16,3.5,93,100
3.34,3.2,86,5.9,2.8,1.2,3,3,10,5.1,86,95
3.6,1.2,78,7.9,3.6,0,0.3,2.6,11,5.6,92,94
2.43,1,55,5.6,8.5,3.9,2,1,14,5.6,94,67
2.87,2.6,63,6,7.1,3.8,3.3,2.5,16,8.1,70,97
4,4.3,99,6.9,4.6,3.2,0.5,5.3,7,5.3,97,91
3.29,2.5,75,6.3,4.3,2.1,1.1,5.2,17,5.7,85,84
3.43,2,87,8.1,3.6,1.1,4.7,4.8,3,5.1,100,88
3.35,2.3,100,7.3,5.9,2.7,1.4,4.6,2,6.1,100,90
3.71,2.8,100,9.1,3.7,0.8,1.4,3.4,4,5.1,100,100
3.79,3,91,6.7,5.3,1.7,1.6,1.8,15,3.4,88,95
4,6.7,100,6.9,8.9,4.7,1.4,4.1,15,5.3,100,93
4,5.1,100,8.5,3.4,0,2.5,0,13,8.3,100,100
4,5,86,6.9,7.9,3.8,1.8,1.7,9,4.5,100,92
4,5.3,100,8.8,7.7,5,0.8,5.2,14,1.8,100,96
3.27,2,93,7.6,11,4,0.8,2,9,2.2,91,82
3.22,1.7,76,4.2,7.1,3.4,1.9,4.3,10,3.1,88,93
3.38,1.8,95,8.4,5.9,2.1,0,2.3,8,3,98,85
4,5.5,100,8.1,6.9,1.8,2.6,4.1,15,2,100,91
4,2.7,85,8.1,3.1,0,4.4,0,9,5.1,100,100
3.27,1.6,90,4.7,5.1,2.9,1.8,5.5,14,3.8,89,100
3.65,2.9,89,6.2,6.8,2.2,0,0.8,12,3.1,92,97
3.42,3.1,97,6.3,6.4,1.8,1.3,0.3,20,3.6,89,86
4,3.9,100,6,6,2.8,0.9,5.4,12,6.5,100,100
4,3.9,100,9.1,8,2.9,1.6,3,18,4.6,100,95
3.19,2.3,89,7,4.7,1.8,1.5,2.4,16,5.2,91,87
3.83,4.5,98,7,9.3,5.2,3.1,6.1,6,6.5,97,100
3.43,2.5,89,7.7,8.7,3.9,0.9,4.5,9,5.4,100,100
3.33,3.3,85,7.7,7.2,4.1,1.4,2.1,11,4.5,93,99
3.31,4.5,100,3.5,6.1,2.6,0.3,2.7,15,3.4,100,100
3.64,2.5,78,6.2,7.8,3.6,1.9,5.1,16,4.9,98,90
3.73,2.6,95,5.3,4.1,1.5,2.6,1.1,15,4.1,100,98
3.57,4.4,100,7.5,5.8,3.8,3.3,5.9,8,3.9,89,100
3.36,2.2,66,6.7,7.1,2.5,2,2.1,12,4.7,100,87
3.75,2.9,98,7,4.7,1.3,1.8,1.3,10,3.7,100,86
3.35,4.3,95,4.5,5.2,2.8,0.5,5.2,14,4.9,93,80
4,6.6,100,6.6,5.5,2.4,0,4.5,4,4.4,100,94
3.96,4.4,100,8.3,9.9,6.3,0.8,0,12,6.6,100,100
3.73,4.2,100,8.7,4.6,3.5,1.2,2.8,3,2.6,100,91
3.73,4.3,98,7.9,9.1,5.2,1.3,0.8,7,0.8,100,100
2.43,1.9,65,5.4,8,4.5,0,4.6,20,2.1,71,88
3.9,3.7,96,8.5,7.9,2.9,1.1,6.4,20,4.1,100,88
3.89,3.5,100,7.9,4.8,2.1,0,4.1,9,6.3,96,100
4,4,100,6.9,4.9,0.2,0,1.5,14,3.2,100,100
3.82,3.7,100,4.6,4.4,1.5,2.9,4.8,14,5.2,100,92
3.84,4.1,97,8.1,7,3.8,3.2,2.9,19,4.1,100,100
3.44,3,88,6.3,5.6,2.3,1.3,2.9,13,2.4,97,88
4,3.6,98,7.4,8.9,3.4,1.8,2,7,4.6,100,100
3.27,1.7,63,7.1,1.5,0,2,3.2,8,4.6,86,81
3.56,3,95,8.8,7.1,3.5,2,2.9,14,3.4,97,91
4,5.6,86,6.8,7.5,4.4,0.3,0,3,1.8,100,100
4,4,100,7,3.1,0.1,1.7,3.1,3,1.9,100,100
3.87,3.5,89,8.9,7.1,3.4,1.8,2.7,16,3.8,96,89
4,6.3,98,6.2,9.1,4.8,1.8,3.7,25,2,100,99
2.87,1.5,88,8,8.9,5.3,0.5,0,9,3.9,85,90
3.41,1.8,91,6.8,6.5,2,0,4,11,2.9,89,92
3.97,6.1,100,5.8,6.7,4,1.2,3.1,12,2.2,100,100
4,3.6,100,7,7.8,4.9,0,4,13,4.3,100,95
3.91,3.1,98,7.8,5.2,3.4,0.5,0,8,2.5,100,100
3.31,1.7,78,8.6,10.1,4.7,2.1,0.5,11,6.6,95,100
3.92,4.2,86,8.8,5.5,2.7,2.9,0,16,2.2,100,96
4,4.3,96,6.6,6,3.4,2.6,3.3,9,3.1,100,93
3.1,1.9,76,5.8,5.6,1.9,0.6,2.3,12,1.9,79,89
3.76,3.3,87,6.6,6.9,2.6,1,2.7,17,2.3,100,87
3.67,3,89,5.6,5.7,3.5,0.9,0.2,12,5.4,100,87
4,3.9,92,6.7,6.2,1.8,1.8,0.6,4,2.5,100,86
3.35,1.8,91,6.6,5.1,2.5,0.4,0,1,2.1,100,74
3.8,5.4,100,7.9,8.6,3.9,1.6,0.3,6,1.3,100,100
3.64,4.9,83,4.4,8.3,5.9,1.4,1.7,18,6.3,100,94
3.41,3,98,6.1,3.9,0,2.3,1.8,11,4.5,94,92
3.14,3.2,83,6.1,8.9,5.8,0,2.9,14,2.4,93,89
3.87,3.3,100,8.4,4,2.4,0.3,4.5,18,2.6,98,86
3.03,2.3,80,5.7,5.5,4.2,1.9,1.6,6,3.9,87,93
3.53,2.8,74,7.3,6.6,4.5,1.7,4,25,4,88,94
3.01,3.1,88,6.8,9.3,5.1,0,4.6,11,5.6,90,95
4,5.9,100,8.3,2.4,1.7,0,5.3,15,4.9,100,96
4,4.9,100,7.7,5.9,2.5,2.2,4,8,0.1,100,95
4,4.9,98,7.1,6,2.7,1.7,3.1,7,5.5,100,100
4,4.1,95,6.3,3.3,2.3,1.2,0.8,12,4.8,94,100
2.78,1.8,73,4.8,6.8,4.8,2.2,3.5,9,5.9,86,87
3.69,3.4,99,7.3,4.7,2.7,0.4,2.2,12,7.7,100,95
4,5,100,7.6,3.5,0.4,2,5.8,1,0.2,100,94
2.46,1.6,55,5.1,6.7,1.9,2.9,3.2,5,6.5,81,74
4,4.5,94,5.5,4.7,0.4,2,2.7,9,1.5,100,94
4,7,100,7.3,5.1,2.5,0,5.8,6,4.4,100,94
4,5.1,100,7.4,5.8,3.8,2.7,2,27,6.1,100,100
4,5.6,100,5.8,2.9,1.8,0.1,3,13,1.9,100,100
3.9,3.8,100,6.3,4.7,2.2,1,7,13,4.3,100,93
4,5,100,4.8,4.3,2.4,2,3.5,7,4.9,100,100
3.68,2.4,90,8.7,6,3,2.5,5.3,9,2.7,100,100
3.94,4.7,95,5.4,6.6,3.6,1.4,6,9,5.3,100,99
4,4.5,100,7.7,6.4,4,4.2,1.9,18,6.4,100,87
2.99,3.9,100,7,8.7,6.2,0,4.8,5,3.6,100,77
4,5.5,100,8.5,5.2,3,4.1,2.3,10,4.6,100,98
3.71,2.7,85,6,6.3,3.9,0,7.1,14,4.7,97,100
3.94,3.2,86,7.1,5.1,0.4,1.4,5.9,1,3.6,91,94
3.48,3.6,100,5,5.8,2.2,0,4.5,4,1.9,100,98
3.23,2,80,4.7,6,2.4,1.9,5.1,5,2.4,100,86
4,3.8,99,7.7,5.5,1.3,0,1.6,11,6,100,100
2.43,0.9,63,4.9,6.1,2,2.1,6.4,10,2.7,83,76
4,5.1,100,6.7,7.3,2.6,0.7,1.2,17,3.7,100,99
4,3.6,97,8.2,5.7,2,0,3.8,1,6.2,100,100
3.33,2.7,73,7.9,9.9,6.7,3.5,1.6,10,3.2,100,93
3.28,2.2,82,6.2,5.9,3.6,2.4,4.7,18,2.8,94,94
3.48,3.1,73,5.1,7.8,5.8,2.2,6.5,4,2.7,100,87
3.98,4.5,100,7.6,9.1,5,3.9,3.9,11,1.5,100,100
4,4.3,96,8.6,4.7,1.8,0.9,3.6,16,5.1,100,99
3.24,2.4,85,6.2,4.3,2.9,3.1,2.8,19,1.3,90,93
3.18,2.2,82,6,2.6,2.1,0.2,3.2,6,4.5,84,85
4,4.5,100,6.4,8.2,2.6,1.5,2.3,14,5.4,100,94
3.77,2.4,91,7.7,3.1,1.3,0,6.3,12,4.1,100,100
4,3.6,99,8.5,4.3,2.1,3.9,4.6,7,3.5,100,100
3.8,3.7,84,5.5,7.8,3.3,1.2,2.3,6,1.8,100,90
3.72,4,96,5.2,4.8,3.3,0.5,3.1,6,5.9,100,92
4,4.8,100,9.8,6.8,3.2,4,8.8,30,6.4,100,96
3.39,1.6,84,6.8,7.9,2.7,2.3,3.5,18,5,85,85
2.32,0.6,70,7.3,9.6,4.1,0.5,5.9,12,5.3,79,71
3.01,2.6,84,6.2,4.9,2.4,0.8,1.8,8,3.4,87,87
4,6.2,100,7.6,7.9,4.9,1.8,3.9,15,4.8,98,100
4,6.5,100,8.2,2.5,0,4.7,1.8,6,3.2,100,87
4,6.2,100,7.4,6.8,3.8,0.4,1.9,14,2.5,100,95
3.93,3.2,100,9.1,8.1,3.5,2.4,4.6,16,2.4,97,94
3.13,0.8,65,6.6,3.1,1.8,1.1,1.2,11,4.7,90,82
2.55,0.5,62,6.7,6.1,2.3,2.7,0.6,9,0,75,74
3.56,2.6,85,7.3,6.3,3.5,1.1,4.4,9,2,98,94
3.33,3.2,83,7.6,8.8,4.2,1.3,2,17,5.8,95,86
4,5.5,100,7.3,4.8,0.2,0,2.4,12,6,100,100
3.6,4.8,94,5.5,6.2,3.7,1.3,0,20,4.2,100,97
3.75,3.8,92,7.4,5,2.1,4.9,0.5,3,0.2,100,98
2.85,2.2,73,6.6,8.6,4.5,0,3.4,6,1.4,83,85
3.37,2.1,80,6.3,4.2,0,1.2,2.5,12,2.8,96,74
3.52,3.9,85,7,6.5,6.5,1.5,4.8,14,4.4,100,92
4,4.5,88,5.8,5.6,1.5,2.8,1.2,12,0.2,100,87
3.26,4.1,95,5.6,9.9,4.9,1.6,2.7,19,5.4,100,86
2.53,1.9,69,3.9,6,2.7,3.2,3.1,7,4.5,84,80
4,4.5,100,9.1,5.7,1.6,0.4,2.6,12,1.7,100,100
3.94,4.1,92,7.7,7.7,3.2,1.5,4.2,17,0.8,100,97
3.16,1.9,87,6.9,7.6,4.3,1.4,0.8,21,6.3,90,83
3.46,2.3,88,6.2,4.5,0.5,0.7,4,11,4.7,97,93
3.79,4.5,82,3.5,6.9,3.9,1.5,5.3,25,2.6,95,100
3.68,3.1,100,6.1,5.7,2.8,0.5,1.4,12,3.6,99,100
4,5.9,100,7.9,5.9,3.7,2.5,3.8,20,4.8,100,100
4,4.3,96,8.1,6,2.8,0,3.7,10,3.4,100,97
3.97,2.8,87,7.8,7.2,1.9,0,4.2,11,4.4,100,91
4,3.5,100,7.2,3,1.1,0.2,3,18,5.3,94,100
3.42,3.6,83,8.6,7.5,3.8,1.6,5.8,16,1.9,100,100
3.99,2.4,83,6.6,7.2,3.8,2.1,7.2,12,4.1,91,91
2.96,2.1,70,8.3,8.6,3.8,0.6,4.3,7,6.4,82,80
4,4.6,98,6.5,8.4,3.4,2.2,3.6,25,4.6,100,100
3.21,4.8,100,5.9,6.1,4.2,0,3,11,2.5,93,84
3.46,4.4,88,5.8,7.2,4.9,1,0.4,12,5.2,100,91
4,5.8,100,5.7,2.4,0,0.8,0.1,2,1.5,100,100
3.98,2.7,81,7.8,2.4,0,1.9,0.7,9,5.7,100,97
4,6,98,6.1,7.9,5.4,2.8,3.5,16,2,100,87
3.43,2.1,75,5.8,4.2,0.8,5,2.6,11,5.3,96,80
4,2,100,7.9,3.2,1.2,1.4,6.1,25,6.2,100,89
3.35,0.9,73,7.4,4.5,2.4,0,0,13,4.2,100,93
4,2.8,90,8.2,2.4,0.3,1.6,3.1,9,1.9,100,93
3.39,2.7,88,7.6,5.8,2.2,1.2,3.9,21,4.1,100,100
4,4.3,100,6.1,4.3,1.4,2,4.8,24,4.3,98,97
3.57,3.9,94,7.1,5.1,2.4,2.1,3.3,19,4.5,93,96
3.23,1.7,70,7.2,5.2,3.2,0.7,3.7,13,6.2,94,78
3.33,2.9,98,5.9,3.4,2.3,0,3.4,11,5.3,100,93
3.54,2.9,96,5.7,7.2,2.2,2.3,3.9,4,0.8,100,97
2.79,0.8,74,6.2,5.9,3.2,3,3,14,3.7,78,81
3.55,2,86,9.4,10.7,4.4,2.3,7.2,14,6.5,100,100
3.03,2.3,80,6.5,9.1,5.2,2.2,4.2,6,8.8,99,82
4,5.7,100,8.5,7.7,2.5,1.6,3.4,12,6.4,100,96
3.38,3.8,84,6.4,9.7,5.5,2.7,1.5,18,4.2,91,90
4,4.5,100,8.1,7.3,4.1,0,2.3,11,4.1,100,100
3.82,1.3,88,8.1,3.3,1,2,6,14,5.3,100,92
4,5.3,100,8.1,2.7,0.9,0.4,0,2,2.3,100,100
4,5.5,100,7.5,6.2,1.9,0,3.1,21,6.3,100,100
2.9,0.5,75,8.7,8.3,5,3,3,9,5.1,85,95
3.04,2.4,91,7.5,5.7,2,0.5,4,11,0,100,81
4,4.2,100,9.1,4,0,2,3.5,13,2.6,97,97
3.19,4.5,85,5.1,5.9,2.5,2.5,6,11,4.8,100,97
